spline_tol,cusum_h,drift_k,mean_fitness,std_fitness,penalized_fitness,universes_survived
0.002,4.0,1.1000000000000003,0.25612425473708933,0.039739215800327944,0.2163850389367614,5
0.003,4.0,1.1000000000000003,0.25612261359350863,0.039741290603593896,0.21638132298991475,5
0.004,4.0,1.1000000000000003,0.2561201806913598,0.039742907205661177,0.2163772734856986,5
0.001,4.0,1.1000000000000003,0.25611375312323453,0.039736768617621016,0.21637698450561352,5
0.005,4.0,1.1000000000000003,0.24861837605742845,0.0399696208112741,0.20864875524615434,6
0.003,22.0,0.1,0.27388260678620424,0.07306002933336675,0.2008225774528375,8
0.004,22.0,0.1,0.27383906958596854,0.07304561554040119,0.20079345404556737,8
0.005,22.0,0.1,0.2737866931033343,0.07302039138008964,0.20076630172324467,8
0.002,7.0,0.5000000000000001,0.21223632372070025,0.016492959342985603,0.19574336437771464,3
0.003,7.0,0.5000000000000001,0.21223623989285198,0.016496061975664875,0.19574017791718712,3
0.004,7.0,0.5000000000000001,0.21223407832751648,0.016495125205349643,0.19573895312216683,3
0.006,7.0,0.5000000000000001,0.2122321222711593,0.01649577000997978,0.19573635226117952,3
0.001,7.0,0.5000000000000001,0.2095168429648589,0.015041419165761193,0.1944754237990977,4
0.002,22.0,0.1,0.26735168622018435,0.07588704950953355,0.19146463671065078,7
0.006,22.0,0.1,0.26721808772208633,0.07582571720292623,0.19139237051916008,7
0.001,4.0,0.9000000000000001,0.20614587167890938,0.016910962320156146,0.18923490935875323,4
0.003,10.0,0.30000000000000004,0.21525019897361425,0.026226758882749678,0.18902344009086458,4
0.006,10.0,0.30000000000000004,0.2152484345335772,0.026225593331298865,0.18902284120227833,4
0.002,10.0,0.30000000000000004,0.21525056747417298,0.026227859252896033,0.18902270822127695,4
0.004,10.0,0.30000000000000004,0.21524940493762598,0.0262276799655024,0.18902172497212358,4
0.001,10.0,0.30000000000000004,0.21522389403081776,0.026234064668772854,0.18898982936204492,4
0.002,16.0,0.1,0.22194836391455727,0.03472144669433155,0.18722691722022572,5
0.003,16.0,0.1,0.22194367446061208,0.03472580987873558,0.1872178645818765,5
0.001,16.0,0.1,0.22192630028116483,0.03472290426634231,0.18720339601482253,5
0.002,7.0,0.7000000000000001,0.2686841908374396,0.08338516840967451,0.18529902242776508,6
0.003,7.0,0.7000000000000001,0.2686791118957636,0.0833840887146931,0.1852950231810705,6
0.001,7.0,0.7000000000000001,0.2686754204100545,0.08340734368149158,0.1852680767285629,6
0.003,4.0,0.9000000000000001,0.2042749423833169,0.019165412764062088,0.1851095296192548,3
0.002,4.0,0.9000000000000001,0.20427504815848244,0.019166942528835336,0.1851081056296471,3
0.004,4.0,0.9000000000000001,0.20427278086735057,0.019166651348459133,0.18510612951889144,3
0.004,7.0,0.7000000000000001,0.2625477192643285,0.07864397239877507,0.18390374686555344,7
0.005,7.0,0.7000000000000001,0.2625094577175335,0.07865976173970642,0.18384969597782708,7
0.006,7.0,0.7000000000000001,0.26239200161309967,0.07871703028197352,0.18367497133112615,7
0.004,16.0,0.1,0.21393743322633582,0.03640574947897924,0.1775316837473566,6
0.005,16.0,0.1,0.21391803568901013,0.03642373568071387,0.17749430000829625,6
0.005,10.0,0.30000000000000004,0.20656040389670963,0.029190839226430614,0.177369564670279,5
0.006,16.0,0.1,0.21382516387655068,0.03652706148207574,0.17729810239447494,6
0.002,10.0,0.5000000000000001,0.2751371005605741,0.10347860442115929,0.1716584961394148,7
0.003,10.0,0.5000000000000001,0.27513167956176054,0.10347752584324134,0.17165415371851922,7
0.001,10.0,0.5000000000000001,0.2751277406934395,0.10349767896100484,0.17163006173243464,7
0.005,7.0,0.5000000000000001,0.19829438828953297,0.02804770019024372,0.17024668809928925,4
0.005,4.0,0.9000000000000001,0.1937213514319141,0.024685044744869003,0.1690363066870451,4
0.002,19.0,0.1,0.22941243884931986,0.06183062038831764,0.16758181846100223,8
0.003,19.0,0.1,0.22941054041324765,0.061829438256984684,0.16758110215626298,8
0.004,19.0,0.1,0.22937161759952887,0.0618226191828936,0.1675489984166353,8
0.001,19.0,0.1,0.22939556597202587,0.06184763739684918,0.1675479285751767,8
0.005,19.0,0.1,0.22932690514628515,0.061806844897791806,0.16752006024849334,8
0.006,19.0,0.1,0.22931538141789382,0.061806307794811645,0.16750907362308218,8
0.006,4.0,1.1000000000000003,0.23116468123044928,0.06655731069830326,0.16460737053214602,6
0.006,4.0,0.9000000000000001,0.19074360696828035,0.028712049060234925,0.16203155790804544,4
0.002,13.0,0.30000000000000004,0.2437640173037302,0.0840687891032405,0.1596952282004897,8
0.003,13.0,0.30000000000000004,0.24375890631760502,0.08406672073813767,0.15969218557946735,8
0.001,13.0,0.30000000000000004,0.24375495107912723,0.08408571266702623,0.159669238412101,8
0.004,13.0,0.30000000000000004,0.24371314756165074,0.08407593133950268,0.15963721622214805,8
0.005,13.0,0.30000000000000004,0.2436561165707005,0.0840834870330429,0.1595726295376576,8
0.006,13.0,0.30000000000000004,0.24363678860488597,0.08408851725232352,0.15954827135256244,8
0.001,22.0,0.1,0.24451679339472837,0.09321179632834428,0.1513049970663841,8
0.002,4.0,1.3000000000000003,0.2372681603449757,0.09416523897343022,0.14310292137154546,7
0.001,4.0,1.3000000000000003,0.2372582343507447,0.09416157145973478,0.14309666289100992,7
0.003,4.0,1.3000000000000003,0.23725986130140334,0.09416322375981873,0.1430966375415846,7
0.004,4.0,1.3000000000000003,0.23720094875989353,0.0942666048606727,0.14293434389922083,7
0.005,4.0,1.3000000000000003,0.23712774345228932,0.09439840352448556,0.14272933992780376,7
0.006,4.0,1.3000000000000003,0.23709810051909824,0.09445280704575545,0.1426452934733428,7
0.005,1.0,1.9000000000000004,0.16412074334719567,0.03572151326375851,0.12839923008343718,7
0.004,10.0,0.5000000000000001,0.2480891741317538,0.1203616948171214,0.1277274793146324,8
0.005,10.0,0.5000000000000001,0.24804789034651945,0.12041903340621346,0.12762885694030598,8
0.006,10.0,0.5000000000000001,0.24792988611356542,0.12061263749243686,0.12731724862112856,8
0.001,4.0,0.7000000000000001,0.13267589565579707,0.007788390179251678,0.1248875054765454,4
0.005,4.0,0.7000000000000001,0.1307783315662972,0.006071967363910373,0.12470636420238683,4
0.002,1.0,1.9000000000000004,0.16143513533252926,0.03791920616614852,0.12351592916638074,6
0.003,1.0,1.9000000000000004,0.16143515769905062,0.03792420244230807,0.12351095525674255,6
0.004,1.0,1.9000000000000004,0.16143350496544376,0.03792368108002313,0.12350982388542063,6
0.006,1.0,1.9000000000000004,0.16143034547370308,0.03792253685035832,0.12350780862334476,6
0.001,1.0,1.9000000000000004,0.16142619534764793,0.03791891415280378,0.12350728119484415,6
0.003,4.0,0.7000000000000001,0.1296297775355679,0.006617114550302715,0.12301266298526518,3
0.004,4.0,0.7000000000000001,0.12962813853082925,0.006617710589480347,0.1230104279413489,3
0.002,4.0,0.7000000000000001,0.12962929939530568,0.006619124575617781,0.1230101748196879,3
0.003,13.0,0.1,0.15633488960550496,0.03587110454474525,0.1204637850607597,5
0.001,13.0,0.1,0.1563381414375552,0.03587815238243074,0.12045998905512445,5
0.002,13.0,0.1,0.15633699909216342,0.035877230597908684,0.12045976849425474,5
0.002,1.0,2.3000000000000007,0.21857555999753328,0.09822828561703548,0.1203472743804978,6
0.003,1.0,2.3000000000000007,0.21857400990730338,0.09822764995014414,0.12034635995715924,6
0.001,1.0,2.3000000000000007,0.21856397237903824,0.09823313835110184,0.1203308340279364,6
0.004,1.0,2.3000000000000007,0.21853002252457113,0.09830365724682237,0.12022636527774876,6
0.006,4.0,0.7000000000000001,0.12724308690714678,0.007063849651562504,0.12017923725558427,4
0.005,1.0,2.3000000000000007,0.21844731653592434,0.09844196690548046,0.12000534963044387,6
0.006,1.0,2.3000000000000007,0.21236503726944078,0.09240338896786328,0.1199616483015775,7
0.004,13.0,0.1,0.15258804982442017,0.033798447219981244,0.11878960260443894,6
0.005,13.0,0.1,0.15256446540971144,0.03381169806326956,0.11875276734644188,6
0.006,13.0,0.1,0.15248623087230434,0.033843966682884356,0.11864226418941998,6
0.006,1.0,2.1000000000000005,0.18191523148331543,0.06735102718533026,0.11456420429798517,6
0.002,4.0,1.5000000000000004,0.23664782757852773,0.12477358878805521,0.11187423879047252,9
0.003,4.0,1.5000000000000004,0.23664189512326572,0.1247712412796759,0.11187065384358982,9
0.004,4.0,1.5000000000000004,0.23660183952327848,0.12483653807677174,0.11176530144650675,9
0.005,4.0,1.5000000000000004,0.23653628932025525,0.12490753586079513,0.11162875345946012,9
0.006,4.0,1.5000000000000004,0.2364876070440534,0.1249271419604272,0.11156046508362619,9
0.002,7.0,0.9000000000000001,0.2348952197416153,0.12349743892961593,0.11139778081199939,9
0.003,7.0,0.9000000000000001,0.2348788552028417,0.12350632271821746,0.11137253248462425,9
0.004,7.0,0.9000000000000001,0.2347072454611273,0.12366129410160634,0.11104595135952097,9
0.005,7.0,0.9000000000000001,0.23465395343174672,0.12369073891935173,0.11096321451239499,9
0.006,7.0,0.9000000000000001,0.23462259675475833,0.12368602711464177,0.11093656964011656,9
0.003,7.0,0.30000000000000004,0.1200054572703704,0.014222519921198544,0.10578293734917185,5
0.004,7.0,0.30000000000000004,0.12000455410859896,0.014222045789743018,0.10578250831885594,5
0.006,7.0,0.30000000000000004,0.1200003116058207,0.014217860032169653,0.10578245157365104,5
0.002,7.0,0.30000000000000004,0.1200076138196593,0.014227828195658515,0.10577978562400078,5
0.001,7.0,0.30000000000000004,0.12000728629465518,0.014228143766807177,0.10577914252784801,5
0.002,1.0,2.1000000000000005,0.17664683339634327,0.07228156435032328,0.10436526904601999,5
0.003,1.0,2.1000000000000005,0.176648915996813,0.07228458278776265,0.10436433320905036,5
0.001,1.0,2.1000000000000005,0.1766345064541064,0.07228985968059913,0.10434464677350726,5
0.004,1.0,2.1000000000000005,0.17660420590972775,0.0723602701358824,0.10424393577384534,5
0.005,1.0,2.1000000000000005,0.17652055200086464,0.07249738034919077,0.10402317165167387,5
0.005,7.0,0.30000000000000004,0.1145477901940772,0.01781572149080341,0.09673206870327378,6
0.002,16.0,0.30000000000000004,0.2099699384347488,0.11578319566651056,0.09418674276823823,9
0.003,16.0,0.30000000000000004,0.20996931331122648,0.11578370598269778,0.0941856073285287,9
0.001,16.0,0.30000000000000004,0.20995945730880755,0.11579391254765094,0.09416554476115661,9
0.004,16.0,0.30000000000000004,0.20992020171833864,0.11584428071524826,0.09407592100309038,9
0.005,16.0,0.30000000000000004,0.2098609149924829,0.11591802517878243,0.09394288981370048,9
0.006,16.0,0.30000000000000004,0.20984405818614343,0.11594227059102666,0.09390178759511678,9
0.003,10.0,0.1,0.09493965002258846,0.0026067194743239256,0.09233293054826454,4
0.004,10.0,0.1,0.09493948407304602,0.0026069528343589405,0.09233253123868708,4
0.002,10.0,0.1,0.09493771223346205,0.002606834645398943,0.0923308775880631,4
0.001,10.0,0.1,0.09493735915945022,0.002607341783715188,0.09233001737573503,4
0.006,10.0,0.1,0.09909070716273742,0.008625178837366798,0.09046552832537062,5
0.005,10.0,0.1,0.09291425195987023,0.0046705693613876675,0.08824368259848256,5
0.005,1.0,1.7000000000000004,0.1063184111685267,0.024380651782541608,0.08193775938598509,7
0.002,1.0,2.7000000000000006,0.20269786075617283,0.12398102465390723,0.0787168361022656,9
0.003,1.0,2.7000000000000006,0.20268225337723203,0.12399175077639134,0.07869050260084069,9
0.001,1.0,2.7000000000000006,0.20265274840639813,0.12399580951669642,0.07865693888970171,9
0.004,1.0,2.7000000000000006,0.2024995101422581,0.12409940991832721,0.07840010022393087,9
0.005,1.0,2.7000000000000006,0.20245976053913595,0.12412037194551102,0.07833938859362492,9
0.006,1.0,2.7000000000000006,0.20244980741414725,0.12413057458713052,0.07831923282701674,9
0.001,1.0,1.7000000000000004,0.10325795469477221,0.025051486431131073,0.07820646826364114,6
0.002,1.0,1.7000000000000004,0.10326578893172307,0.025063257151745583,0.07820253177997749,6
0.003,1.0,1.7000000000000004,0.10326610552214706,0.02506367415834432,0.07820243136380274,6
0.004,1.0,1.7000000000000004,0.10326502190290436,0.025063956081368913,0.07820106582153545,6
0.006,1.0,1.7000000000000004,0.10326260994684826,0.025063910437663088,0.07819869950918518,6
0.001,1.0,2.5000000000000004,0.19794582469904942,0.12368651229513897,0.07425931240391045,8
0.002,1.0,2.5000000000000004,0.19795195293027879,0.12369289519581496,0.07425905773446383,8
0.003,1.0,2.5000000000000004,0.19795184813387473,0.12369634787482302,0.07425550025905171,8
0.004,1.0,2.5000000000000004,0.1979130169235797,0.12374088254057693,0.07417213438300278,8
0.005,1.0,2.5000000000000004,0.1978483692322362,0.12381529346006664,0.07403307577216955,8
0.006,1.0,2.5000000000000004,0.19781475618263322,0.12385991792175526,0.07395483826087797,8
0.002,28.0,0.1,0.2006118561923896,0.12683305246541254,0.07377880372697707,9
0.003,28.0,0.1,0.2005982346936664,0.12684055874120861,0.07375767595245777,9
0.004,28.0,0.1,0.2004189368154145,0.12694144905739496,0.07347748775801954,9
0.005,28.0,0.1,0.20037618694416873,0.12696453751598039,0.07341164942818834,9
0.006,28.0,0.1,0.2003694594987644,0.12696993603161255,0.07339952346715184,9
0.002,10.0,0.9000000000000001,0.1965497167761308,0.12328646705150839,0.07326324972462242,10
0.002,13.0,0.7000000000000001,0.1965497167761308,0.12328646705150839,0.07326324972462242,10
0.003,10.0,0.9000000000000001,0.1965364972621713,0.12329262836224028,0.07324386889993101,10
0.003,13.0,0.7000000000000001,0.1965364972621713,0.12329262836224028,0.07324386889993101,10
0.003,19.0,0.5000000000000001,0.19640500925777885,0.12320846623595144,0.0731965430218274,10
0.003,16.0,0.7000000000000001,0.19636441454448084,0.12318272616958056,0.07318168837490027,10
0.003,25.0,0.30000000000000004,0.19636441454448084,0.12318272616958056,0.07318168837490027,10
0.004,13.0,0.7000000000000001,0.19638156606304424,0.1233861405669555,0.07299542549608874,10
0.004,10.0,0.9000000000000001,0.19638156606304424,0.1233861405669555,0.07299542549608874,10
0.004,19.0,0.5000000000000001,0.19624983287248302,0.123301729509912,0.07294810336257102,10
0.005,13.0,0.7000000000000001,0.19633488124546955,0.12339923656807728,0.07293564467739228,10
0.005,10.0,0.9000000000000001,0.19633488124546955,0.12339923656807728,0.07293564467739228,10
0.004,25.0,0.30000000000000004,0.19620929994545958,0.12327600036490317,0.0729332995805564,10
0.004,16.0,0.7000000000000001,0.19620929994545958,0.12327600036490317,0.0729332995805564,10
0.006,13.0,0.7000000000000001,0.19630609569412863,0.12338470690284888,0.07292138879127975,10
0.006,10.0,0.9000000000000001,0.19630609569412863,0.12338470690284888,0.07292138879127975,10
0.005,19.0,0.5000000000000001,0.19620311438983903,0.12331476714827067,0.07288834724156837,10
0.006,19.0,0.5000000000000001,0.1961742779405282,0.12330016957770286,0.07287410836282533,10
0.005,16.0,0.7000000000000001,0.1961625845513832,0.12328902865464338,0.07287355589673981,10
0.005,25.0,0.30000000000000004,0.1961625845513832,0.12328902865464338,0.07287355589673981,10
0.006,25.0,0.30000000000000004,0.19613375309125766,0.12327442349109967,0.072859329600158,10
0.006,16.0,0.7000000000000001,0.19613375309125766,0.12327442349109967,0.072859329600158,10
0.002,22.0,0.30000000000000004,0.1950888749881249,0.12241962199873961,0.0726692529893853,10
0.002,16.0,0.5000000000000001,0.19508658724155506,0.12241838270797135,0.0726682045335837,10
0.003,22.0,0.30000000000000004,0.195075595030478,0.12242569868091628,0.07264989634956172,10
0.003,16.0,0.5000000000000001,0.1950733976646109,0.12242450826823227,0.07264888939637863,10
0.004,22.0,0.30000000000000004,0.194920983506586,0.12251829305837922,0.07240269044820677,10
0.004,16.0,0.5000000000000001,0.19491851126252283,0.12251695174347728,0.07240155951904555,10
0.005,22.0,0.30000000000000004,0.19487428166421628,0.12253096039665623,0.07234332126756005,10
0.005,16.0,0.5000000000000001,0.1948718513765781,0.12252964112869898,0.07234221024787911,10
0.006,22.0,0.30000000000000004,0.19484546229148375,0.12251602443663777,0.07232943785484598,10
0.006,16.0,0.5000000000000001,0.194843097092789,0.12251473988429067,0.07232835720849833,10
0.001,4.0,1.5000000000000004,0.20550848867152316,0.13890380231245314,0.06660468635907002,9
0.001,7.0,0.9000000000000001,0.20371449476032544,0.13739440754184384,0.0663200872184816,9
0.002,25.0,0.1,0.1887165391274801,0.12447866498842633,0.06423787413905377,8
0.003,25.0,0.1,0.1887012173331048,0.12448403470875796,0.06421718262434684,8
0.004,25.0,0.1,0.18849853647474102,0.12458129021239488,0.06391724626234614,8
0.005,25.0,0.1,0.18845089010348187,0.12460107369115717,0.0638498164123247,8
0.006,25.0,0.1,0.18844127040552167,0.1246067937480078,0.06383447665751386,8
0.005,4.0,0.5000000000000001,0.07237345220771256,0.010666042413672507,0.061707409794040054,6
0.003,4.0,0.5000000000000001,0.07276850016538891,0.011644057719276435,0.061124442446112474,5
0.004,4.0,0.5000000000000001,0.07276909666103279,0.01164510483676308,0.06112399182426971,5
0.002,4.0,0.5000000000000001,0.07276944811422001,0.011645804759576588,0.06112364335464342,5
0.001,4.0,0.5000000000000001,0.07277020110889776,0.011647702083998736,0.061122499024899024,5
0.006,4.0,0.5000000000000001,0.07276577269136862,0.01164363553536918,0.06112213715599944,5
0.002,19.0,0.5000000000000001,0.18771935767917985,0.12691981625338067,0.060799541425799186,9
0.002,25.0,0.30000000000000004,0.18771935767917985,0.12691981625338067,0.060799541425799186,9
0.002,16.0,0.7000000000000001,0.18771935767917985,0.12691981625338067,0.060799541425799186,9
0.002,13.0,0.5000000000000001,0.18010299797615495,0.11967960137933673,0.060423396596818224,9
0.003,13.0,0.5000000000000001,0.1800891182910176,0.11968536927791856,0.06040374901309903,9
0.004,13.0,0.5000000000000001,0.17990998167944222,0.11976172117684661,0.06014826050259561,9
0.005,13.0,0.5000000000000001,0.1798672602767731,0.1197788874364916,0.06008837284028151,9
0.006,13.0,0.5000000000000001,0.17985953069232213,0.11978219730718227,0.06007733338513986,9
0.002,19.0,0.30000000000000004,0.18330411045357556,0.12353724879495212,0.05976686165862344,9
0.003,19.0,0.30000000000000004,0.1832906535359201,0.1235437331574065,0.05974692037851362,9
0.004,19.0,0.30000000000000004,0.18311150527540007,0.12362234601996101,0.05948915925543906,9
0.005,19.0,0.30000000000000004,0.18306876817213508,0.12364007530033501,0.05942869287180007,9
0.006,19.0,0.30000000000000004,0.18306172406209975,0.12364440738620586,0.059417316675893894,9
0.002,10.0,0.7000000000000001,0.17474872367600755,0.12117438532212656,0.05357433835388099,9
0.003,10.0,0.7000000000000001,0.1747314014987286,0.12118045449139675,0.053550947007331845,9
0.004,10.0,0.7000000000000001,0.1745592677383349,0.12125514049534117,0.05330412724299374,9
0.005,10.0,0.7000000000000001,0.17450744413156447,0.12126067671404094,0.05324676741752353,9
0.006,10.0,0.7000000000000001,0.17447447686575746,0.12123727950714298,0.05323719735861447,9
0.001,28.0,0.1,0.18262637738486381,0.13183817642739873,0.050788200957465085,10
0.002,28.0,2.3000000000000007,0.17527473423581313,0.12606186439933947,0.04921286983647366,10
0.002,28.0,2.1000000000000005,0.17527473423581313,0.12606186439933947,0.04921286983647366,10
0.002,25.0,4.9,0.17527473423581313,0.12606186439933947,0.04921286983647366,10
0.002,25.0,4.7,0.17527473423581313,0.12606186439933947,0.04921286983647366,10
0.002,25.0,4.500000000000001,0.17527473423581313,0.12606186439933947,0.04921286983647366,10
0.002,25.0,4.300000000000001,0.17527473423581313,0.12606186439933947,0.04921286983647366,10
0.002,28.0,1.1000000000000003,0.17527473423581313,0.12606186439933947,0.04921286983647366,10
0.002,28.0,0.30000000000000004,0.17527473423581313,0.12606186439933947,0.04921286983647366,10
0.002,28.0,0.7000000000000001,0.17527473423581313,0.12606186439933947,0.04921286983647366,10
0.002,28.0,0.5000000000000001,0.17527473423581313,0.12606186439933947,0.04921286983647366,10
0.002,28.0,1.9000000000000004,0.17527473423581313,0.12606186439933947,0.04921286983647366,10
0.002,25.0,0.5000000000000001,0.17527473423581313,0.12606186439933947,0.04921286983647366,10
0.002,25.0,0.7000000000000001,0.17527473423581313,0.12606186439933947,0.04921286983647366,10
0.002,25.0,0.9000000000000001,0.17527473423581313,0.12606186439933947,0.04921286983647366,10
0.002,25.0,1.1000000000000003,0.17527473423581313,0.12606186439933947,0.04921286983647366,10
0.002,28.0,1.3000000000000003,0.17527473423581313,0.12606186439933947,0.04921286983647366,10
0.002,28.0,1.5000000000000004,0.17527473423581313,0.12606186439933947,0.04921286983647366,10
0.002,28.0,0.9000000000000001,0.17527473423581313,0.12606186439933947,0.04921286983647366,10
0.002,25.0,1.7000000000000004,0.17527473423581313,0.12606186439933947,0.04921286983647366,10
0.002,25.0,1.9000000000000004,0.17527473423581313,0.12606186439933947,0.04921286983647366,10
0.002,25.0,2.3000000000000007,0.17527473423581313,0.12606186439933947,0.04921286983647366,10
0.002,25.0,2.1000000000000005,0.17527473423581313,0.12606186439933947,0.04921286983647366,10
0.002,25.0,2.7000000000000006,0.17527473423581313,0.12606186439933947,0.04921286983647366,10
0.002,25.0,2.900000000000001,0.17527473423581313,0.12606186439933947,0.04921286983647366,10
0.002,25.0,3.1000000000000005,0.17527473423581313,0.12606186439933947,0.04921286983647366,10
0.002,25.0,2.5000000000000004,0.17527473423581313,0.12606186439933947,0.04921286983647366,10
0.002,25.0,3.3000000000000007,0.17527473423581313,0.12606186439933947,0.04921286983647366,10
0.002,25.0,3.500000000000001,0.17527473423581313,0.12606186439933947,0.04921286983647366,10
0.002,1.0,3.500000000000001,0.17527473423581313,0.12606186439933947,0.04921286983647366,10
0.002,22.0,2.3000000000000007,0.17527473423581313,0.12606186439933947,0.04921286983647366,10
0.002,1.0,3.7000000000000006,0.17527473423581313,0.12606186439933947,0.04921286983647366,10
0.002,25.0,1.3000000000000003,0.17527473423581313,0.12606186439933947,0.04921286983647366,10
0.002,25.0,1.5000000000000004,0.17527473423581313,0.12606186439933947,0.04921286983647366,10
0.002,28.0,1.7000000000000004,0.17527473423581313,0.12606186439933947,0.04921286983647366,10
0.002,22.0,2.900000000000001,0.17527473423581313,0.12606186439933947,0.04921286983647366,10
0.002,22.0,2.7000000000000006,0.17527473423581313,0.12606186439933947,0.04921286983647366,10
0.002,22.0,2.5000000000000004,0.17527473423581313,0.12606186439933947,0.04921286983647366,10
0.002,22.0,3.1000000000000005,0.17527473423581313,0.12606186439933947,0.04921286983647366,10
0.002,22.0,3.900000000000001,0.17527473423581313,0.12606186439933947,0.04921286983647366,10
0.002,22.0,4.1000000000000005,0.17527473423581313,0.12606186439933947,0.04921286983647366,10
0.002,22.0,3.500000000000001,0.17527473423581313,0.12606186439933947,0.04921286983647366,10
0.002,22.0,3.3000000000000007,0.17527473423581313,0.12606186439933947,0.04921286983647366,10
0.002,22.0,4.500000000000001,0.17527473423581313,0.12606186439933947,0.04921286983647366,10
0.002,22.0,4.300000000000001,0.17527473423581313,0.12606186439933947,0.04921286983647366,10
0.002,22.0,4.9,0.17527473423581313,0.12606186439933947,0.04921286983647366,10
0.002,22.0,4.7,0.17527473423581313,0.12606186439933947,0.04921286983647366,10
0.002,19.0,3.7000000000000006,0.17527473423581313,0.12606186439933947,0.04921286983647366,10
0.002,1.0,4.500000000000001,0.17527473423581313,0.12606186439933947,0.04921286983647366,10
0.002,1.0,4.7,0.17527473423581313,0.12606186439933947,0.04921286983647366,10
0.002,22.0,3.7000000000000006,0.17527473423581313,0.12606186439933947,0.04921286983647366,10
0.002,28.0,3.3000000000000007,0.17527473423581313,0.12606186439933947,0.04921286983647366,10
0.002,28.0,3.500000000000001,0.17527473423581313,0.12606186439933947,0.04921286983647366,10
0.002,28.0,3.900000000000001,0.17527473423581313,0.12606186439933947,0.04921286983647366,10
0.002,28.0,3.7000000000000006,0.17527473423581313,0.12606186439933947,0.04921286983647366,10
0.002,28.0,4.300000000000001,0.17527473423581313,0.12606186439933947,0.04921286983647366,10
0.002,28.0,4.500000000000001,0.17527473423581313,0.12606186439933947,0.04921286983647366,10
0.002,28.0,4.7,0.17527473423581313,0.12606186439933947,0.04921286983647366,10
0.002,28.0,4.1000000000000005,0.17527473423581313,0.12606186439933947,0.04921286983647366,10
0.002,28.0,4.9,0.17527473423581313,0.12606186439933947,0.04921286983647366,10
0.002,25.0,3.7000000000000006,0.17527473423581313,0.12606186439933947,0.04921286983647366,10
0.002,25.0,3.900000000000001,0.17527473423581313,0.12606186439933947,0.04921286983647366,10
0.002,25.0,4.1000000000000005,0.17527473423581313,0.12606186439933947,0.04921286983647366,10
0.002,28.0,2.7000000000000006,0.17527473423581313,0.12606186439933947,0.04921286983647366,10
0.002,28.0,2.900000000000001,0.17527473423581313,0.12606186439933947,0.04921286983647366,10
0.002,28.0,3.1000000000000005,0.17527473423581313,0.12606186439933947,0.04921286983647366,10
0.002,28.0,2.5000000000000004,0.17527473423581313,0.12606186439933947,0.04921286983647366,10
0.002,22.0,1.3000000000000003,0.17527473423581313,0.12606186439933947,0.04921286983647366,10
0.002,22.0,1.1000000000000003,0.17527473423581313,0.12606186439933947,0.04921286983647366,10
0.002,22.0,0.9000000000000001,0.17527473423581313,0.12606186439933947,0.04921286983647366,10
0.002,22.0,0.7000000000000001,0.17527473423581313,0.12606186439933947,0.04921286983647366,10
0.002,22.0,0.5000000000000001,0.17527473423581313,0.12606186439933947,0.04921286983647366,10
0.002,19.0,4.9,0.17527473423581313,0.12606186439933947,0.04921286983647366,10
0.002,19.0,4.7,0.17527473423581313,0.12606186439933947,0.04921286983647366,10
0.002,19.0,4.500000000000001,0.17527473423581313,0.12606186439933947,0.04921286983647366,10
0.002,19.0,4.300000000000001,0.17527473423581313,0.12606186439933947,0.04921286983647366,10
0.002,19.0,4.1000000000000005,0.17527473423581313,0.12606186439933947,0.04921286983647366,10
0.002,19.0,3.900000000000001,0.17527473423581313,0.12606186439933947,0.04921286983647366,10
0.002,4.0,2.900000000000001,0.17527473423581313,0.12606186439933947,0.04921286983647366,10
0.002,4.0,2.7000000000000006,0.17527473423581313,0.12606186439933947,0.04921286983647366,10
0.002,4.0,2.5000000000000004,0.17527473423581313,0.12606186439933947,0.04921286983647366,10
0.002,4.0,2.3000000000000007,0.17527473423581313,0.12606186439933947,0.04921286983647366,10
0.002,1.0,4.9,0.17527473423581313,0.12606186439933947,0.04921286983647366,10
0.002,7.0,1.5000000000000004,0.17527473423581313,0.12606186439933947,0.04921286983647366,10
0.002,7.0,1.7000000000000004,0.17527473423581313,0.12606186439933947,0.04921286983647366,10
0.002,1.0,3.900000000000001,0.17527473423581313,0.12606186439933947,0.04921286983647366,10
0.002,22.0,1.9000000000000004,0.17527473423581313,0.12606186439933947,0.04921286983647366,10
0.002,22.0,2.1000000000000005,0.17527473423581313,0.12606186439933947,0.04921286983647366,10
0.002,4.0,3.1000000000000005,0.17527473423581313,0.12606186439933947,0.04921286983647366,10
0.002,4.0,3.3000000000000007,0.17527473423581313,0.12606186439933947,0.04921286983647366,10
0.002,22.0,1.5000000000000004,0.17527473423581313,0.12606186439933947,0.04921286983647366,10
0.002,4.0,3.7000000000000006,0.17527473423581313,0.12606186439933947,0.04921286983647366,10
0.002,4.0,3.900000000000001,0.17527473423581313,0.12606186439933947,0.04921286983647366,10
0.002,4.0,4.1000000000000005,0.17527473423581313,0.12606186439933947,0.04921286983647366,10
0.002,4.0,4.300000000000001,0.17527473423581313,0.12606186439933947,0.04921286983647366,10
0.002,4.0,4.500000000000001,0.17527473423581313,0.12606186439933947,0.04921286983647366,10
0.002,4.0,4.7,0.17527473423581313,0.12606186439933947,0.04921286983647366,10
0.002,4.0,4.9,0.17527473423581313,0.12606186439933947,0.04921286983647366,10
0.002,22.0,1.7000000000000004,0.17527473423581313,0.12606186439933947,0.04921286983647366,10
0.002,19.0,2.5000000000000004,0.17527473423581313,0.12606186439933947,0.04921286983647366,10
0.002,19.0,2.7000000000000006,0.17527473423581313,0.12606186439933947,0.04921286983647366,10
0.002,19.0,3.1000000000000005,0.17527473423581313,0.12606186439933947,0.04921286983647366,10
0.002,19.0,2.900000000000001,0.17527473423581313,0.12606186439933947,0.04921286983647366,10
0.002,19.0,3.500000000000001,0.17527473423581313,0.12606186439933947,0.04921286983647366,10
0.002,16.0,2.1000000000000005,0.17527473423581313,0.12606186439933947,0.04921286983647366,10
0.002,7.0,4.300000000000001,0.17527473423581313,0.12606186439933947,0.04921286983647366,10
0.002,19.0,3.3000000000000007,0.17527473423581313,0.12606186439933947,0.04921286983647366,10
0.002,7.0,4.500000000000001,0.17527473423581313,0.12606186439933947,0.04921286983647366,10
0.002,7.0,4.7,0.17527473423581313,0.12606186439933947,0.04921286983647366,10
0.002,7.0,4.9,0.17527473423581313,0.12606186439933947,0.04921286983647366,10
0.002,10.0,1.1000000000000003,0.17527473423581313,0.12606186439933947,0.04921286983647366,10
0.002,7.0,2.1000000000000005,0.17527473423581313,0.12606186439933947,0.04921286983647366,10
0.002,7.0,2.3000000000000007,0.17527473423581313,0.12606186439933947,0.04921286983647366,10
0.002,7.0,2.5000000000000004,0.17527473423581313,0.12606186439933947,0.04921286983647366,10
0.002,7.0,2.7000000000000006,0.17527473423581313,0.12606186439933947,0.04921286983647366,10
0.002,7.0,2.900000000000001,0.17527473423581313,0.12606186439933947,0.04921286983647366,10
0.002,7.0,3.1000000000000005,0.17527473423581313,0.12606186439933947,0.04921286983647366,10
0.002,7.0,3.3000000000000007,0.17527473423581313,0.12606186439933947,0.04921286983647366,10
0.002,7.0,1.9000000000000004,0.17527473423581313,0.12606186439933947,0.04921286983647366,10
0.002,1.0,4.1000000000000005,0.17527473423581313,0.12606186439933947,0.04921286983647366,10
0.002,1.0,4.300000000000001,0.17527473423581313,0.12606186439933947,0.04921286983647366,10
0.002,19.0,0.7000000000000001,0.17527473423581313,0.12606186439933947,0.04921286983647366,10
0.002,19.0,0.9000000000000001,0.17527473423581313,0.12606186439933947,0.04921286983647366,10
0.002,19.0,1.1000000000000003,0.17527473423581313,0.12606186439933947,0.04921286983647366,10
0.002,19.0,1.3000000000000003,0.17527473423581313,0.12606186439933947,0.04921286983647366,10
0.002,19.0,1.5000000000000004,0.17527473423581313,0.12606186439933947,0.04921286983647366,10
0.002,19.0,1.7000000000000004,0.17527473423581313,0.12606186439933947,0.04921286983647366,10
0.002,19.0,1.9000000000000004,0.17527473423581313,0.12606186439933947,0.04921286983647366,10
0.002,19.0,2.1000000000000005,0.17527473423581313,0.12606186439933947,0.04921286983647366,10
0.002,19.0,2.3000000000000007,0.17527473423581313,0.12606186439933947,0.04921286983647366,10
0.002,4.0,3.500000000000001,0.17527473423581313,0.12606186439933947,0.04921286983647366,10
0.002,10.0,3.3000000000000007,0.17527473423581313,0.12606186439933947,0.04921286983647366,10
0.002,10.0,3.1000000000000005,0.17527473423581313,0.12606186439933947,0.04921286983647366,10
0.002,10.0,2.900000000000001,0.17527473423581313,0.12606186439933947,0.04921286983647366,10
0.002,10.0,2.7000000000000006,0.17527473423581313,0.12606186439933947,0.04921286983647366,10
0.002,10.0,2.5000000000000004,0.17527473423581313,0.12606186439933947,0.04921286983647366,10
0.002,10.0,2.3000000000000007,0.17527473423581313,0.12606186439933947,0.04921286983647366,10
0.002,10.0,2.1000000000000005,0.17527473423581313,0.12606186439933947,0.04921286983647366,10
0.002,10.0,1.9000000000000004,0.17527473423581313,0.12606186439933947,0.04921286983647366,10
0.002,10.0,1.7000000000000004,0.17527473423581313,0.12606186439933947,0.04921286983647366,10
0.002,10.0,1.5000000000000004,0.17527473423581313,0.12606186439933947,0.04921286983647366,10
0.002,7.0,3.900000000000001,0.17527473423581313,0.12606186439933947,0.04921286983647366,10
0.002,7.0,3.7000000000000006,0.17527473423581313,0.12606186439933947,0.04921286983647366,10
0.002,7.0,3.500000000000001,0.17527473423581313,0.12606186439933947,0.04921286983647366,10
0.002,10.0,4.300000000000001,0.17527473423581313,0.12606186439933947,0.04921286983647366,10
0.002,10.0,3.900000000000001,0.17527473423581313,0.12606186439933947,0.04921286983647366,10
0.002,10.0,3.500000000000001,0.17527473423581313,0.12606186439933947,0.04921286983647366,10
0.002,13.0,2.1000000000000005,0.17527473423581313,0.12606186439933947,0.04921286983647366,10
0.002,13.0,2.3000000000000007,0.17527473423581313,0.12606186439933947,0.04921286983647366,10
0.002,13.0,2.7000000000000006,0.17527473423581313,0.12606186439933947,0.04921286983647366,10
0.002,13.0,2.5000000000000004,0.17527473423581313,0.12606186439933947,0.04921286983647366,10
0.002,13.0,3.1000000000000005,0.17527473423581313,0.12606186439933947,0.04921286983647366,10
0.002,7.0,4.1000000000000005,0.17527473423581313,0.12606186439933947,0.04921286983647366,10
0.002,10.0,4.7,0.17527473423581313,0.12606186439933947,0.04921286983647366,10
0.002,10.0,3.7000000000000006,0.17527473423581313,0.12606186439933947,0.04921286983647366,10
0.002,10.0,4.9,0.17527473423581313,0.12606186439933947,0.04921286983647366,10
0.002,13.0,0.9000000000000001,0.17527473423581313,0.12606186439933947,0.04921286983647366,10
0.002,13.0,1.1000000000000003,0.17527473423581313,0.12606186439933947,0.04921286983647366,10
0.002,13.0,1.3000000000000003,0.17527473423581313,0.12606186439933947,0.04921286983647366,10
0.002,13.0,1.5000000000000004,0.17527473423581313,0.12606186439933947,0.04921286983647366,10
0.002,13.0,1.7000000000000004,0.17527473423581313,0.12606186439933947,0.04921286983647366,10
0.002,13.0,1.9000000000000004,0.17527473423581313,0.12606186439933947,0.04921286983647366,10
0.002,10.0,4.1000000000000005,0.17527473423581313,0.12606186439933947,0.04921286983647366,10
0.002,16.0,0.9000000000000001,0.17527473423581313,0.12606186439933947,0.04921286983647366,10
0.002,13.0,4.9,0.17527473423581313,0.12606186439933947,0.04921286983647366,10
0.002,13.0,4.7,0.17527473423581313,0.12606186439933947,0.04921286983647366,10
0.002,13.0,4.500000000000001,0.17527473423581313,0.12606186439933947,0.04921286983647366,10
0.002,13.0,4.1000000000000005,0.17527473423581313,0.12606186439933947,0.04921286983647366,10
0.002,13.0,4.300000000000001,0.17527473423581313,0.12606186439933947,0.04921286983647366,10
0.002,13.0,3.900000000000001,0.17527473423581313,0.12606186439933947,0.04921286983647366,10
0.002,13.0,3.7000000000000006,0.17527473423581313,0.12606186439933947,0.04921286983647366,10
0.002,13.0,2.900000000000001,0.17527473423581313,0.12606186439933947,0.04921286983647366,10
0.002,13.0,3.500000000000001,0.17527473423581313,0.12606186439933947,0.04921286983647366,10
0.002,10.0,1.3000000000000003,0.17527473423581313,0.12606186439933947,0.04921286983647366,10
0.002,16.0,1.1000000000000003,0.17527473423581313,0.12606186439933947,0.04921286983647366,10
0.002,16.0,1.9000000000000004,0.17527473423581313,0.12606186439933947,0.04921286983647366,10
0.002,16.0,1.3000000000000003,0.17527473423581313,0.12606186439933947,0.04921286983647366,10
0.002,16.0,1.5000000000000004,0.17527473423581313,0.12606186439933947,0.04921286983647366,10
0.002,16.0,1.7000000000000004,0.17527473423581313,0.12606186439933947,0.04921286983647366,10
0.002,16.0,4.1000000000000005,0.17527473423581313,0.12606186439933947,0.04921286983647366,10
0.002,16.0,3.900000000000001,0.17527473423581313,0.12606186439933947,0.04921286983647366,10
0.002,16.0,3.7000000000000006,0.17527473423581313,0.12606186439933947,0.04921286983647366,10
0.002,16.0,3.500000000000001,0.17527473423581313,0.12606186439933947,0.04921286983647366,10
0.002,16.0,3.3000000000000007,0.17527473423581313,0.12606186439933947,0.04921286983647366,10
0.002,16.0,3.1000000000000005,0.17527473423581313,0.12606186439933947,0.04921286983647366,10
0.002,16.0,2.900000000000001,0.17527473423581313,0.12606186439933947,0.04921286983647366,10
0.002,16.0,2.7000000000000006,0.17527473423581313,0.12606186439933947,0.04921286983647366,10
0.002,16.0,2.5000000000000004,0.17527473423581313,0.12606186439933947,0.04921286983647366,10
0.002,16.0,2.3000000000000007,0.17527473423581313,0.12606186439933947,0.04921286983647366,10
0.002,10.0,4.500000000000001,0.17527473423581313,0.12606186439933947,0.04921286983647366,10
0.002,13.0,3.3000000000000007,0.17527473423581313,0.12606186439933947,0.04921286983647366,10
0.002,16.0,4.300000000000001,0.17527473423581313,0.12606186439933947,0.04921286983647366,10
0.002,16.0,4.500000000000001,0.17527473423581313,0.12606186439933947,0.04921286983647366,10
0.002,16.0,4.7,0.17527473423581313,0.12606186439933947,0.04921286983647366,10
0.002,16.0,4.9,0.17527473423581313,0.12606186439933947,0.04921286983647366,10
0.003,28.0,3.1000000000000005,0.17526178637415457,0.12606629804165034,0.04919548833250423,10
0.003,28.0,3.3000000000000007,0.17526178637415457,0.12606629804165034,0.04919548833250423,10
0.003,28.0,3.500000000000001,0.17526178637415457,0.12606629804165034,0.04919548833250423,10
0.003,28.0,3.7000000000000006,0.17526178637415457,0.12606629804165034,0.04919548833250423,10
0.003,28.0,3.900000000000001,0.17526178637415457,0.12606629804165034,0.04919548833250423,10
0.003,28.0,4.1000000000000005,0.17526178637415457,0.12606629804165034,0.04919548833250423,10
0.003,28.0,4.300000000000001,0.17526178637415457,0.12606629804165034,0.04919548833250423,10
0.003,28.0,4.500000000000001,0.17526178637415457,0.12606629804165034,0.04919548833250423,10
0.003,28.0,4.7,0.17526178637415457,0.12606629804165034,0.04919548833250423,10
0.003,28.0,4.9,0.17526178637415457,0.12606629804165034,0.04919548833250423,10
0.003,25.0,4.7,0.17526178637415457,0.12606629804165034,0.04919548833250423,10
0.003,25.0,4.9,0.17526178637415457,0.12606629804165034,0.04919548833250423,10
0.003,28.0,0.30000000000000004,0.17526178637415457,0.12606629804165034,0.04919548833250423,10
0.003,28.0,0.5000000000000001,0.17526178637415457,0.12606629804165034,0.04919548833250423,10
0.003,28.0,0.7000000000000001,0.17526178637415457,0.12606629804165034,0.04919548833250423,10
0.003,28.0,0.9000000000000001,0.17526178637415457,0.12606629804165034,0.04919548833250423,10
0.003,28.0,1.1000000000000003,0.17526178637415457,0.12606629804165034,0.04919548833250423,10
0.003,28.0,1.3000000000000003,0.17526178637415457,0.12606629804165034,0.04919548833250423,10
0.003,28.0,1.5000000000000004,0.17526178637415457,0.12606629804165034,0.04919548833250423,10
0.003,28.0,1.7000000000000004,0.17526178637415457,0.12606629804165034,0.04919548833250423,10
0.003,28.0,1.9000000000000004,0.17526178637415457,0.12606629804165034,0.04919548833250423,10
0.003,28.0,2.1000000000000005,0.17526178637415457,0.12606629804165034,0.04919548833250423,10
0.003,28.0,2.3000000000000007,0.17526178637415457,0.12606629804165034,0.04919548833250423,10
0.003,28.0,2.5000000000000004,0.17526178637415457,0.12606629804165034,0.04919548833250423,10
0.003,28.0,2.7000000000000006,0.17526178637415457,0.12606629804165034,0.04919548833250423,10
0.003,28.0,2.900000000000001,0.17526178637415457,0.12606629804165034,0.04919548833250423,10
0.003,25.0,1.5000000000000004,0.17526178637415457,0.12606629804165034,0.04919548833250423,10
0.003,25.0,1.7000000000000004,0.17526178637415457,0.12606629804165034,0.04919548833250423,10
0.003,25.0,1.9000000000000004,0.17526178637415457,0.12606629804165034,0.04919548833250423,10
0.003,25.0,2.1000000000000005,0.17526178637415457,0.12606629804165034,0.04919548833250423,10
0.003,25.0,2.3000000000000007,0.17526178637415457,0.12606629804165034,0.04919548833250423,10
0.003,25.0,2.5000000000000004,0.17526178637415457,0.12606629804165034,0.04919548833250423,10
0.003,25.0,2.7000000000000006,0.17526178637415457,0.12606629804165034,0.04919548833250423,10
0.003,25.0,2.900000000000001,0.17526178637415457,0.12606629804165034,0.04919548833250423,10
0.003,25.0,3.1000000000000005,0.17526178637415457,0.12606629804165034,0.04919548833250423,10
0.003,25.0,3.3000000000000007,0.17526178637415457,0.12606629804165034,0.04919548833250423,10
0.003,25.0,3.500000000000001,0.17526178637415457,0.12606629804165034,0.04919548833250423,10
0.003,25.0,3.7000000000000006,0.17526178637415457,0.12606629804165034,0.04919548833250423,10
0.003,25.0,3.900000000000001,0.17526178637415457,0.12606629804165034,0.04919548833250423,10
0.003,25.0,4.1000000000000005,0.17526178637415457,0.12606629804165034,0.04919548833250423,10
0.003,25.0,4.300000000000001,0.17526178637415457,0.12606629804165034,0.04919548833250423,10
0.003,25.0,4.500000000000001,0.17526178637415457,0.12606629804165034,0.04919548833250423,10
0.003,22.0,3.1000000000000005,0.17526178637415457,0.12606629804165034,0.04919548833250423,10
0.003,22.0,3.3000000000000007,0.17526178637415457,0.12606629804165034,0.04919548833250423,10
0.003,22.0,3.500000000000001,0.17526178637415457,0.12606629804165034,0.04919548833250423,10
0.003,22.0,3.7000000000000006,0.17526178637415457,0.12606629804165034,0.04919548833250423,10
0.003,22.0,3.900000000000001,0.17526178637415457,0.12606629804165034,0.04919548833250423,10
0.003,22.0,4.1000000000000005,0.17526178637415457,0.12606629804165034,0.04919548833250423,10
0.003,22.0,4.300000000000001,0.17526178637415457,0.12606629804165034,0.04919548833250423,10
0.003,22.0,4.500000000000001,0.17526178637415457,0.12606629804165034,0.04919548833250423,10
0.003,22.0,4.7,0.17526178637415457,0.12606629804165034,0.04919548833250423,10
0.003,22.0,4.9,0.17526178637415457,0.12606629804165034,0.04919548833250423,10
0.003,25.0,0.5000000000000001,0.17526178637415457,0.12606629804165034,0.04919548833250423,10
0.003,25.0,0.7000000000000001,0.17526178637415457,0.12606629804165034,0.04919548833250423,10
0.003,25.0,0.9000000000000001,0.17526178637415457,0.12606629804165034,0.04919548833250423,10
0.003,25.0,1.1000000000000003,0.17526178637415457,0.12606629804165034,0.04919548833250423,10
0.003,25.0,1.3000000000000003,0.17526178637415457,0.12606629804165034,0.04919548833250423,10
0.003,19.0,4.7,0.17526178637415457,0.12606629804165034,0.04919548833250423,10
0.003,19.0,4.9,0.17526178637415457,0.12606629804165034,0.04919548833250423,10
0.003,22.0,0.5000000000000001,0.17526178637415457,0.12606629804165034,0.04919548833250423,10
0.003,22.0,0.7000000000000001,0.17526178637415457,0.12606629804165034,0.04919548833250423,10
0.003,22.0,0.9000000000000001,0.17526178637415457,0.12606629804165034,0.04919548833250423,10
0.003,22.0,1.1000000000000003,0.17526178637415457,0.12606629804165034,0.04919548833250423,10
0.003,22.0,1.3000000000000003,0.17526178637415457,0.12606629804165034,0.04919548833250423,10
0.003,22.0,1.5000000000000004,0.17526178637415457,0.12606629804165034,0.04919548833250423,10
0.003,22.0,1.7000000000000004,0.17526178637415457,0.12606629804165034,0.04919548833250423,10
0.003,22.0,1.9000000000000004,0.17526178637415457,0.12606629804165034,0.04919548833250423,10
0.003,22.0,2.1000000000000005,0.17526178637415457,0.12606629804165034,0.04919548833250423,10
0.003,22.0,2.3000000000000007,0.17526178637415457,0.12606629804165034,0.04919548833250423,10
0.003,22.0,2.5000000000000004,0.17526178637415457,0.12606629804165034,0.04919548833250423,10
0.003,22.0,2.7000000000000006,0.17526178637415457,0.12606629804165034,0.04919548833250423,10
0.003,22.0,2.900000000000001,0.17526178637415457,0.12606629804165034,0.04919548833250423,10
0.003,19.0,1.5000000000000004,0.17526178637415457,0.12606629804165034,0.04919548833250423,10
0.003,19.0,1.7000000000000004,0.17526178637415457,0.12606629804165034,0.04919548833250423,10
0.003,19.0,1.9000000000000004,0.17526178637415457,0.12606629804165034,0.04919548833250423,10
0.003,19.0,2.1000000000000005,0.17526178637415457,0.12606629804165034,0.04919548833250423,10
0.003,19.0,2.3000000000000007,0.17526178637415457,0.12606629804165034,0.04919548833250423,10
0.003,19.0,2.5000000000000004,0.17526178637415457,0.12606629804165034,0.04919548833250423,10
0.003,19.0,2.7000000000000006,0.17526178637415457,0.12606629804165034,0.04919548833250423,10
0.003,19.0,2.900000000000001,0.17526178637415457,0.12606629804165034,0.04919548833250423,10
0.003,19.0,3.1000000000000005,0.17526178637415457,0.12606629804165034,0.04919548833250423,10
0.003,19.0,3.3000000000000007,0.17526178637415457,0.12606629804165034,0.04919548833250423,10
0.003,19.0,3.500000000000001,0.17526178637415457,0.12606629804165034,0.04919548833250423,10
0.003,19.0,3.7000000000000006,0.17526178637415457,0.12606629804165034,0.04919548833250423,10
0.003,19.0,3.900000000000001,0.17526178637415457,0.12606629804165034,0.04919548833250423,10
0.003,19.0,4.1000000000000005,0.17526178637415457,0.12606629804165034,0.04919548833250423,10
0.003,19.0,4.300000000000001,0.17526178637415457,0.12606629804165034,0.04919548833250423,10
0.003,19.0,4.500000000000001,0.17526178637415457,0.12606629804165034,0.04919548833250423,10
0.003,16.0,2.900000000000001,0.17526178637415457,0.12606629804165034,0.04919548833250423,10
0.003,16.0,3.1000000000000005,0.17526178637415457,0.12606629804165034,0.04919548833250423,10
0.003,16.0,3.3000000000000007,0.17526178637415457,0.12606629804165034,0.04919548833250423,10
0.003,16.0,3.500000000000001,0.17526178637415457,0.12606629804165034,0.04919548833250423,10
0.003,16.0,3.7000000000000006,0.17526178637415457,0.12606629804165034,0.04919548833250423,10
0.003,16.0,3.900000000000001,0.17526178637415457,0.12606629804165034,0.04919548833250423,10
0.003,16.0,4.1000000000000005,0.17526178637415457,0.12606629804165034,0.04919548833250423,10
0.003,16.0,4.300000000000001,0.17526178637415457,0.12606629804165034,0.04919548833250423,10
0.003,16.0,4.500000000000001,0.17526178637415457,0.12606629804165034,0.04919548833250423,10
0.003,16.0,4.7,0.17526178637415457,0.12606629804165034,0.04919548833250423,10
0.003,16.0,4.9,0.17526178637415457,0.12606629804165034,0.04919548833250423,10
0.003,19.0,0.7000000000000001,0.17526178637415457,0.12606629804165034,0.04919548833250423,10
0.003,19.0,0.9000000000000001,0.17526178637415457,0.12606629804165034,0.04919548833250423,10
0.003,19.0,1.1000000000000003,0.17526178637415457,0.12606629804165034,0.04919548833250423,10
0.003,19.0,1.3000000000000003,0.17526178637415457,0.12606629804165034,0.04919548833250423,10
0.003,13.0,4.1000000000000005,0.17526178637415457,0.12606629804165034,0.04919548833250423,10
0.003,13.0,4.300000000000001,0.17526178637415457,0.12606629804165034,0.04919548833250423,10
0.003,13.0,4.500000000000001,0.17526178637415457,0.12606629804165034,0.04919548833250423,10
0.003,13.0,4.7,0.17526178637415457,0.12606629804165034,0.04919548833250423,10
0.003,13.0,4.9,0.17526178637415457,0.12606629804165034,0.04919548833250423,10
0.003,16.0,0.9000000000000001,0.17526178637415457,0.12606629804165034,0.04919548833250423,10
0.003,16.0,1.1000000000000003,0.17526178637415457,0.12606629804165034,0.04919548833250423,10
0.003,16.0,1.3000000000000003,0.17526178637415457,0.12606629804165034,0.04919548833250423,10
0.003,16.0,1.5000000000000004,0.17526178637415457,0.12606629804165034,0.04919548833250423,10
0.003,16.0,1.7000000000000004,0.17526178637415457,0.12606629804165034,0.04919548833250423,10
0.003,16.0,1.9000000000000004,0.17526178637415457,0.12606629804165034,0.04919548833250423,10
0.003,16.0,2.1000000000000005,0.17526178637415457,0.12606629804165034,0.04919548833250423,10
0.003,16.0,2.3000000000000007,0.17526178637415457,0.12606629804165034,0.04919548833250423,10
0.003,16.0,2.5000000000000004,0.17526178637415457,0.12606629804165034,0.04919548833250423,10
0.003,16.0,2.7000000000000006,0.17526178637415457,0.12606629804165034,0.04919548833250423,10
0.003,13.0,0.9000000000000001,0.17526178637415457,0.12606629804165034,0.04919548833250423,10
0.003,13.0,1.1000000000000003,0.17526178637415457,0.12606629804165034,0.04919548833250423,10
0.003,13.0,1.3000000000000003,0.17526178637415457,0.12606629804165034,0.04919548833250423,10
0.003,13.0,1.5000000000000004,0.17526178637415457,0.12606629804165034,0.04919548833250423,10
0.003,13.0,1.7000000000000004,0.17526178637415457,0.12606629804165034,0.04919548833250423,10
0.003,13.0,1.9000000000000004,0.17526178637415457,0.12606629804165034,0.04919548833250423,10
0.003,13.0,2.1000000000000005,0.17526178637415457,0.12606629804165034,0.04919548833250423,10
0.003,13.0,2.3000000000000007,0.17526178637415457,0.12606629804165034,0.04919548833250423,10
0.003,13.0,2.5000000000000004,0.17526178637415457,0.12606629804165034,0.04919548833250423,10
0.003,4.0,3.500000000000001,0.17526178637415457,0.12606629804165034,0.04919548833250423,10
0.003,4.0,3.7000000000000006,0.17526178637415457,0.12606629804165034,0.04919548833250423,10
0.003,4.0,3.900000000000001,0.17526178637415457,0.12606629804165034,0.04919548833250423,10
0.003,1.0,3.500000000000001,0.17526178637415457,0.12606629804165034,0.04919548833250423,10
0.003,1.0,3.7000000000000006,0.17526178637415457,0.12606629804165034,0.04919548833250423,10
0.003,1.0,3.900000000000001,0.17526178637415457,0.12606629804165034,0.04919548833250423,10
0.003,1.0,4.1000000000000005,0.17526178637415457,0.12606629804165034,0.04919548833250423,10
0.003,1.0,4.300000000000001,0.17526178637415457,0.12606629804165034,0.04919548833250423,10
0.003,1.0,4.500000000000001,0.17526178637415457,0.12606629804165034,0.04919548833250423,10
0.003,1.0,4.7,0.17526178637415457,0.12606629804165034,0.04919548833250423,10
0.003,4.0,4.9,0.17526178637415457,0.12606629804165034,0.04919548833250423,10
0.003,7.0,1.5000000000000004,0.17526178637415457,0.12606629804165034,0.04919548833250423,10
0.003,7.0,1.7000000000000004,0.17526178637415457,0.12606629804165034,0.04919548833250423,10
0.003,7.0,1.9000000000000004,0.17526178637415457,0.12606629804165034,0.04919548833250423,10
0.003,7.0,2.1000000000000005,0.17526178637415457,0.12606629804165034,0.04919548833250423,10
0.003,7.0,2.3000000000000007,0.17526178637415457,0.12606629804165034,0.04919548833250423,10
0.003,7.0,2.5000000000000004,0.17526178637415457,0.12606629804165034,0.04919548833250423,10
0.003,7.0,2.7000000000000006,0.17526178637415457,0.12606629804165034,0.04919548833250423,10
0.003,7.0,2.900000000000001,0.17526178637415457,0.12606629804165034,0.04919548833250423,10
0.003,1.0,4.9,0.17526178637415457,0.12606629804165034,0.04919548833250423,10
0.003,4.0,2.3000000000000007,0.17526178637415457,0.12606629804165034,0.04919548833250423,10
0.003,4.0,2.5000000000000004,0.17526178637415457,0.12606629804165034,0.04919548833250423,10
0.003,4.0,2.7000000000000006,0.17526178637415457,0.12606629804165034,0.04919548833250423,10
0.003,4.0,2.900000000000001,0.17526178637415457,0.12606629804165034,0.04919548833250423,10
0.003,4.0,3.1000000000000005,0.17526178637415457,0.12606629804165034,0.04919548833250423,10
0.003,4.0,3.3000000000000007,0.17526178637415457,0.12606629804165034,0.04919548833250423,10
0.003,4.0,4.1000000000000005,0.17526178637415457,0.12606629804165034,0.04919548833250423,10
0.003,4.0,4.300000000000001,0.17526178637415457,0.12606629804165034,0.04919548833250423,10
0.003,4.0,4.500000000000001,0.17526178637415457,0.12606629804165034,0.04919548833250423,10
0.003,4.0,4.7,0.17526178637415457,0.12606629804165034,0.04919548833250423,10
0.003,13.0,2.7000000000000006,0.17526178637415457,0.12606629804165034,0.04919548833250423,10
0.003,13.0,2.900000000000001,0.17526178637415457,0.12606629804165034,0.04919548833250423,10
0.003,13.0,3.1000000000000005,0.17526178637415457,0.12606629804165034,0.04919548833250423,10
0.003,13.0,3.3000000000000007,0.17526178637415457,0.12606629804165034,0.04919548833250423,10
0.003,13.0,3.500000000000001,0.17526178637415457,0.12606629804165034,0.04919548833250423,10
0.003,13.0,3.7000000000000006,0.17526178637415457,0.12606629804165034,0.04919548833250423,10
0.003,13.0,3.900000000000001,0.17526178637415457,0.12606629804165034,0.04919548833250423,10
0.003,10.0,3.500000000000001,0.17526178637415457,0.12606629804165034,0.04919548833250423,10
0.003,10.0,3.7000000000000006,0.17526178637415457,0.12606629804165034,0.04919548833250423,10
0.003,7.0,3.7000000000000006,0.17526178637415457,0.12606629804165034,0.04919548833250423,10
0.003,7.0,3.900000000000001,0.17526178637415457,0.12606629804165034,0.04919548833250423,10
0.003,7.0,4.1000000000000005,0.17526178637415457,0.12606629804165034,0.04919548833250423,10
0.003,7.0,4.300000000000001,0.17526178637415457,0.12606629804165034,0.04919548833250423,10
0.003,7.0,4.500000000000001,0.17526178637415457,0.12606629804165034,0.04919548833250423,10
0.003,7.0,4.7,0.17526178637415457,0.12606629804165034,0.04919548833250423,10
0.003,7.0,4.9,0.17526178637415457,0.12606629804165034,0.04919548833250423,10
0.003,10.0,1.1000000000000003,0.17526178637415457,0.12606629804165034,0.04919548833250423,10
0.003,10.0,1.3000000000000003,0.17526178637415457,0.12606629804165034,0.04919548833250423,10
0.003,10.0,1.5000000000000004,0.17526178637415457,0.12606629804165034,0.04919548833250423,10
0.003,10.0,1.7000000000000004,0.17526178637415457,0.12606629804165034,0.04919548833250423,10
0.003,10.0,1.9000000000000004,0.17526178637415457,0.12606629804165034,0.04919548833250423,10
0.003,10.0,3.900000000000001,0.17526178637415457,0.12606629804165034,0.04919548833250423,10
0.003,10.0,4.1000000000000005,0.17526178637415457,0.12606629804165034,0.04919548833250423,10
0.003,10.0,4.300000000000001,0.17526178637415457,0.12606629804165034,0.04919548833250423,10
0.003,10.0,4.500000000000001,0.17526178637415457,0.12606629804165034,0.04919548833250423,10
0.003,10.0,4.7,0.17526178637415457,0.12606629804165034,0.04919548833250423,10
0.003,10.0,4.9,0.17526178637415457,0.12606629804165034,0.04919548833250423,10
0.003,10.0,2.1000000000000005,0.17526178637415457,0.12606629804165034,0.04919548833250423,10
0.003,10.0,2.3000000000000007,0.17526178637415457,0.12606629804165034,0.04919548833250423,10
0.003,10.0,2.5000000000000004,0.17526178637415457,0.12606629804165034,0.04919548833250423,10
0.003,10.0,2.7000000000000006,0.17526178637415457,0.12606629804165034,0.04919548833250423,10
0.003,10.0,2.900000000000001,0.17526178637415457,0.12606629804165034,0.04919548833250423,10
0.003,10.0,3.1000000000000005,0.17526178637415457,0.12606629804165034,0.04919548833250423,10
0.003,10.0,3.3000000000000007,0.17526178637415457,0.12606629804165034,0.04919548833250423,10
0.003,7.0,3.1000000000000005,0.17526178637415457,0.12606629804165034,0.04919548833250423,10
0.003,7.0,3.3000000000000007,0.17526178637415457,0.12606629804165034,0.04919548833250423,10
0.003,7.0,3.500000000000001,0.17526178637415457,0.12606629804165034,0.04919548833250423,10
0.004,25.0,0.9000000000000001,0.17510726310505606,0.12613259847735606,0.048974664627700004,10
0.004,25.0,1.1000000000000003,0.17510726310505606,0.12613259847735606,0.048974664627700004,10
0.004,19.0,3.3000000000000007,0.17510726310505606,0.12613259847735606,0.048974664627700004,10
0.004,19.0,3.500000000000001,0.17510726310505606,0.12613259847735606,0.048974664627700004,10
0.004,19.0,3.7000000000000006,0.17510726310505606,0.12613259847735606,0.048974664627700004,10
0.004,19.0,3.900000000000001,0.17510726310505606,0.12613259847735606,0.048974664627700004,10
0.004,25.0,1.3000000000000003,0.17510726310505606,0.12613259847735606,0.048974664627700004,10
0.004,25.0,1.5000000000000004,0.17510726310505606,0.12613259847735606,0.048974664627700004,10
0.004,25.0,1.7000000000000004,0.17510726310505606,0.12613259847735606,0.048974664627700004,10
0.004,25.0,1.9000000000000004,0.17510726310505606,0.12613259847735606,0.048974664627700004,10
0.004,25.0,2.1000000000000005,0.17510726310505606,0.12613259847735606,0.048974664627700004,10
0.004,25.0,2.3000000000000007,0.17510726310505606,0.12613259847735606,0.048974664627700004,10
0.004,25.0,2.5000000000000004,0.17510726310505606,0.12613259847735606,0.048974664627700004,10
0.004,25.0,2.7000000000000006,0.17510726310505606,0.12613259847735606,0.048974664627700004,10
0.004,25.0,2.900000000000001,0.17510726310505606,0.12613259847735606,0.048974664627700004,10
0.004,22.0,1.9000000000000004,0.17510726310505606,0.12613259847735606,0.048974664627700004,10
0.004,22.0,2.1000000000000005,0.17510726310505606,0.12613259847735606,0.048974664627700004,10
0.004,22.0,2.3000000000000007,0.17510726310505606,0.12613259847735606,0.048974664627700004,10
0.004,19.0,4.1000000000000005,0.17510726310505606,0.12613259847735606,0.048974664627700004,10
0.004,19.0,4.300000000000001,0.17510726310505606,0.12613259847735606,0.048974664627700004,10
0.004,19.0,4.500000000000001,0.17510726310505606,0.12613259847735606,0.048974664627700004,10
0.004,19.0,4.7,0.17510726310505606,0.12613259847735606,0.048974664627700004,10
0.004,19.0,4.9,0.17510726310505606,0.12613259847735606,0.048974664627700004,10
0.004,22.0,0.5000000000000001,0.17510726310505606,0.12613259847735606,0.048974664627700004,10
0.004,22.0,0.7000000000000001,0.17510726310505606,0.12613259847735606,0.048974664627700004,10
0.004,22.0,0.9000000000000001,0.17510726310505606,0.12613259847735606,0.048974664627700004,10
0.004,22.0,1.1000000000000003,0.17510726310505606,0.12613259847735606,0.048974664627700004,10
0.004,22.0,1.3000000000000003,0.17510726310505606,0.12613259847735606,0.048974664627700004,10
0.004,16.0,4.500000000000001,0.17510726310505606,0.12613259847735606,0.048974664627700004,10
0.004,16.0,4.7,0.17510726310505606,0.12613259847735606,0.048974664627700004,10
0.004,16.0,4.9,0.17510726310505606,0.12613259847735606,0.048974664627700004,10
0.004,19.0,0.7000000000000001,0.17510726310505606,0.12613259847735606,0.048974664627700004,10
0.004,19.0,0.9000000000000001,0.17510726310505606,0.12613259847735606,0.048974664627700004,10
0.004,19.0,1.1000000000000003,0.17510726310505606,0.12613259847735606,0.048974664627700004,10
0.004,19.0,1.3000000000000003,0.17510726310505606,0.12613259847735606,0.048974664627700004,10
0.004,19.0,1.5000000000000004,0.17510726310505606,0.12613259847735606,0.048974664627700004,10
0.004,19.0,1.7000000000000004,0.17510726310505606,0.12613259847735606,0.048974664627700004,10
0.004,19.0,1.9000000000000004,0.17510726310505606,0.12613259847735606,0.048974664627700004,10
0.004,19.0,2.1000000000000005,0.17510726310505606,0.12613259847735606,0.048974664627700004,10
0.004,19.0,2.3000000000000007,0.17510726310505606,0.12613259847735606,0.048974664627700004,10
0.004,19.0,2.5000000000000004,0.17510726310505606,0.12613259847735606,0.048974664627700004,10
0.004,19.0,2.7000000000000006,0.17510726310505606,0.12613259847735606,0.048974664627700004,10
0.004,19.0,2.900000000000001,0.17510726310505606,0.12613259847735606,0.048974664627700004,10
0.004,16.0,1.3000000000000003,0.17510726310505606,0.12613259847735606,0.048974664627700004,10
0.004,16.0,1.5000000000000004,0.17510726310505606,0.12613259847735606,0.048974664627700004,10
0.004,16.0,1.7000000000000004,0.17510726310505606,0.12613259847735606,0.048974664627700004,10
0.004,16.0,1.9000000000000004,0.17510726310505606,0.12613259847735606,0.048974664627700004,10
0.004,16.0,2.1000000000000005,0.17510726310505606,0.12613259847735606,0.048974664627700004,10
0.004,16.0,2.3000000000000007,0.17510726310505606,0.12613259847735606,0.048974664627700004,10
0.004,16.0,2.5000000000000004,0.17510726310505606,0.12613259847735606,0.048974664627700004,10
0.004,16.0,2.7000000000000006,0.17510726310505606,0.12613259847735606,0.048974664627700004,10
0.004,16.0,2.900000000000001,0.17510726310505606,0.12613259847735606,0.048974664627700004,10
0.004,16.0,3.1000000000000005,0.17510726310505606,0.12613259847735606,0.048974664627700004,10
0.004,16.0,3.3000000000000007,0.17510726310505606,0.12613259847735606,0.048974664627700004,10
0.004,16.0,3.500000000000001,0.17510726310505606,0.12613259847735606,0.048974664627700004,10
0.004,16.0,3.7000000000000006,0.17510726310505606,0.12613259847735606,0.048974664627700004,10
0.004,16.0,3.900000000000001,0.17510726310505606,0.12613259847735606,0.048974664627700004,10
0.004,16.0,4.1000000000000005,0.17510726310505606,0.12613259847735606,0.048974664627700004,10
0.004,16.0,4.300000000000001,0.17510726310505606,0.12613259847735606,0.048974664627700004,10
0.004,13.0,2.5000000000000004,0.17510726310505606,0.12613259847735606,0.048974664627700004,10
0.004,13.0,2.7000000000000006,0.17510726310505606,0.12613259847735606,0.048974664627700004,10
0.004,13.0,2.900000000000001,0.17510726310505606,0.12613259847735606,0.048974664627700004,10
0.004,13.0,3.1000000000000005,0.17510726310505606,0.12613259847735606,0.048974664627700004,10
0.004,13.0,3.3000000000000007,0.17510726310505606,0.12613259847735606,0.048974664627700004,10
0.004,13.0,3.500000000000001,0.17510726310505606,0.12613259847735606,0.048974664627700004,10
0.004,13.0,3.7000000000000006,0.17510726310505606,0.12613259847735606,0.048974664627700004,10
0.004,13.0,3.900000000000001,0.17510726310505606,0.12613259847735606,0.048974664627700004,10
0.004,13.0,4.1000000000000005,0.17510726310505606,0.12613259847735606,0.048974664627700004,10
0.004,13.0,4.300000000000001,0.17510726310505606,0.12613259847735606,0.048974664627700004,10
0.004,13.0,4.500000000000001,0.17510726310505606,0.12613259847735606,0.048974664627700004,10
0.004,13.0,4.7,0.17510726310505606,0.12613259847735606,0.048974664627700004,10
0.004,13.0,4.9,0.17510726310505606,0.12613259847735606,0.048974664627700004,10
0.004,16.0,0.9000000000000001,0.17510726310505606,0.12613259847735606,0.048974664627700004,10
0.004,16.0,1.1000000000000003,0.17510726310505606,0.12613259847735606,0.048974664627700004,10
0.004,10.0,3.7000000000000006,0.17510726310505606,0.12613259847735606,0.048974664627700004,10
0.004,10.0,3.900000000000001,0.17510726310505606,0.12613259847735606,0.048974664627700004,10
0.004,10.0,4.1000000000000005,0.17510726310505606,0.12613259847735606,0.048974664627700004,10
0.004,10.0,4.300000000000001,0.17510726310505606,0.12613259847735606,0.048974664627700004,10
0.004,10.0,4.500000000000001,0.17510726310505606,0.12613259847735606,0.048974664627700004,10
0.004,10.0,4.7,0.17510726310505606,0.12613259847735606,0.048974664627700004,10
0.004,10.0,4.9,0.17510726310505606,0.12613259847735606,0.048974664627700004,10
0.004,13.0,0.9000000000000001,0.17510726310505606,0.12613259847735606,0.048974664627700004,10
0.004,13.0,1.1000000000000003,0.17510726310505606,0.12613259847735606,0.048974664627700004,10
0.004,13.0,1.3000000000000003,0.17510726310505606,0.12613259847735606,0.048974664627700004,10
0.004,13.0,1.5000000000000004,0.17510726310505606,0.12613259847735606,0.048974664627700004,10
0.004,13.0,1.7000000000000004,0.17510726310505606,0.12613259847735606,0.048974664627700004,10
0.004,13.0,1.9000000000000004,0.17510726310505606,0.12613259847735606,0.048974664627700004,10
0.004,13.0,2.1000000000000005,0.17510726310505606,0.12613259847735606,0.048974664627700004,10
0.004,13.0,2.3000000000000007,0.17510726310505606,0.12613259847735606,0.048974664627700004,10
0.004,7.0,4.7,0.17510726310505606,0.12613259847735606,0.048974664627700004,10
0.004,7.0,4.9,0.17510726310505606,0.12613259847735606,0.048974664627700004,10
0.004,10.0,1.1000000000000003,0.17510726310505606,0.12613259847735606,0.048974664627700004,10
0.004,10.0,1.3000000000000003,0.17510726310505606,0.12613259847735606,0.048974664627700004,10
0.004,10.0,1.5000000000000004,0.17510726310505606,0.12613259847735606,0.048974664627700004,10
0.004,10.0,1.7000000000000004,0.17510726310505606,0.12613259847735606,0.048974664627700004,10
0.004,10.0,1.9000000000000004,0.17510726310505606,0.12613259847735606,0.048974664627700004,10
0.004,10.0,2.1000000000000005,0.17510726310505606,0.12613259847735606,0.048974664627700004,10
0.004,10.0,2.3000000000000007,0.17510726310505606,0.12613259847735606,0.048974664627700004,10
0.004,10.0,2.5000000000000004,0.17510726310505606,0.12613259847735606,0.048974664627700004,10
0.004,10.0,2.7000000000000006,0.17510726310505606,0.12613259847735606,0.048974664627700004,10
0.004,10.0,2.900000000000001,0.17510726310505606,0.12613259847735606,0.048974664627700004,10
0.004,10.0,3.1000000000000005,0.17510726310505606,0.12613259847735606,0.048974664627700004,10
0.004,10.0,3.3000000000000007,0.17510726310505606,0.12613259847735606,0.048974664627700004,10
0.004,10.0,3.500000000000001,0.17510726310505606,0.12613259847735606,0.048974664627700004,10
0.004,28.0,1.5000000000000004,0.17510726310505606,0.12613259847735606,0.048974664627700004,10
0.004,28.0,1.7000000000000004,0.17510726310505606,0.12613259847735606,0.048974664627700004,10
0.004,28.0,1.9000000000000004,0.17510726310505606,0.12613259847735606,0.048974664627700004,10
0.004,28.0,2.1000000000000005,0.17510726310505606,0.12613259847735606,0.048974664627700004,10
0.004,28.0,2.3000000000000007,0.17510726310505606,0.12613259847735606,0.048974664627700004,10
0.004,28.0,2.5000000000000004,0.17510726310505606,0.12613259847735606,0.048974664627700004,10
0.004,28.0,2.7000000000000006,0.17510726310505606,0.12613259847735606,0.048974664627700004,10
0.004,28.0,2.900000000000001,0.17510726310505606,0.12613259847735606,0.048974664627700004,10
0.004,28.0,3.1000000000000005,0.17510726310505606,0.12613259847735606,0.048974664627700004,10
0.004,28.0,3.3000000000000007,0.17510726310505606,0.12613259847735606,0.048974664627700004,10
0.004,28.0,3.500000000000001,0.17510726310505606,0.12613259847735606,0.048974664627700004,10
0.004,28.0,3.7000000000000006,0.17510726310505606,0.12613259847735606,0.048974664627700004,10
0.004,28.0,3.900000000000001,0.17510726310505606,0.12613259847735606,0.048974664627700004,10
0.004,28.0,4.1000000000000005,0.17510726310505606,0.12613259847735606,0.048974664627700004,10
0.004,28.0,4.300000000000001,0.17510726310505606,0.12613259847735606,0.048974664627700004,10
0.004,28.0,4.500000000000001,0.17510726310505606,0.12613259847735606,0.048974664627700004,10
0.004,28.0,4.7,0.17510726310505606,0.12613259847735606,0.048974664627700004,10
0.004,28.0,4.9,0.17510726310505606,0.12613259847735606,0.048974664627700004,10
0.004,7.0,3.3000000000000007,0.17510726310505606,0.12613259847735606,0.048974664627700004,10
0.004,7.0,3.500000000000001,0.17510726310505606,0.12613259847735606,0.048974664627700004,10
0.004,7.0,3.7000000000000006,0.17510726310505606,0.12613259847735606,0.048974664627700004,10
0.004,7.0,3.900000000000001,0.17510726310505606,0.12613259847735606,0.048974664627700004,10
0.004,7.0,4.1000000000000005,0.17510726310505606,0.12613259847735606,0.048974664627700004,10
0.004,7.0,4.300000000000001,0.17510726310505606,0.12613259847735606,0.048974664627700004,10
0.004,7.0,4.500000000000001,0.17510726310505606,0.12613259847735606,0.048974664627700004,10
0.004,7.0,1.5000000000000004,0.17510726310505606,0.12613259847735606,0.048974664627700004,10
0.004,7.0,1.7000000000000004,0.17510726310505606,0.12613259847735606,0.048974664627700004,10
0.004,7.0,1.9000000000000004,0.17510726310505606,0.12613259847735606,0.048974664627700004,10
0.004,7.0,2.1000000000000005,0.17510726310505606,0.12613259847735606,0.048974664627700004,10
0.004,7.0,2.3000000000000007,0.17510726310505606,0.12613259847735606,0.048974664627700004,10
0.004,7.0,2.5000000000000004,0.17510726310505606,0.12613259847735606,0.048974664627700004,10
0.004,7.0,2.7000000000000006,0.17510726310505606,0.12613259847735606,0.048974664627700004,10
0.004,7.0,2.900000000000001,0.17510726310505606,0.12613259847735606,0.048974664627700004,10
0.004,7.0,3.1000000000000005,0.17510726310505606,0.12613259847735606,0.048974664627700004,10
0.004,25.0,3.7000000000000006,0.17510726310505606,0.12613259847735606,0.048974664627700004,10
0.004,25.0,3.900000000000001,0.17510726310505606,0.12613259847735606,0.048974664627700004,10
0.004,25.0,4.1000000000000005,0.17510726310505606,0.12613259847735606,0.048974664627700004,10
0.004,4.0,2.3000000000000007,0.17510726310505606,0.12613259847735606,0.048974664627700004,10
0.004,4.0,2.5000000000000004,0.17510726310505606,0.12613259847735606,0.048974664627700004,10
0.004,4.0,2.7000000000000006,0.17510726310505606,0.12613259847735606,0.048974664627700004,10
0.004,4.0,2.900000000000001,0.17510726310505606,0.12613259847735606,0.048974664627700004,10
0.004,4.0,3.1000000000000005,0.17510726310505606,0.12613259847735606,0.048974664627700004,10
0.004,4.0,3.3000000000000007,0.17510726310505606,0.12613259847735606,0.048974664627700004,10
0.004,4.0,3.500000000000001,0.17510726310505606,0.12613259847735606,0.048974664627700004,10
0.004,4.0,3.7000000000000006,0.17510726310505606,0.12613259847735606,0.048974664627700004,10
0.004,4.0,3.900000000000001,0.17510726310505606,0.12613259847735606,0.048974664627700004,10
0.004,4.0,4.1000000000000005,0.17510726310505606,0.12613259847735606,0.048974664627700004,10
0.004,4.0,4.300000000000001,0.17510726310505606,0.12613259847735606,0.048974664627700004,10
0.004,25.0,3.1000000000000005,0.17510726310505606,0.12613259847735606,0.048974664627700004,10
0.004,25.0,3.3000000000000007,0.17510726310505606,0.12613259847735606,0.048974664627700004,10
0.004,25.0,3.500000000000001,0.17510726310505606,0.12613259847735606,0.048974664627700004,10
0.004,4.0,4.500000000000001,0.17510726310505606,0.12613259847735606,0.048974664627700004,10
0.004,4.0,4.7,0.17510726310505606,0.12613259847735606,0.048974664627700004,10
0.004,4.0,4.9,0.17510726310505606,0.12613259847735606,0.048974664627700004,10
0.004,1.0,3.500000000000001,0.17510726310505606,0.12613259847735606,0.048974664627700004,10
0.004,1.0,3.7000000000000006,0.17510726310505606,0.12613259847735606,0.048974664627700004,10
0.004,1.0,3.900000000000001,0.17510726310505606,0.12613259847735606,0.048974664627700004,10
0.004,1.0,4.1000000000000005,0.17510726310505606,0.12613259847735606,0.048974664627700004,10
0.004,1.0,4.300000000000001,0.17510726310505606,0.12613259847735606,0.048974664627700004,10
0.004,1.0,4.500000000000001,0.17510726310505606,0.12613259847735606,0.048974664627700004,10
0.004,1.0,4.7,0.17510726310505606,0.12613259847735606,0.048974664627700004,10
0.004,1.0,4.9,0.17510726310505606,0.12613259847735606,0.048974664627700004,10
0.004,25.0,4.300000000000001,0.17510726310505606,0.12613259847735606,0.048974664627700004,10
0.004,25.0,4.500000000000001,0.17510726310505606,0.12613259847735606,0.048974664627700004,10
0.004,25.0,4.7,0.17510726310505606,0.12613259847735606,0.048974664627700004,10
0.004,25.0,4.9,0.17510726310505606,0.12613259847735606,0.048974664627700004,10
0.004,28.0,0.30000000000000004,0.17510726310505606,0.12613259847735606,0.048974664627700004,10
0.004,28.0,0.5000000000000001,0.17510726310505606,0.12613259847735606,0.048974664627700004,10
0.004,28.0,0.7000000000000001,0.17510726310505606,0.12613259847735606,0.048974664627700004,10
0.004,28.0,0.9000000000000001,0.17510726310505606,0.12613259847735606,0.048974664627700004,10
0.004,28.0,1.1000000000000003,0.17510726310505606,0.12613259847735606,0.048974664627700004,10
0.004,28.0,1.3000000000000003,0.17510726310505606,0.12613259847735606,0.048974664627700004,10
0.004,22.0,4.9,0.17510726310505606,0.12613259847735606,0.048974664627700004,10
0.004,25.0,0.5000000000000001,0.17510726310505606,0.12613259847735606,0.048974664627700004,10
0.004,25.0,0.7000000000000001,0.17510726310505606,0.12613259847735606,0.048974664627700004,10
0.004,22.0,2.5000000000000004,0.17510726310505606,0.12613259847735606,0.048974664627700004,10
0.004,22.0,2.7000000000000006,0.17510726310505606,0.12613259847735606,0.048974664627700004,10
0.004,22.0,2.900000000000001,0.17510726310505606,0.12613259847735606,0.048974664627700004,10
0.004,22.0,3.1000000000000005,0.17510726310505606,0.12613259847735606,0.048974664627700004,10
0.004,22.0,3.3000000000000007,0.17510726310505606,0.12613259847735606,0.048974664627700004,10
0.004,22.0,3.500000000000001,0.17510726310505606,0.12613259847735606,0.048974664627700004,10
0.004,22.0,3.7000000000000006,0.17510726310505606,0.12613259847735606,0.048974664627700004,10
0.004,22.0,3.900000000000001,0.17510726310505606,0.12613259847735606,0.048974664627700004,10
0.004,22.0,4.1000000000000005,0.17510726310505606,0.12613259847735606,0.048974664627700004,10
0.004,22.0,4.300000000000001,0.17510726310505606,0.12613259847735606,0.048974664627700004,10
0.004,22.0,4.500000000000001,0.17510726310505606,0.12613259847735606,0.048974664627700004,10
0.004,19.0,3.1000000000000005,0.17510726310505606,0.12613259847735606,0.048974664627700004,10
0.004,22.0,4.7,0.17510726310505606,0.12613259847735606,0.048974664627700004,10
0.004,22.0,1.7000000000000004,0.17510726310505606,0.12613259847735606,0.048974664627700004,10
0.004,22.0,1.5000000000000004,0.17510726310505606,0.12613259847735606,0.048974664627700004,10
0.005,28.0,4.1000000000000005,0.17506086481137098,0.12613790880021145,0.048922956011159535,10
0.005,28.0,4.300000000000001,0.17506086481137098,0.12613790880021145,0.048922956011159535,10
0.005,28.0,4.500000000000001,0.17506086481137098,0.12613790880021145,0.048922956011159535,10
0.005,28.0,3.900000000000001,0.17506086481137098,0.12613790880021145,0.048922956011159535,10
0.005,7.0,3.7000000000000006,0.17506086481137098,0.12613790880021145,0.048922956011159535,10
0.005,7.0,3.500000000000001,0.17506086481137098,0.12613790880021145,0.048922956011159535,10
0.005,7.0,3.3000000000000007,0.17506086481137098,0.12613790880021145,0.048922956011159535,10
0.005,7.0,3.1000000000000005,0.17506086481137098,0.12613790880021145,0.048922956011159535,10
0.005,7.0,2.900000000000001,0.17506086481137098,0.12613790880021145,0.048922956011159535,10
0.005,7.0,2.7000000000000006,0.17506086481137098,0.12613790880021145,0.048922956011159535,10
0.005,7.0,2.5000000000000004,0.17506086481137098,0.12613790880021145,0.048922956011159535,10
0.005,7.0,2.3000000000000007,0.17506086481137098,0.12613790880021145,0.048922956011159535,10
0.005,7.0,2.1000000000000005,0.17506086481137098,0.12613790880021145,0.048922956011159535,10
0.005,7.0,1.9000000000000004,0.17506086481137098,0.12613790880021145,0.048922956011159535,10
0.005,7.0,1.7000000000000004,0.17506086481137098,0.12613790880021145,0.048922956011159535,10
0.005,7.0,1.5000000000000004,0.17506086481137098,0.12613790880021145,0.048922956011159535,10
0.005,4.0,4.9,0.17506086481137098,0.12613790880021145,0.048922956011159535,10
0.005,4.0,4.7,0.17506086481137098,0.12613790880021145,0.048922956011159535,10
0.005,4.0,4.500000000000001,0.17506086481137098,0.12613790880021145,0.048922956011159535,10
0.005,4.0,4.300000000000001,0.17506086481137098,0.12613790880021145,0.048922956011159535,10
0.005,4.0,4.1000000000000005,0.17506086481137098,0.12613790880021145,0.048922956011159535,10
0.005,4.0,3.900000000000001,0.17506086481137098,0.12613790880021145,0.048922956011159535,10
0.005,4.0,3.7000000000000006,0.17506086481137098,0.12613790880021145,0.048922956011159535,10
0.005,4.0,3.500000000000001,0.17506086481137098,0.12613790880021145,0.048922956011159535,10
0.005,4.0,3.3000000000000007,0.17506086481137098,0.12613790880021145,0.048922956011159535,10
0.005,19.0,1.1000000000000003,0.17506086481137098,0.12613790880021145,0.048922956011159535,10
0.005,19.0,0.9000000000000001,0.17506086481137098,0.12613790880021145,0.048922956011159535,10
0.005,19.0,0.7000000000000001,0.17506086481137098,0.12613790880021145,0.048922956011159535,10
0.005,16.0,4.9,0.17506086481137098,0.12613790880021145,0.048922956011159535,10
0.005,16.0,4.7,0.17506086481137098,0.12613790880021145,0.048922956011159535,10
0.005,16.0,4.500000000000001,0.17506086481137098,0.12613790880021145,0.048922956011159535,10
0.005,16.0,4.300000000000001,0.17506086481137098,0.12613790880021145,0.048922956011159535,10
0.005,16.0,4.1000000000000005,0.17506086481137098,0.12613790880021145,0.048922956011159535,10
0.005,16.0,3.900000000000001,0.17506086481137098,0.12613790880021145,0.048922956011159535,10
0.005,16.0,3.7000000000000006,0.17506086481137098,0.12613790880021145,0.048922956011159535,10
0.005,7.0,4.300000000000001,0.17506086481137098,0.12613790880021145,0.048922956011159535,10
0.005,7.0,4.1000000000000005,0.17506086481137098,0.12613790880021145,0.048922956011159535,10
0.005,7.0,3.900000000000001,0.17506086481137098,0.12613790880021145,0.048922956011159535,10
0.005,4.0,3.1000000000000005,0.17506086481137098,0.12613790880021145,0.048922956011159535,10
0.005,4.0,2.900000000000001,0.17506086481137098,0.12613790880021145,0.048922956011159535,10
0.005,4.0,2.7000000000000006,0.17506086481137098,0.12613790880021145,0.048922956011159535,10
0.005,4.0,2.5000000000000004,0.17506086481137098,0.12613790880021145,0.048922956011159535,10
0.005,4.0,2.3000000000000007,0.17506086481137098,0.12613790880021145,0.048922956011159535,10
0.005,16.0,2.900000000000001,0.17506086481137098,0.12613790880021145,0.048922956011159535,10
0.005,16.0,2.7000000000000006,0.17506086481137098,0.12613790880021145,0.048922956011159535,10
0.005,19.0,2.7000000000000006,0.17506086481137098,0.12613790880021145,0.048922956011159535,10
0.005,19.0,2.5000000000000004,0.17506086481137098,0.12613790880021145,0.048922956011159535,10
0.005,19.0,2.3000000000000007,0.17506086481137098,0.12613790880021145,0.048922956011159535,10
0.005,19.0,2.1000000000000005,0.17506086481137098,0.12613790880021145,0.048922956011159535,10
0.005,19.0,1.9000000000000004,0.17506086481137098,0.12613790880021145,0.048922956011159535,10
0.005,19.0,1.7000000000000004,0.17506086481137098,0.12613790880021145,0.048922956011159535,10
0.005,19.0,1.5000000000000004,0.17506086481137098,0.12613790880021145,0.048922956011159535,10
0.005,19.0,1.3000000000000003,0.17506086481137098,0.12613790880021145,0.048922956011159535,10
0.005,22.0,0.7000000000000001,0.17506086481137098,0.12613790880021145,0.048922956011159535,10
0.005,22.0,0.5000000000000001,0.17506086481137098,0.12613790880021145,0.048922956011159535,10
0.005,19.0,4.9,0.17506086481137098,0.12613790880021145,0.048922956011159535,10
0.005,1.0,4.9,0.17506086481137098,0.12613790880021145,0.048922956011159535,10
0.005,1.0,4.7,0.17506086481137098,0.12613790880021145,0.048922956011159535,10
0.005,1.0,4.500000000000001,0.17506086481137098,0.12613790880021145,0.048922956011159535,10
0.005,1.0,4.300000000000001,0.17506086481137098,0.12613790880021145,0.048922956011159535,10
0.005,1.0,4.1000000000000005,0.17506086481137098,0.12613790880021145,0.048922956011159535,10
0.005,1.0,3.900000000000001,0.17506086481137098,0.12613790880021145,0.048922956011159535,10
0.005,1.0,3.7000000000000006,0.17506086481137098,0.12613790880021145,0.048922956011159535,10
0.005,1.0,3.500000000000001,0.17506086481137098,0.12613790880021145,0.048922956011159535,10
0.005,19.0,4.1000000000000005,0.17506086481137098,0.12613790880021145,0.048922956011159535,10
0.005,19.0,3.900000000000001,0.17506086481137098,0.12613790880021145,0.048922956011159535,10
0.005,19.0,3.7000000000000006,0.17506086481137098,0.12613790880021145,0.048922956011159535,10
0.005,19.0,3.500000000000001,0.17506086481137098,0.12613790880021145,0.048922956011159535,10
0.005,19.0,3.3000000000000007,0.17506086481137098,0.12613790880021145,0.048922956011159535,10
0.005,19.0,3.1000000000000005,0.17506086481137098,0.12613790880021145,0.048922956011159535,10
0.005,19.0,2.900000000000001,0.17506086481137098,0.12613790880021145,0.048922956011159535,10
0.005,22.0,3.900000000000001,0.17506086481137098,0.12613790880021145,0.048922956011159535,10
0.005,22.0,3.7000000000000006,0.17506086481137098,0.12613790880021145,0.048922956011159535,10
0.005,22.0,3.500000000000001,0.17506086481137098,0.12613790880021145,0.048922956011159535,10
0.005,22.0,3.3000000000000007,0.17506086481137098,0.12613790880021145,0.048922956011159535,10
0.005,22.0,3.1000000000000005,0.17506086481137098,0.12613790880021145,0.048922956011159535,10
0.005,22.0,2.900000000000001,0.17506086481137098,0.12613790880021145,0.048922956011159535,10
0.005,16.0,3.500000000000001,0.17506086481137098,0.12613790880021145,0.048922956011159535,10
0.005,16.0,3.3000000000000007,0.17506086481137098,0.12613790880021145,0.048922956011159535,10
0.005,16.0,3.1000000000000005,0.17506086481137098,0.12613790880021145,0.048922956011159535,10
0.005,22.0,2.1000000000000005,0.17506086481137098,0.12613790880021145,0.048922956011159535,10
0.005,22.0,1.9000000000000004,0.17506086481137098,0.12613790880021145,0.048922956011159535,10
0.005,22.0,1.7000000000000004,0.17506086481137098,0.12613790880021145,0.048922956011159535,10
0.005,22.0,1.5000000000000004,0.17506086481137098,0.12613790880021145,0.048922956011159535,10
0.005,22.0,1.3000000000000003,0.17506086481137098,0.12613790880021145,0.048922956011159535,10
0.005,22.0,1.1000000000000003,0.17506086481137098,0.12613790880021145,0.048922956011159535,10
0.005,22.0,0.9000000000000001,0.17506086481137098,0.12613790880021145,0.048922956011159535,10
0.005,25.0,2.3000000000000007,0.17506086481137098,0.12613790880021145,0.048922956011159535,10
0.005,25.0,2.1000000000000005,0.17506086481137098,0.12613790880021145,0.048922956011159535,10
0.005,25.0,1.9000000000000004,0.17506086481137098,0.12613790880021145,0.048922956011159535,10
0.005,25.0,1.7000000000000004,0.17506086481137098,0.12613790880021145,0.048922956011159535,10
0.005,25.0,1.5000000000000004,0.17506086481137098,0.12613790880021145,0.048922956011159535,10
0.005,25.0,1.3000000000000003,0.17506086481137098,0.12613790880021145,0.048922956011159535,10
0.005,19.0,4.7,0.17506086481137098,0.12613790880021145,0.048922956011159535,10
0.005,19.0,4.500000000000001,0.17506086481137098,0.12613790880021145,0.048922956011159535,10
0.005,19.0,4.300000000000001,0.17506086481137098,0.12613790880021145,0.048922956011159535,10
0.005,25.0,0.5000000000000001,0.17506086481137098,0.12613790880021145,0.048922956011159535,10
0.005,22.0,4.9,0.17506086481137098,0.12613790880021145,0.048922956011159535,10
0.005,22.0,4.7,0.17506086481137098,0.12613790880021145,0.048922956011159535,10
0.005,22.0,4.500000000000001,0.17506086481137098,0.12613790880021145,0.048922956011159535,10
0.005,22.0,4.300000000000001,0.17506086481137098,0.12613790880021145,0.048922956011159535,10
0.005,22.0,4.1000000000000005,0.17506086481137098,0.12613790880021145,0.048922956011159535,10
0.005,16.0,2.5000000000000004,0.17506086481137098,0.12613790880021145,0.048922956011159535,10
0.005,16.0,2.3000000000000007,0.17506086481137098,0.12613790880021145,0.048922956011159535,10
0.005,16.0,2.1000000000000005,0.17506086481137098,0.12613790880021145,0.048922956011159535,10
0.005,16.0,1.9000000000000004,0.17506086481137098,0.12613790880021145,0.048922956011159535,10
0.005,16.0,1.7000000000000004,0.17506086481137098,0.12613790880021145,0.048922956011159535,10
0.005,16.0,1.5000000000000004,0.17506086481137098,0.12613790880021145,0.048922956011159535,10
0.005,16.0,1.3000000000000003,0.17506086481137098,0.12613790880021145,0.048922956011159535,10
0.005,22.0,2.7000000000000006,0.17506086481137098,0.12613790880021145,0.048922956011159535,10
0.005,22.0,2.5000000000000004,0.17506086481137098,0.12613790880021145,0.048922956011159535,10
0.005,22.0,2.3000000000000007,0.17506086481137098,0.12613790880021145,0.048922956011159535,10
0.005,13.0,4.7,0.17506086481137098,0.12613790880021145,0.048922956011159535,10
0.005,13.0,4.500000000000001,0.17506086481137098,0.12613790880021145,0.048922956011159535,10
0.005,13.0,4.300000000000001,0.17506086481137098,0.12613790880021145,0.048922956011159535,10
0.005,13.0,4.1000000000000005,0.17506086481137098,0.12613790880021145,0.048922956011159535,10
0.005,13.0,3.900000000000001,0.17506086481137098,0.12613790880021145,0.048922956011159535,10
0.005,28.0,0.5000000000000001,0.17506086481137098,0.12613790880021145,0.048922956011159535,10
0.005,28.0,0.30000000000000004,0.17506086481137098,0.12613790880021145,0.048922956011159535,10
0.005,25.0,4.9,0.17506086481137098,0.12613790880021145,0.048922956011159535,10
0.005,25.0,4.7,0.17506086481137098,0.12613790880021145,0.048922956011159535,10
0.005,25.0,4.500000000000001,0.17506086481137098,0.12613790880021145,0.048922956011159535,10
0.005,25.0,4.300000000000001,0.17506086481137098,0.12613790880021145,0.048922956011159535,10
0.005,25.0,4.1000000000000005,0.17506086481137098,0.12613790880021145,0.048922956011159535,10
0.005,25.0,3.900000000000001,0.17506086481137098,0.12613790880021145,0.048922956011159535,10
0.005,25.0,1.1000000000000003,0.17506086481137098,0.12613790880021145,0.048922956011159535,10
0.005,25.0,0.9000000000000001,0.17506086481137098,0.12613790880021145,0.048922956011159535,10
0.005,25.0,0.7000000000000001,0.17506086481137098,0.12613790880021145,0.048922956011159535,10
0.005,25.0,3.1000000000000005,0.17506086481137098,0.12613790880021145,0.048922956011159535,10
0.005,25.0,2.900000000000001,0.17506086481137098,0.12613790880021145,0.048922956011159535,10
0.005,25.0,2.7000000000000006,0.17506086481137098,0.12613790880021145,0.048922956011159535,10
0.005,25.0,2.5000000000000004,0.17506086481137098,0.12613790880021145,0.048922956011159535,10
0.005,13.0,3.7000000000000006,0.17506086481137098,0.12613790880021145,0.048922956011159535,10
0.005,13.0,3.500000000000001,0.17506086481137098,0.12613790880021145,0.048922956011159535,10
0.005,13.0,3.3000000000000007,0.17506086481137098,0.12613790880021145,0.048922956011159535,10
0.005,13.0,3.1000000000000005,0.17506086481137098,0.12613790880021145,0.048922956011159535,10
0.005,13.0,2.900000000000001,0.17506086481137098,0.12613790880021145,0.048922956011159535,10
0.005,13.0,2.7000000000000006,0.17506086481137098,0.12613790880021145,0.048922956011159535,10
0.005,13.0,2.5000000000000004,0.17506086481137098,0.12613790880021145,0.048922956011159535,10
0.005,13.0,2.3000000000000007,0.17506086481137098,0.12613790880021145,0.048922956011159535,10
0.005,13.0,2.1000000000000005,0.17506086481137098,0.12613790880021145,0.048922956011159535,10
0.005,16.0,1.1000000000000003,0.17506086481137098,0.12613790880021145,0.048922956011159535,10
0.005,16.0,0.9000000000000001,0.17506086481137098,0.12613790880021145,0.048922956011159535,10
0.005,13.0,4.9,0.17506086481137098,0.12613790880021145,0.048922956011159535,10
0.005,10.0,3.900000000000001,0.17506086481137098,0.12613790880021145,0.048922956011159535,10
0.005,10.0,3.7000000000000006,0.17506086481137098,0.12613790880021145,0.048922956011159535,10
0.005,10.0,3.500000000000001,0.17506086481137098,0.12613790880021145,0.048922956011159535,10
0.005,10.0,3.3000000000000007,0.17506086481137098,0.12613790880021145,0.048922956011159535,10
0.005,10.0,3.1000000000000005,0.17506086481137098,0.12613790880021145,0.048922956011159535,10
0.005,10.0,2.900000000000001,0.17506086481137098,0.12613790880021145,0.048922956011159535,10
0.005,10.0,2.7000000000000006,0.17506086481137098,0.12613790880021145,0.048922956011159535,10
0.005,13.0,1.9000000000000004,0.17506086481137098,0.12613790880021145,0.048922956011159535,10
0.005,13.0,1.7000000000000004,0.17506086481137098,0.12613790880021145,0.048922956011159535,10
0.005,13.0,1.5000000000000004,0.17506086481137098,0.12613790880021145,0.048922956011159535,10
0.005,13.0,1.3000000000000003,0.17506086481137098,0.12613790880021145,0.048922956011159535,10
0.005,13.0,1.1000000000000003,0.17506086481137098,0.12613790880021145,0.048922956011159535,10
0.005,13.0,0.9000000000000001,0.17506086481137098,0.12613790880021145,0.048922956011159535,10
0.005,25.0,3.7000000000000006,0.17506086481137098,0.12613790880021145,0.048922956011159535,10
0.005,25.0,3.500000000000001,0.17506086481137098,0.12613790880021145,0.048922956011159535,10
0.005,25.0,3.3000000000000007,0.17506086481137098,0.12613790880021145,0.048922956011159535,10
0.005,10.0,2.5000000000000004,0.17506086481137098,0.12613790880021145,0.048922956011159535,10
0.005,10.0,2.3000000000000007,0.17506086481137098,0.12613790880021145,0.048922956011159535,10
0.005,10.0,2.1000000000000005,0.17506086481137098,0.12613790880021145,0.048922956011159535,10
0.005,10.0,1.9000000000000004,0.17506086481137098,0.12613790880021145,0.048922956011159535,10
0.005,10.0,1.7000000000000004,0.17506086481137098,0.12613790880021145,0.048922956011159535,10
0.005,10.0,1.5000000000000004,0.17506086481137098,0.12613790880021145,0.048922956011159535,10
0.005,10.0,1.3000000000000003,0.17506086481137098,0.12613790880021145,0.048922956011159535,10
0.005,10.0,1.1000000000000003,0.17506086481137098,0.12613790880021145,0.048922956011159535,10
0.005,7.0,4.9,0.17506086481137098,0.12613790880021145,0.048922956011159535,10
0.005,7.0,4.7,0.17506086481137098,0.12613790880021145,0.048922956011159535,10
0.005,7.0,4.500000000000001,0.17506086481137098,0.12613790880021145,0.048922956011159535,10
0.005,10.0,4.9,0.17506086481137098,0.12613790880021145,0.048922956011159535,10
0.005,10.0,4.7,0.17506086481137098,0.12613790880021145,0.048922956011159535,10
0.005,10.0,4.500000000000001,0.17506086481137098,0.12613790880021145,0.048922956011159535,10
0.005,10.0,4.300000000000001,0.17506086481137098,0.12613790880021145,0.048922956011159535,10
0.005,10.0,4.1000000000000005,0.17506086481137098,0.12613790880021145,0.048922956011159535,10
0.005,28.0,4.7,0.17506086481137098,0.12613790880021145,0.048922956011159535,10
0.005,28.0,1.1000000000000003,0.17506086481137098,0.12613790880021145,0.048922956011159535,10
0.005,28.0,0.9000000000000001,0.17506086481137098,0.12613790880021145,0.048922956011159535,10
0.005,28.0,0.7000000000000001,0.17506086481137098,0.12613790880021145,0.048922956011159535,10
0.005,28.0,4.9,0.17506086481137098,0.12613790880021145,0.048922956011159535,10
0.005,28.0,3.7000000000000006,0.17506086481137098,0.12613790880021145,0.048922956011159535,10
0.005,28.0,3.500000000000001,0.17506086481137098,0.12613790880021145,0.048922956011159535,10
0.005,28.0,3.3000000000000007,0.17506086481137098,0.12613790880021145,0.048922956011159535,10
0.005,28.0,3.1000000000000005,0.17506086481137098,0.12613790880021145,0.048922956011159535,10
0.005,28.0,2.900000000000001,0.17506086481137098,0.12613790880021145,0.048922956011159535,10
0.005,28.0,2.7000000000000006,0.17506086481137098,0.12613790880021145,0.048922956011159535,10
0.005,28.0,2.5000000000000004,0.17506086481137098,0.12613790880021145,0.048922956011159535,10
0.005,28.0,2.3000000000000007,0.17506086481137098,0.12613790880021145,0.048922956011159535,10
0.005,28.0,2.1000000000000005,0.17506086481137098,0.12613790880021145,0.048922956011159535,10
0.005,28.0,1.9000000000000004,0.17506086481137098,0.12613790880021145,0.048922956011159535,10
0.005,28.0,1.7000000000000004,0.17506086481137098,0.12613790880021145,0.048922956011159535,10
0.005,28.0,1.5000000000000004,0.17506086481137098,0.12613790880021145,0.048922956011159535,10
0.005,28.0,1.3000000000000003,0.17506086481137098,0.12613790880021145,0.048922956011159535,10
0.006,25.0,1.5000000000000004,0.17503243284843356,0.12611934953725315,0.04891308331118041,10
0.006,25.0,1.7000000000000004,0.17503243284843356,0.12611934953725315,0.04891308331118041,10
0.006,25.0,1.9000000000000004,0.17503243284843356,0.12611934953725315,0.04891308331118041,10
0.006,28.0,4.9,0.17503243284843356,0.12611934953725315,0.04891308331118041,10
0.006,28.0,4.300000000000001,0.17503243284843356,0.12611934953725315,0.04891308331118041,10
0.006,28.0,4.500000000000001,0.17503243284843356,0.12611934953725315,0.04891308331118041,10
0.006,28.0,4.7,0.17503243284843356,0.12611934953725315,0.04891308331118041,10
0.006,28.0,0.9000000000000001,0.17503243284843356,0.12611934953725315,0.04891308331118041,10
0.006,28.0,1.1000000000000003,0.17503243284843356,0.12611934953725315,0.04891308331118041,10
0.006,28.0,1.3000000000000003,0.17503243284843356,0.12611934953725315,0.04891308331118041,10
0.006,28.0,1.5000000000000004,0.17503243284843356,0.12611934953725315,0.04891308331118041,10
0.006,28.0,1.7000000000000004,0.17503243284843356,0.12611934953725315,0.04891308331118041,10
0.006,28.0,1.9000000000000004,0.17503243284843356,0.12611934953725315,0.04891308331118041,10
0.006,28.0,2.1000000000000005,0.17503243284843356,0.12611934953725315,0.04891308331118041,10
0.006,28.0,2.3000000000000007,0.17503243284843356,0.12611934953725315,0.04891308331118041,10
0.006,28.0,2.5000000000000004,0.17503243284843356,0.12611934953725315,0.04891308331118041,10
0.006,19.0,3.500000000000001,0.17503243284843356,0.12611934953725315,0.04891308331118041,10
0.006,19.0,3.7000000000000006,0.17503243284843356,0.12611934953725315,0.04891308331118041,10
0.006,19.0,3.900000000000001,0.17503243284843356,0.12611934953725315,0.04891308331118041,10
0.006,25.0,3.7000000000000006,0.17503243284843356,0.12611934953725315,0.04891308331118041,10
0.006,25.0,3.900000000000001,0.17503243284843356,0.12611934953725315,0.04891308331118041,10
0.006,25.0,4.1000000000000005,0.17503243284843356,0.12611934953725315,0.04891308331118041,10
0.006,25.0,4.300000000000001,0.17503243284843356,0.12611934953725315,0.04891308331118041,10
0.006,28.0,2.7000000000000006,0.17503243284843356,0.12611934953725315,0.04891308331118041,10
0.006,28.0,2.900000000000001,0.17503243284843356,0.12611934953725315,0.04891308331118041,10
0.006,28.0,3.1000000000000005,0.17503243284843356,0.12611934953725315,0.04891308331118041,10
0.006,28.0,3.3000000000000007,0.17503243284843356,0.12611934953725315,0.04891308331118041,10
0.006,28.0,3.500000000000001,0.17503243284843356,0.12611934953725315,0.04891308331118041,10
0.006,19.0,4.1000000000000005,0.17503243284843356,0.12611934953725315,0.04891308331118041,10
0.006,19.0,4.300000000000001,0.17503243284843356,0.12611934953725315,0.04891308331118041,10
0.006,19.0,4.500000000000001,0.17503243284843356,0.12611934953725315,0.04891308331118041,10
0.006,19.0,4.7,0.17503243284843356,0.12611934953725315,0.04891308331118041,10
0.006,19.0,4.9,0.17503243284843356,0.12611934953725315,0.04891308331118041,10
0.006,22.0,0.5000000000000001,0.17503243284843356,0.12611934953725315,0.04891308331118041,10
0.006,22.0,0.7000000000000001,0.17503243284843356,0.12611934953725315,0.04891308331118041,10
0.006,16.0,3.500000000000001,0.17503243284843356,0.12611934953725315,0.04891308331118041,10
0.006,16.0,3.7000000000000006,0.17503243284843356,0.12611934953725315,0.04891308331118041,10
0.006,16.0,3.900000000000001,0.17503243284843356,0.12611934953725315,0.04891308331118041,10
0.006,16.0,4.1000000000000005,0.17503243284843356,0.12611934953725315,0.04891308331118041,10
0.006,16.0,4.300000000000001,0.17503243284843356,0.12611934953725315,0.04891308331118041,10
0.006,16.0,4.500000000000001,0.17503243284843356,0.12611934953725315,0.04891308331118041,10
0.006,16.0,4.7,0.17503243284843356,0.12611934953725315,0.04891308331118041,10
0.006,16.0,4.9,0.17503243284843356,0.12611934953725315,0.04891308331118041,10
0.006,19.0,0.7000000000000001,0.17503243284843356,0.12611934953725315,0.04891308331118041,10
0.006,19.0,0.9000000000000001,0.17503243284843356,0.12611934953725315,0.04891308331118041,10
0.006,19.0,1.1000000000000003,0.17503243284843356,0.12611934953725315,0.04891308331118041,10
0.006,19.0,1.3000000000000003,0.17503243284843356,0.12611934953725315,0.04891308331118041,10
0.006,19.0,1.5000000000000004,0.17503243284843356,0.12611934953725315,0.04891308331118041,10
0.006,19.0,1.7000000000000004,0.17503243284843356,0.12611934953725315,0.04891308331118041,10
0.006,19.0,1.9000000000000004,0.17503243284843356,0.12611934953725315,0.04891308331118041,10
0.006,19.0,2.1000000000000005,0.17503243284843356,0.12611934953725315,0.04891308331118041,10
0.006,13.0,4.500000000000001,0.17503243284843356,0.12611934953725315,0.04891308331118041,10
0.006,13.0,4.7,0.17503243284843356,0.12611934953725315,0.04891308331118041,10
0.006,13.0,4.9,0.17503243284843356,0.12611934953725315,0.04891308331118041,10
0.006,16.0,0.9000000000000001,0.17503243284843356,0.12611934953725315,0.04891308331118041,10
0.006,16.0,1.1000000000000003,0.17503243284843356,0.12611934953725315,0.04891308331118041,10
0.006,16.0,1.3000000000000003,0.17503243284843356,0.12611934953725315,0.04891308331118041,10
0.006,16.0,1.5000000000000004,0.17503243284843356,0.12611934953725315,0.04891308331118041,10
0.006,16.0,1.7000000000000004,0.17503243284843356,0.12611934953725315,0.04891308331118041,10
0.006,16.0,1.9000000000000004,0.17503243284843356,0.12611934953725315,0.04891308331118041,10
0.006,16.0,2.1000000000000005,0.17503243284843356,0.12611934953725315,0.04891308331118041,10
0.006,16.0,2.3000000000000007,0.17503243284843356,0.12611934953725315,0.04891308331118041,10
0.006,16.0,2.5000000000000004,0.17503243284843356,0.12611934953725315,0.04891308331118041,10
0.006,16.0,2.7000000000000006,0.17503243284843356,0.12611934953725315,0.04891308331118041,10
0.006,16.0,2.900000000000001,0.17503243284843356,0.12611934953725315,0.04891308331118041,10
0.006,16.0,3.1000000000000005,0.17503243284843356,0.12611934953725315,0.04891308331118041,10
0.006,16.0,3.3000000000000007,0.17503243284843356,0.12611934953725315,0.04891308331118041,10
0.006,13.0,1.3000000000000003,0.17503243284843356,0.12611934953725315,0.04891308331118041,10
0.006,13.0,1.5000000000000004,0.17503243284843356,0.12611934953725315,0.04891308331118041,10
0.006,13.0,1.7000000000000004,0.17503243284843356,0.12611934953725315,0.04891308331118041,10
0.006,13.0,1.9000000000000004,0.17503243284843356,0.12611934953725315,0.04891308331118041,10
0.006,13.0,2.1000000000000005,0.17503243284843356,0.12611934953725315,0.04891308331118041,10
0.006,13.0,2.3000000000000007,0.17503243284843356,0.12611934953725315,0.04891308331118041,10
0.006,13.0,2.5000000000000004,0.17503243284843356,0.12611934953725315,0.04891308331118041,10
0.006,13.0,2.7000000000000006,0.17503243284843356,0.12611934953725315,0.04891308331118041,10
0.006,13.0,2.900000000000001,0.17503243284843356,0.12611934953725315,0.04891308331118041,10
0.006,13.0,3.1000000000000005,0.17503243284843356,0.12611934953725315,0.04891308331118041,10
0.006,13.0,3.3000000000000007,0.17503243284843356,0.12611934953725315,0.04891308331118041,10
0.006,13.0,3.500000000000001,0.17503243284843356,0.12611934953725315,0.04891308331118041,10
0.006,13.0,3.7000000000000006,0.17503243284843356,0.12611934953725315,0.04891308331118041,10
0.006,13.0,3.900000000000001,0.17503243284843356,0.12611934953725315,0.04891308331118041,10
0.006,13.0,4.1000000000000005,0.17503243284843356,0.12611934953725315,0.04891308331118041,10
0.006,13.0,4.300000000000001,0.17503243284843356,0.12611934953725315,0.04891308331118041,10
0.006,10.0,2.3000000000000007,0.17503243284843356,0.12611934953725315,0.04891308331118041,10
0.006,10.0,2.5000000000000004,0.17503243284843356,0.12611934953725315,0.04891308331118041,10
0.006,10.0,2.7000000000000006,0.17503243284843356,0.12611934953725315,0.04891308331118041,10
0.006,10.0,2.900000000000001,0.17503243284843356,0.12611934953725315,0.04891308331118041,10
0.006,10.0,3.1000000000000005,0.17503243284843356,0.12611934953725315,0.04891308331118041,10
0.006,10.0,3.3000000000000007,0.17503243284843356,0.12611934953725315,0.04891308331118041,10
0.006,10.0,3.500000000000001,0.17503243284843356,0.12611934953725315,0.04891308331118041,10
0.006,10.0,3.7000000000000006,0.17503243284843356,0.12611934953725315,0.04891308331118041,10
0.006,10.0,3.900000000000001,0.17503243284843356,0.12611934953725315,0.04891308331118041,10
0.006,10.0,4.1000000000000005,0.17503243284843356,0.12611934953725315,0.04891308331118041,10
0.006,10.0,4.300000000000001,0.17503243284843356,0.12611934953725315,0.04891308331118041,10
0.006,10.0,4.500000000000001,0.17503243284843356,0.12611934953725315,0.04891308331118041,10
0.006,10.0,4.7,0.17503243284843356,0.12611934953725315,0.04891308331118041,10
0.006,10.0,4.9,0.17503243284843356,0.12611934953725315,0.04891308331118041,10
0.006,13.0,0.9000000000000001,0.17503243284843356,0.12611934953725315,0.04891308331118041,10
0.006,13.0,1.1000000000000003,0.17503243284843356,0.12611934953725315,0.04891308331118041,10
0.006,7.0,3.1000000000000005,0.17503243284843356,0.12611934953725315,0.04891308331118041,10
0.006,7.0,3.3000000000000007,0.17503243284843356,0.12611934953725315,0.04891308331118041,10
0.006,7.0,3.500000000000001,0.17503243284843356,0.12611934953725315,0.04891308331118041,10
0.006,7.0,3.7000000000000006,0.17503243284843356,0.12611934953725315,0.04891308331118041,10
0.006,7.0,3.900000000000001,0.17503243284843356,0.12611934953725315,0.04891308331118041,10
0.006,7.0,4.1000000000000005,0.17503243284843356,0.12611934953725315,0.04891308331118041,10
0.006,7.0,4.300000000000001,0.17503243284843356,0.12611934953725315,0.04891308331118041,10
0.006,7.0,4.500000000000001,0.17503243284843356,0.12611934953725315,0.04891308331118041,10
0.006,7.0,4.7,0.17503243284843356,0.12611934953725315,0.04891308331118041,10
0.006,7.0,4.9,0.17503243284843356,0.12611934953725315,0.04891308331118041,10
0.006,10.0,1.1000000000000003,0.17503243284843356,0.12611934953725315,0.04891308331118041,10
0.006,10.0,1.3000000000000003,0.17503243284843356,0.12611934953725315,0.04891308331118041,10
0.006,10.0,1.5000000000000004,0.17503243284843356,0.12611934953725315,0.04891308331118041,10
0.006,10.0,1.7000000000000004,0.17503243284843356,0.12611934953725315,0.04891308331118041,10
0.006,10.0,1.9000000000000004,0.17503243284843356,0.12611934953725315,0.04891308331118041,10
0.006,10.0,2.1000000000000005,0.17503243284843356,0.12611934953725315,0.04891308331118041,10
0.006,7.0,2.5000000000000004,0.17503243284843356,0.12611934953725315,0.04891308331118041,10
0.006,7.0,2.7000000000000006,0.17503243284843356,0.12611934953725315,0.04891308331118041,10
0.006,7.0,2.900000000000001,0.17503243284843356,0.12611934953725315,0.04891308331118041,10
0.006,4.0,3.900000000000001,0.17503243284843356,0.12611934953725315,0.04891308331118041,10
0.006,4.0,4.1000000000000005,0.17503243284843356,0.12611934953725315,0.04891308331118041,10
0.006,4.0,4.300000000000001,0.17503243284843356,0.12611934953725315,0.04891308331118041,10
0.006,4.0,4.500000000000001,0.17503243284843356,0.12611934953725315,0.04891308331118041,10
0.006,4.0,4.7,0.17503243284843356,0.12611934953725315,0.04891308331118041,10
0.006,4.0,4.9,0.17503243284843356,0.12611934953725315,0.04891308331118041,10
0.006,7.0,1.5000000000000004,0.17503243284843356,0.12611934953725315,0.04891308331118041,10
0.006,22.0,4.500000000000001,0.17503243284843356,0.12611934953725315,0.04891308331118041,10
0.006,22.0,4.7,0.17503243284843356,0.12611934953725315,0.04891308331118041,10
0.006,22.0,4.9,0.17503243284843356,0.12611934953725315,0.04891308331118041,10
0.006,7.0,1.7000000000000004,0.17503243284843356,0.12611934953725315,0.04891308331118041,10
0.006,7.0,1.9000000000000004,0.17503243284843356,0.12611934953725315,0.04891308331118041,10
0.006,7.0,2.1000000000000005,0.17503243284843356,0.12611934953725315,0.04891308331118041,10
0.006,7.0,2.3000000000000007,0.17503243284843356,0.12611934953725315,0.04891308331118041,10
0.006,22.0,0.9000000000000001,0.17503243284843356,0.12611934953725315,0.04891308331118041,10
0.006,22.0,1.1000000000000003,0.17503243284843356,0.12611934953725315,0.04891308331118041,10
0.006,22.0,1.3000000000000003,0.17503243284843356,0.12611934953725315,0.04891308331118041,10
0.006,22.0,1.5000000000000004,0.17503243284843356,0.12611934953725315,0.04891308331118041,10
0.006,22.0,1.7000000000000004,0.17503243284843356,0.12611934953725315,0.04891308331118041,10
0.006,22.0,1.9000000000000004,0.17503243284843356,0.12611934953725315,0.04891308331118041,10
0.006,22.0,2.1000000000000005,0.17503243284843356,0.12611934953725315,0.04891308331118041,10
0.006,22.0,2.3000000000000007,0.17503243284843356,0.12611934953725315,0.04891308331118041,10
0.006,22.0,2.5000000000000004,0.17503243284843356,0.12611934953725315,0.04891308331118041,10
0.006,22.0,2.7000000000000006,0.17503243284843356,0.12611934953725315,0.04891308331118041,10
0.006,22.0,2.900000000000001,0.17503243284843356,0.12611934953725315,0.04891308331118041,10
0.006,22.0,3.1000000000000005,0.17503243284843356,0.12611934953725315,0.04891308331118041,10
0.006,22.0,3.3000000000000007,0.17503243284843356,0.12611934953725315,0.04891308331118041,10
0.006,22.0,3.500000000000001,0.17503243284843356,0.12611934953725315,0.04891308331118041,10
0.006,22.0,3.7000000000000006,0.17503243284843356,0.12611934953725315,0.04891308331118041,10
0.006,22.0,3.900000000000001,0.17503243284843356,0.12611934953725315,0.04891308331118041,10
0.006,22.0,4.1000000000000005,0.17503243284843356,0.12611934953725315,0.04891308331118041,10
0.006,22.0,4.300000000000001,0.17503243284843356,0.12611934953725315,0.04891308331118041,10
0.006,1.0,4.500000000000001,0.17503243284843356,0.12611934953725315,0.04891308331118041,10
0.006,1.0,4.7,0.17503243284843356,0.12611934953725315,0.04891308331118041,10
0.006,1.0,4.9,0.17503243284843356,0.12611934953725315,0.04891308331118041,10
0.006,4.0,2.3000000000000007,0.17503243284843356,0.12611934953725315,0.04891308331118041,10
0.006,4.0,2.5000000000000004,0.17503243284843356,0.12611934953725315,0.04891308331118041,10
0.006,4.0,2.7000000000000006,0.17503243284843356,0.12611934953725315,0.04891308331118041,10
0.006,4.0,2.900000000000001,0.17503243284843356,0.12611934953725315,0.04891308331118041,10
0.006,4.0,3.1000000000000005,0.17503243284843356,0.12611934953725315,0.04891308331118041,10
0.006,4.0,3.3000000000000007,0.17503243284843356,0.12611934953725315,0.04891308331118041,10
0.006,4.0,3.500000000000001,0.17503243284843356,0.12611934953725315,0.04891308331118041,10
0.006,4.0,3.7000000000000006,0.17503243284843356,0.12611934953725315,0.04891308331118041,10
0.006,1.0,3.500000000000001,0.17503243284843356,0.12611934953725315,0.04891308331118041,10
0.006,1.0,3.7000000000000006,0.17503243284843356,0.12611934953725315,0.04891308331118041,10
0.006,1.0,3.900000000000001,0.17503243284843356,0.12611934953725315,0.04891308331118041,10
0.006,1.0,4.1000000000000005,0.17503243284843356,0.12611934953725315,0.04891308331118041,10
0.006,1.0,4.300000000000001,0.17503243284843356,0.12611934953725315,0.04891308331118041,10
0.006,25.0,2.1000000000000005,0.17503243284843356,0.12611934953725315,0.04891308331118041,10
0.006,25.0,2.3000000000000007,0.17503243284843356,0.12611934953725315,0.04891308331118041,10
0.006,25.0,2.5000000000000004,0.17503243284843356,0.12611934953725315,0.04891308331118041,10
0.006,25.0,2.7000000000000006,0.17503243284843356,0.12611934953725315,0.04891308331118041,10
0.006,25.0,2.900000000000001,0.17503243284843356,0.12611934953725315,0.04891308331118041,10
0.006,25.0,3.1000000000000005,0.17503243284843356,0.12611934953725315,0.04891308331118041,10
0.006,25.0,3.3000000000000007,0.17503243284843356,0.12611934953725315,0.04891308331118041,10
0.006,19.0,2.3000000000000007,0.17503243284843356,0.12611934953725315,0.04891308331118041,10
0.006,19.0,2.5000000000000004,0.17503243284843356,0.12611934953725315,0.04891308331118041,10
0.006,19.0,2.7000000000000006,0.17503243284843356,0.12611934953725315,0.04891308331118041,10
0.006,19.0,2.900000000000001,0.17503243284843356,0.12611934953725315,0.04891308331118041,10
0.006,19.0,3.1000000000000005,0.17503243284843356,0.12611934953725315,0.04891308331118041,10
0.006,19.0,3.3000000000000007,0.17503243284843356,0.12611934953725315,0.04891308331118041,10
0.006,28.0,3.7000000000000006,0.17503243284843356,0.12611934953725315,0.04891308331118041,10
0.006,28.0,3.900000000000001,0.17503243284843356,0.12611934953725315,0.04891308331118041,10
0.006,28.0,4.1000000000000005,0.17503243284843356,0.12611934953725315,0.04891308331118041,10
0.006,25.0,4.500000000000001,0.17503243284843356,0.12611934953725315,0.04891308331118041,10
0.006,25.0,4.7,0.17503243284843356,0.12611934953725315,0.04891308331118041,10
0.006,25.0,4.9,0.17503243284843356,0.12611934953725315,0.04891308331118041,10
0.006,28.0,0.30000000000000004,0.17503243284843356,0.12611934953725315,0.04891308331118041,10
0.006,28.0,0.5000000000000001,0.17503243284843356,0.12611934953725315,0.04891308331118041,10
0.006,28.0,0.7000000000000001,0.17503243284843356,0.12611934953725315,0.04891308331118041,10
0.006,25.0,3.500000000000001,0.17503243284843356,0.12611934953725315,0.04891308331118041,10
0.006,25.0,0.5000000000000001,0.17503243284843356,0.12611934953725315,0.04891308331118041,10
0.006,25.0,0.7000000000000001,0.17503243284843356,0.12611934953725315,0.04891308331118041,10
0.006,25.0,0.9000000000000001,0.17503243284843356,0.12611934953725315,0.04891308331118041,10
0.006,25.0,1.1000000000000003,0.17503243284843356,0.12611934953725315,0.04891308331118041,10
0.006,25.0,1.3000000000000003,0.17503243284843356,0.12611934953725315,0.04891308331118041,10
0.002,7.0,1.1000000000000003,0.1831691146718579,0.13454716103551753,0.048621953636340365,9
0.003,7.0,1.1000000000000003,0.1831514178135374,0.13455297336141617,0.04859844445212122,9
0.004,7.0,1.1000000000000003,0.18297926650013158,0.1346308128871822,0.04834845361294937,9
0.005,7.0,1.1000000000000003,0.18292660720038542,0.13463728046917453,0.04828932673121089,9
0.006,7.0,1.1000000000000003,0.18289414043723334,0.13461923004798199,0.04827491038925136,9
0.006,7.0,0.1,0.05473502211603517,0.007283536794532424,0.04745148532150274,5
0.005,7.0,0.1,0.05323080991159281,0.006024542932712931,0.047206266978879884,5
0.004,7.0,0.1,0.05259076222667035,0.00658108833560034,0.04600967389107001,4
0.003,7.0,0.1,0.05258957638494821,0.0065812591725483965,0.04600831721239981,4
0.002,7.0,0.1,0.052588934399616864,0.006581777348410158,0.046007157051206705,4
0.001,7.0,0.1,0.052587014109616234,0.006580964984737246,0.04600604912487899,4
0.002,1.0,3.1000000000000005,0.1813948586925245,0.136803328466579,0.0445915302259455,10
0.002,4.0,1.9000000000000004,0.1813948586925245,0.136803328466579,0.0445915302259455,10
0.002,1.0,2.900000000000001,0.1813948586925245,0.136803328466579,0.0445915302259455,10
0.002,1.0,3.3000000000000007,0.1813948586925245,0.136803328466579,0.0445915302259455,10
0.002,4.0,2.1000000000000005,0.1813948586925245,0.136803328466579,0.0445915302259455,10
0.003,1.0,3.3000000000000007,0.1813815439552327,0.1368073741321197,0.04457416982311299,10
0.003,1.0,3.1000000000000005,0.1813815439552327,0.1368073741321197,0.04457416982311299,10
0.003,1.0,2.900000000000001,0.1813815439552327,0.1368073741321197,0.04457416982311299,10
0.003,4.0,2.1000000000000005,0.1813815439552327,0.1368073741321197,0.04457416982311299,10
0.003,4.0,1.9000000000000004,0.1813815439552327,0.1368073741321197,0.04457416982311299,10
0.004,1.0,3.3000000000000007,0.18122696663322543,0.13687527086212464,0.04435169577110079,10
0.004,4.0,1.9000000000000004,0.18122696663322543,0.13687527086212464,0.04435169577110079,10
0.004,4.0,2.1000000000000005,0.18122696663322543,0.13687527086212464,0.04435169577110079,10
0.004,1.0,2.900000000000001,0.18122696663322543,0.13687527086212464,0.04435169577110079,10
0.004,1.0,3.1000000000000005,0.18122696663322543,0.13687527086212464,0.04435169577110079,10
0.005,4.0,1.9000000000000004,0.18117982420985648,0.13688071581433842,0.044299108395518066,10
0.005,4.0,2.1000000000000005,0.18117982420985648,0.13688071581433842,0.044299108395518066,10
0.005,1.0,2.900000000000001,0.18117982420985648,0.13688071581433842,0.044299108395518066,10
0.005,1.0,3.3000000000000007,0.18117982420985648,0.13688071581433842,0.044299108395518066,10
0.005,1.0,3.1000000000000005,0.18117982420985648,0.13688071581433842,0.044299108395518066,10
0.004,1.0,1.5000000000000004,0.06716947355905932,0.022876863121988195,0.044292610437071125,7
0.006,4.0,2.1000000000000005,0.18115183965473758,0.13686579027099696,0.04428604938374062,10
0.006,1.0,3.1000000000000005,0.18115183965473758,0.13686579027099696,0.04428604938374062,10
0.006,1.0,3.3000000000000007,0.18115183965473758,0.13686579027099696,0.04428604938374062,10
0.006,1.0,2.900000000000001,0.18115183965473758,0.13686579027099696,0.04428604938374062,10
0.006,4.0,1.9000000000000004,0.18115183965473758,0.13686579027099696,0.04428604938374062,10
0.005,1.0,1.5000000000000004,0.06716126745843258,0.022879946085190492,0.04428132137324209,7
0.003,1.0,1.5000000000000004,0.06812481180598581,0.02458031593379757,0.04354449587218824,6
0.001,1.0,1.5000000000000004,0.06812456024435651,0.02458275951009832,0.04354180073425819,6
0.002,1.0,1.5000000000000004,0.06812291840927086,0.02458143737609787,0.043541481033172985,6
0.006,1.0,1.5000000000000004,0.06812352174299015,0.024582089527983138,0.04354143221500701,6
0.001,25.0,0.1,0.17005445478987796,0.12865002351252017,0.041404431277357795,9
0.001,13.0,0.5000000000000001,0.16416831440238847,0.12315893494840606,0.041009379453982406,10
0.001,10.0,0.9000000000000001,0.1684933905126054,0.128051027534296,0.04044236297830939,10
0.001,13.0,0.7000000000000001,0.1684933905126054,0.128051027534296,0.04044236297830939,10
0.001,19.0,0.30000000000000004,0.16704928862952398,0.12690651744736672,0.040142771182157255,10
0.001,22.0,0.30000000000000004,0.16703254038128204,0.12689405087377326,0.040138489507508784,10
0.001,16.0,0.5000000000000001,0.16703025293517018,0.1268923496603222,0.04013790327484798,10
0.002,7.0,1.3000000000000003,0.17784785388142438,0.13922839129728154,0.03861946258414284,10
0.003,7.0,1.3000000000000003,0.17783256291061417,0.13923385152960407,0.03859871138101009,10
0.004,7.0,1.3000000000000003,0.17767808158808682,0.13929657694564163,0.03838150464244519,10
0.005,7.0,1.3000000000000003,0.17763095861834002,0.13930069768933945,0.038330260929000576,10
0.006,7.0,1.3000000000000003,0.17760285317665084,0.13928525150593365,0.03831760167071718,10
0.004,1.0,1.3000000000000003,0.04512691320306653,0.009836248792504968,0.035290664410561556,6
0.005,1.0,1.3000000000000003,0.04511947598172006,0.009836700528713252,0.03528277545300681,6
0.001,1.0,1.3000000000000003,0.04525453007843888,0.010768379686314616,0.034486150392124264,5
0.002,1.0,1.3000000000000003,0.04525266610279778,0.010770319998390348,0.03448234610440743,5
0.006,1.0,1.3000000000000003,0.04525429010965034,0.010772387246416068,0.03448190286323427,5
0.003,1.0,1.3000000000000003,0.045253165130581294,0.01077218125499984,0.034480983875581454,5
0.004,4.0,0.30000000000000004,0.03396073063471906,0.005256729105606856,0.028704001529112202,3
0.002,4.0,0.30000000000000004,0.03396274641436601,0.00525892926749572,0.02870381714687029,3
0.003,4.0,0.30000000000000004,0.033959875216391856,0.005258212208540072,0.028701663007851784,3
0.006,4.0,0.30000000000000004,0.03395749853902147,0.005258319727897914,0.028699178811123556,3
0.001,4.0,0.30000000000000004,0.03396142439967866,0.005262396308875382,0.02869902809080328,3
0.001,16.0,0.7000000000000001,0.15654554336325174,0.12958183252742975,0.026963710835821997,9
0.001,19.0,0.5000000000000001,0.15654554336325174,0.12958183252742975,0.026963710835821997,9
0.001,25.0,0.30000000000000004,0.15654554336325174,0.12958183252742975,0.026963710835821997,9
0.006,1.0,1.1000000000000003,0.0353189361287502,0.008382791496958503,0.026936144631791697,5
0.001,1.0,1.1000000000000003,0.032511805795182286,0.006951819850743685,0.0255599859444386,4
0.002,1.0,1.1000000000000003,0.032509921894402175,0.006953751515441263,0.02555617037896091,4
0.003,1.0,1.1000000000000003,0.03250848918576111,0.0069556140737005966,0.025552875112060513,4
0.005,4.0,0.30000000000000004,0.03131410132681705,0.006459376773183716,0.024854724553633335,4
0.002,4.0,1.7000000000000004,0.15953024518261605,0.13484579497575985,0.024684450206856196,9
0.003,4.0,1.7000000000000004,0.1595128501601855,0.1348491911135714,0.024663659046614078,9
0.004,4.0,1.7000000000000004,0.15934115210236693,0.1348977609247625,0.02444339117760444,9
0.005,4.0,1.7000000000000004,0.15928881116249813,0.1348954131619266,0.024393398000571526,9
0.006,4.0,1.7000000000000004,0.15925673727534992,0.13487228352129374,0.02438445375405618,9
0.001,10.0,0.7000000000000001,0.143575163733091,0.12065421214743344,0.022920951585657573,9
0.001,1.0,0.9000000000000001,0.02372532451101152,0.0017242474402935064,0.022001077070718016,3
0.002,1.0,0.9000000000000001,0.023723854608070832,0.0017239964898640024,0.02199985811820683,3
0.003,1.0,0.9000000000000001,0.023718469770969957,0.0017283610634463737,0.021990108707523583,3
0.006,1.0,0.9000000000000001,0.026453900310520837,0.004969420254074305,0.02148448005644653,4
0.001,22.0,0.5000000000000001,0.14721831329462662,0.12607648938572072,0.0211418239089059,10
0.001,13.0,1.7000000000000004,0.14721831329462662,0.12607648938572072,0.0211418239089059,10
0.001,10.0,2.7000000000000006,0.14721831329462662,0.12607648938572072,0.0211418239089059,10
0.001,22.0,3.7000000000000006,0.14721831329462662,0.12607648938572072,0.0211418239089059,10
0.001,13.0,0.9000000000000001,0.14721831329462662,0.12607648938572072,0.0211418239089059,10
0.001,13.0,1.1000000000000003,0.14721831329462662,0.12607648938572072,0.0211418239089059,10
0.001,13.0,1.5000000000000004,0.14721831329462662,0.12607648938572072,0.0211418239089059,10
0.001,10.0,2.5000000000000004,0.14721831329462662,0.12607648938572072,0.0211418239089059,10
0.001,4.0,4.9,0.14721831329462662,0.12607648938572072,0.0211418239089059,10
0.001,10.0,2.3000000000000007,0.14721831329462662,0.12607648938572072,0.0211418239089059,10
0.001,19.0,4.500000000000001,0.14721831329462662,0.12607648938572072,0.0211418239089059,10
0.001,19.0,4.300000000000001,0.14721831329462662,0.12607648938572072,0.0211418239089059,10
0.001,19.0,4.1000000000000005,0.14721831329462662,0.12607648938572072,0.0211418239089059,10
0.001,4.0,4.7,0.14721831329462662,0.12607648938572072,0.0211418239089059,10
0.001,25.0,2.900000000000001,0.14721831329462662,0.12607648938572072,0.0211418239089059,10
0.001,25.0,2.7000000000000006,0.14721831329462662,0.12607648938572072,0.0211418239089059,10
0.001,19.0,4.9,0.14721831329462662,0.12607648938572072,0.0211418239089059,10
0.001,19.0,4.7,0.14721831329462662,0.12607648938572072,0.0211418239089059,10
0.001,22.0,3.1000000000000005,0.14721831329462662,0.12607648938572072,0.0211418239089059,10
0.001,22.0,2.900000000000001,0.14721831329462662,0.12607648938572072,0.0211418239089059,10
0.001,25.0,0.5000000000000001,0.14721831329462662,0.12607648938572072,0.0211418239089059,10
0.001,22.0,4.9,0.14721831329462662,0.12607648938572072,0.0211418239089059,10
0.001,28.0,1.1000000000000003,0.14721831329462662,0.12607648938572072,0.0211418239089059,10
0.001,28.0,0.9000000000000001,0.14721831329462662,0.12607648938572072,0.0211418239089059,10
0.001,28.0,0.7000000000000001,0.14721831329462662,0.12607648938572072,0.0211418239089059,10
0.001,28.0,0.5000000000000001,0.14721831329462662,0.12607648938572072,0.0211418239089059,10
0.001,7.0,2.7000000000000006,0.14721831329462662,0.12607648938572072,0.0211418239089059,10
0.001,7.0,2.5000000000000004,0.14721831329462662,0.12607648938572072,0.0211418239089059,10
0.001,7.0,2.3000000000000007,0.14721831329462662,0.12607648938572072,0.0211418239089059,10
0.001,19.0,3.900000000000001,0.14721831329462662,0.12607648938572072,0.0211418239089059,10
0.001,19.0,3.7000000000000006,0.14721831329462662,0.12607648938572072,0.0211418239089059,10
0.001,19.0,3.500000000000001,0.14721831329462662,0.12607648938572072,0.0211418239089059,10
0.001,19.0,3.3000000000000007,0.14721831329462662,0.12607648938572072,0.0211418239089059,10
0.001,22.0,3.3000000000000007,0.14721831329462662,0.12607648938572072,0.0211418239089059,10
0.001,22.0,2.7000000000000006,0.14721831329462662,0.12607648938572072,0.0211418239089059,10
0.001,7.0,1.5000000000000004,0.14721831329462662,0.12607648938572072,0.0211418239089059,10
0.001,7.0,1.7000000000000004,0.14721831329462662,0.12607648938572072,0.0211418239089059,10
0.001,7.0,1.9000000000000004,0.14721831329462662,0.12607648938572072,0.0211418239089059,10
0.001,7.0,2.1000000000000005,0.14721831329462662,0.12607648938572072,0.0211418239089059,10
0.001,22.0,2.1000000000000005,0.14721831329462662,0.12607648938572072,0.0211418239089059,10
0.001,25.0,2.5000000000000004,0.14721831329462662,0.12607648938572072,0.0211418239089059,10
0.001,22.0,2.5000000000000004,0.14721831329462662,0.12607648938572072,0.0211418239089059,10
0.001,1.0,4.1000000000000005,0.14721831329462662,0.12607648938572072,0.0211418239089059,10
0.001,1.0,3.900000000000001,0.14721831329462662,0.12607648938572072,0.0211418239089059,10
0.001,1.0,3.7000000000000006,0.14721831329462662,0.12607648938572072,0.0211418239089059,10
0.001,16.0,4.7,0.14721831329462662,0.12607648938572072,0.0211418239089059,10
0.001,16.0,4.500000000000001,0.14721831329462662,0.12607648938572072,0.0211418239089059,10
0.001,16.0,4.300000000000001,0.14721831329462662,0.12607648938572072,0.0211418239089059,10
0.001,22.0,2.3000000000000007,0.14721831329462662,0.12607648938572072,0.0211418239089059,10
0.001,25.0,2.3000000000000007,0.14721831329462662,0.12607648938572072,0.0211418239089059,10
0.001,16.0,3.900000000000001,0.14721831329462662,0.12607648938572072,0.0211418239089059,10
0.001,16.0,4.1000000000000005,0.14721831329462662,0.12607648938572072,0.0211418239089059,10
0.001,19.0,3.1000000000000005,0.14721831329462662,0.12607648938572072,0.0211418239089059,10
0.001,19.0,2.900000000000001,0.14721831329462662,0.12607648938572072,0.0211418239089059,10
0.001,19.0,2.7000000000000006,0.14721831329462662,0.12607648938572072,0.0211418239089059,10
0.001,19.0,2.5000000000000004,0.14721831329462662,0.12607648938572072,0.0211418239089059,10
0.001,19.0,2.3000000000000007,0.14721831329462662,0.12607648938572072,0.0211418239089059,10
0.001,19.0,2.1000000000000005,0.14721831329462662,0.12607648938572072,0.0211418239089059,10
0.001,1.0,4.9,0.14721831329462662,0.12607648938572072,0.0211418239089059,10
0.001,1.0,4.7,0.14721831329462662,0.12607648938572072,0.0211418239089059,10
0.001,13.0,1.3000000000000003,0.14721831329462662,0.12607648938572072,0.0211418239089059,10
0.001,22.0,4.500000000000001,0.14721831329462662,0.12607648938572072,0.0211418239089059,10
0.001,22.0,1.7000000000000004,0.14721831329462662,0.12607648938572072,0.0211418239089059,10
0.001,22.0,1.9000000000000004,0.14721831329462662,0.12607648938572072,0.0211418239089059,10
0.001,22.0,4.1000000000000005,0.14721831329462662,0.12607648938572072,0.0211418239089059,10
0.001,22.0,4.300000000000001,0.14721831329462662,0.12607648938572072,0.0211418239089059,10
0.001,25.0,3.500000000000001,0.14721831329462662,0.12607648938572072,0.0211418239089059,10
0.001,1.0,3.500000000000001,0.14721831329462662,0.12607648938572072,0.0211418239089059,10
0.001,16.0,4.9,0.14721831329462662,0.12607648938572072,0.0211418239089059,10
0.001,19.0,0.7000000000000001,0.14721831329462662,0.12607648938572072,0.0211418239089059,10
0.001,1.0,4.300000000000001,0.14721831329462662,0.12607648938572072,0.0211418239089059,10
0.001,1.0,4.500000000000001,0.14721831329462662,0.12607648938572072,0.0211418239089059,10
0.001,28.0,4.300000000000001,0.14721831329462662,0.12607648938572072,0.0211418239089059,10
0.001,25.0,3.3000000000000007,0.14721831329462662,0.12607648938572072,0.0211418239089059,10
0.001,25.0,1.9000000000000004,0.14721831329462662,0.12607648938572072,0.0211418239089059,10
0.001,25.0,1.7000000000000004,0.14721831329462662,0.12607648938572072,0.0211418239089059,10
0.001,25.0,1.5000000000000004,0.14721831329462662,0.12607648938572072,0.0211418239089059,10
0.001,25.0,1.3000000000000003,0.14721831329462662,0.12607648938572072,0.0211418239089059,10
0.001,28.0,3.900000000000001,0.14721831329462662,0.12607648938572072,0.0211418239089059,10
0.001,28.0,3.7000000000000006,0.14721831329462662,0.12607648938572072,0.0211418239089059,10
0.001,28.0,3.500000000000001,0.14721831329462662,0.12607648938572072,0.0211418239089059,10
0.001,25.0,3.1000000000000005,0.14721831329462662,0.12607648938572072,0.0211418239089059,10
0.001,19.0,1.9000000000000004,0.14721831329462662,0.12607648938572072,0.0211418239089059,10
0.001,19.0,1.7000000000000004,0.14721831329462662,0.12607648938572072,0.0211418239089059,10
0.001,19.0,1.3000000000000003,0.14721831329462662,0.12607648938572072,0.0211418239089059,10
0.001,19.0,1.5000000000000004,0.14721831329462662,0.12607648938572072,0.0211418239089059,10
0.001,19.0,1.1000000000000003,0.14721831329462662,0.12607648938572072,0.0211418239089059,10
0.001,19.0,0.9000000000000001,0.14721831329462662,0.12607648938572072,0.0211418239089059,10
0.001,4.0,4.500000000000001,0.14721831329462662,0.12607648938572072,0.0211418239089059,10
0.001,4.0,4.300000000000001,0.14721831329462662,0.12607648938572072,0.0211418239089059,10
0.001,4.0,4.1000000000000005,0.14721831329462662,0.12607648938572072,0.0211418239089059,10
0.001,4.0,3.900000000000001,0.14721831329462662,0.12607648938572072,0.0211418239089059,10
0.001,4.0,3.7000000000000006,0.14721831329462662,0.12607648938572072,0.0211418239089059,10
0.001,4.0,3.500000000000001,0.14721831329462662,0.12607648938572072,0.0211418239089059,10
0.001,25.0,1.1000000000000003,0.14721831329462662,0.12607648938572072,0.0211418239089059,10
0.001,25.0,0.9000000000000001,0.14721831329462662,0.12607648938572072,0.0211418239089059,10
0.001,25.0,0.7000000000000001,0.14721831329462662,0.12607648938572072,0.0211418239089059,10
0.001,28.0,4.1000000000000005,0.14721831329462662,0.12607648938572072,0.0211418239089059,10
0.001,4.0,2.7000000000000006,0.14721831329462662,0.12607648938572072,0.0211418239089059,10
0.001,4.0,2.5000000000000004,0.14721831329462662,0.12607648938572072,0.0211418239089059,10
0.001,16.0,2.3000000000000007,0.14721831329462662,0.12607648938572072,0.0211418239089059,10
0.001,4.0,2.3000000000000007,0.14721831329462662,0.12607648938572072,0.0211418239089059,10
0.001,16.0,1.9000000000000004,0.14721831329462662,0.12607648938572072,0.0211418239089059,10
0.001,16.0,1.7000000000000004,0.14721831329462662,0.12607648938572072,0.0211418239089059,10
0.001,16.0,1.5000000000000004,0.14721831329462662,0.12607648938572072,0.0211418239089059,10
0.001,16.0,2.1000000000000005,0.14721831329462662,0.12607648938572072,0.0211418239089059,10
0.001,16.0,1.1000000000000003,0.14721831329462662,0.12607648938572072,0.0211418239089059,10
0.001,16.0,0.9000000000000001,0.14721831329462662,0.12607648938572072,0.0211418239089059,10
0.001,16.0,3.7000000000000006,0.14721831329462662,0.12607648938572072,0.0211418239089059,10
0.001,16.0,3.500000000000001,0.14721831329462662,0.12607648938572072,0.0211418239089059,10
0.001,16.0,3.3000000000000007,0.14721831329462662,0.12607648938572072,0.0211418239089059,10
0.001,16.0,3.1000000000000005,0.14721831329462662,0.12607648938572072,0.0211418239089059,10
0.001,16.0,2.900000000000001,0.14721831329462662,0.12607648938572072,0.0211418239089059,10
0.001,16.0,1.3000000000000003,0.14721831329462662,0.12607648938572072,0.0211418239089059,10
0.001,13.0,3.3000000000000007,0.14721831329462662,0.12607648938572072,0.0211418239089059,10
0.001,16.0,2.7000000000000006,0.14721831329462662,0.12607648938572072,0.0211418239089059,10
0.001,16.0,2.5000000000000004,0.14721831329462662,0.12607648938572072,0.0211418239089059,10
0.001,7.0,4.9,0.14721831329462662,0.12607648938572072,0.0211418239089059,10
0.001,7.0,4.7,0.14721831329462662,0.12607648938572072,0.0211418239089059,10
0.001,7.0,4.500000000000001,0.14721831329462662,0.12607648938572072,0.0211418239089059,10
0.001,7.0,4.300000000000001,0.14721831329462662,0.12607648938572072,0.0211418239089059,10
0.001,7.0,4.1000000000000005,0.14721831329462662,0.12607648938572072,0.0211418239089059,10
0.001,7.0,3.900000000000001,0.14721831329462662,0.12607648938572072,0.0211418239089059,10
0.001,13.0,3.1000000000000005,0.14721831329462662,0.12607648938572072,0.0211418239089059,10
0.001,13.0,2.900000000000001,0.14721831329462662,0.12607648938572072,0.0211418239089059,10
0.001,13.0,2.7000000000000006,0.14721831329462662,0.12607648938572072,0.0211418239089059,10
0.001,4.0,3.3000000000000007,0.14721831329462662,0.12607648938572072,0.0211418239089059,10
0.001,4.0,3.1000000000000005,0.14721831329462662,0.12607648938572072,0.0211418239089059,10
0.001,4.0,2.900000000000001,0.14721831329462662,0.12607648938572072,0.0211418239089059,10
0.001,25.0,2.1000000000000005,0.14721831329462662,0.12607648938572072,0.0211418239089059,10
0.001,28.0,1.3000000000000003,0.14721831329462662,0.12607648938572072,0.0211418239089059,10
0.001,28.0,1.5000000000000004,0.14721831329462662,0.12607648938572072,0.0211418239089059,10
0.001,28.0,1.7000000000000004,0.14721831329462662,0.12607648938572072,0.0211418239089059,10
0.001,13.0,2.5000000000000004,0.14721831329462662,0.12607648938572072,0.0211418239089059,10
0.001,22.0,0.7000000000000001,0.14721831329462662,0.12607648938572072,0.0211418239089059,10
0.001,22.0,1.5000000000000004,0.14721831329462662,0.12607648938572072,0.0211418239089059,10
0.001,22.0,1.1000000000000003,0.14721831329462662,0.12607648938572072,0.0211418239089059,10
0.001,22.0,1.3000000000000003,0.14721831329462662,0.12607648938572072,0.0211418239089059,10
0.001,25.0,4.500000000000001,0.14721831329462662,0.12607648938572072,0.0211418239089059,10
0.001,25.0,4.300000000000001,0.14721831329462662,0.12607648938572072,0.0211418239089059,10
0.001,25.0,4.1000000000000005,0.14721831329462662,0.12607648938572072,0.0211418239089059,10
0.001,25.0,3.900000000000001,0.14721831329462662,0.12607648938572072,0.0211418239089059,10
0.001,25.0,3.7000000000000006,0.14721831329462662,0.12607648938572072,0.0211418239089059,10
0.001,28.0,0.30000000000000004,0.14721831329462662,0.12607648938572072,0.0211418239089059,10
0.001,25.0,4.9,0.14721831329462662,0.12607648938572072,0.0211418239089059,10
0.001,22.0,0.9000000000000001,0.14721831329462662,0.12607648938572072,0.0211418239089059,10
0.001,13.0,4.500000000000001,0.14721831329462662,0.12607648938572072,0.0211418239089059,10
0.001,13.0,4.300000000000001,0.14721831329462662,0.12607648938572072,0.0211418239089059,10
0.001,13.0,3.900000000000001,0.14721831329462662,0.12607648938572072,0.0211418239089059,10
0.001,13.0,4.1000000000000005,0.14721831329462662,0.12607648938572072,0.0211418239089059,10
0.001,13.0,3.500000000000001,0.14721831329462662,0.12607648938572072,0.0211418239089059,10
0.001,10.0,4.300000000000001,0.14721831329462662,0.12607648938572072,0.0211418239089059,10
0.001,13.0,2.3000000000000007,0.14721831329462662,0.12607648938572072,0.0211418239089059,10
0.001,13.0,3.7000000000000006,0.14721831329462662,0.12607648938572072,0.0211418239089059,10
0.001,13.0,2.1000000000000005,0.14721831329462662,0.12607648938572072,0.0211418239089059,10
0.001,13.0,1.9000000000000004,0.14721831329462662,0.12607648938572072,0.0211418239089059,10
0.001,7.0,3.500000000000001,0.14721831329462662,0.12607648938572072,0.0211418239089059,10
0.001,7.0,3.7000000000000006,0.14721831329462662,0.12607648938572072,0.0211418239089059,10
0.001,7.0,3.3000000000000007,0.14721831329462662,0.12607648938572072,0.0211418239089059,10
0.001,13.0,4.9,0.14721831329462662,0.12607648938572072,0.0211418239089059,10
0.001,13.0,4.7,0.14721831329462662,0.12607648938572072,0.0211418239089059,10
0.001,25.0,4.7,0.14721831329462662,0.12607648938572072,0.0211418239089059,10
0.001,10.0,4.1000000000000005,0.14721831329462662,0.12607648938572072,0.0211418239089059,10
0.001,7.0,2.900000000000001,0.14721831329462662,0.12607648938572072,0.0211418239089059,10
0.001,7.0,3.1000000000000005,0.14721831329462662,0.12607648938572072,0.0211418239089059,10
0.001,10.0,3.900000000000001,0.14721831329462662,0.12607648938572072,0.0211418239089059,10
0.001,10.0,3.1000000000000005,0.14721831329462662,0.12607648938572072,0.0211418239089059,10
0.001,10.0,3.7000000000000006,0.14721831329462662,0.12607648938572072,0.0211418239089059,10
0.001,10.0,3.500000000000001,0.14721831329462662,0.12607648938572072,0.0211418239089059,10
0.001,10.0,3.3000000000000007,0.14721831329462662,0.12607648938572072,0.0211418239089059,10
0.001,28.0,3.3000000000000007,0.14721831329462662,0.12607648938572072,0.0211418239089059,10
0.001,28.0,3.1000000000000005,0.14721831329462662,0.12607648938572072,0.0211418239089059,10
0.001,28.0,2.900000000000001,0.14721831329462662,0.12607648938572072,0.0211418239089059,10
0.001,28.0,2.7000000000000006,0.14721831329462662,0.12607648938572072,0.0211418239089059,10
0.001,28.0,2.5000000000000004,0.14721831329462662,0.12607648938572072,0.0211418239089059,10
0.001,28.0,4.9,0.14721831329462662,0.12607648938572072,0.0211418239089059,10
0.001,28.0,4.7,0.14721831329462662,0.12607648938572072,0.0211418239089059,10
0.001,28.0,4.500000000000001,0.14721831329462662,0.12607648938572072,0.0211418239089059,10
0.001,28.0,1.9000000000000004,0.14721831329462662,0.12607648938572072,0.0211418239089059,10
0.001,28.0,2.1000000000000005,0.14721831329462662,0.12607648938572072,0.0211418239089059,10
0.001,28.0,2.3000000000000007,0.14721831329462662,0.12607648938572072,0.0211418239089059,10
0.001,10.0,2.900000000000001,0.14721831329462662,0.12607648938572072,0.0211418239089059,10
0.001,10.0,4.7,0.14721831329462662,0.12607648938572072,0.0211418239089059,10
0.001,10.0,4.500000000000001,0.14721831329462662,0.12607648938572072,0.0211418239089059,10
0.001,10.0,1.9000000000000004,0.14721831329462662,0.12607648938572072,0.0211418239089059,10
0.001,10.0,4.9,0.14721831329462662,0.12607648938572072,0.0211418239089059,10
0.001,10.0,1.7000000000000004,0.14721831329462662,0.12607648938572072,0.0211418239089059,10
0.001,10.0,1.5000000000000004,0.14721831329462662,0.12607648938572072,0.0211418239089059,10
0.001,10.0,1.1000000000000003,0.14721831329462662,0.12607648938572072,0.0211418239089059,10
0.001,10.0,1.3000000000000003,0.14721831329462662,0.12607648938572072,0.0211418239089059,10
0.001,10.0,2.1000000000000005,0.14721831329462662,0.12607648938572072,0.0211418239089059,10
0.001,22.0,3.900000000000001,0.14721831329462662,0.12607648938572072,0.0211418239089059,10
0.001,22.0,4.7,0.14721831329462662,0.12607648938572072,0.0211418239089059,10
0.001,22.0,3.500000000000001,0.14721831329462662,0.12607648938572072,0.0211418239089059,10
0.004,1.0,1.1000000000000003,0.02919837679542723,0.009087511726621393,0.020110865068805835,5
0.005,1.0,1.1000000000000003,0.029192243148264803,0.009096632259532576,0.020095610888732227,5
0.004,1.0,0.9000000000000001,0.021691166238534565,0.003820088240328908,0.017871077998205656,4
0.005,1.0,0.9000000000000001,0.021685919830419217,0.00382926582819343,0.01785665400222579,4
0.001,7.0,1.1000000000000003,0.15199572633682093,0.13602291758103027,0.015972808755790657,9
0.001,4.0,1.9000000000000004,0.15333857766776543,0.13806643392842563,0.0152721437393398,10
0.001,1.0,3.3000000000000007,0.15333857766776543,0.13806643392842563,0.0152721437393398,10
0.001,4.0,2.1000000000000005,0.15333857766776543,0.13806643392842563,0.0152721437393398,10
0.001,1.0,3.1000000000000005,0.15333857766776543,0.13806643392842563,0.0152721437393398,10
0.001,1.0,2.900000000000001,0.15333857766776543,0.13806643392842563,0.0152721437393398,10
0.002,4.0,0.1,0.021451734325068805,0.006347445413832454,0.01510428891123635,3
0.001,4.0,0.1,0.02145069812065431,0.006346908225144233,0.015103789895510077,3
0.003,4.0,0.1,0.0214485449955599,0.006351604250539906,0.015096940745019993,3
0.006,4.0,0.1,0.021448794950276684,0.006353081431308735,0.015095713518967949,3
0.004,4.0,0.1,0.02017329203322701,0.005928023593822407,0.014245268439404603,4
0.005,4.0,0.1,0.020165594277799785,0.005932676580604599,0.014232917697195186,4
0.001,1.0,0.7000000000000001,0.016195313069481222,0.0031590853527351933,0.013036227716746028,4
0.002,1.0,0.7000000000000001,0.01619615737628346,0.003160363770812438,0.013035793605471021,4
0.003,1.0,0.7000000000000001,0.01619463199590253,0.003161244259882596,0.013033387736019936,4
0.005,1.0,0.7000000000000001,0.016194913085770563,0.003162019567229737,0.013032893518540825,4
0.004,1.0,0.7000000000000001,0.016192755715284304,0.003162306306866356,0.013030449408417948,4
0.006,1.0,0.1,0.015177149134833548,0.002535277138743649,0.012641871996089899,4
0.002,1.0,0.1,0.015176399540223377,0.002536125286011509,0.012640274254211867,4
0.001,1.0,0.1,0.01517696063740454,0.0025390905492553876,0.012637870088149154,4
0.003,1.0,0.1,0.015173107213867767,0.002539111902949216,0.012633995310918552,4
0.006,1.0,0.7000000000000001,0.019395579224653646,0.007000366726987889,0.012395212497665757,5
0.004,1.0,0.1,0.014282257747094698,0.0028870633007022236,0.011395194446392474,5
0.005,1.0,0.1,0.014276230810090468,0.0028974317049768688,0.011378799105113599,5
0.002,1.0,0.30000000000000004,0.017533062187105066,0.006623681996759833,0.010909380190345232,6
0.006,1.0,0.30000000000000004,0.017532395746679533,0.0066230493009183065,0.010909346445761227,6
0.003,1.0,0.30000000000000004,0.017529850433374943,0.006622298789792693,0.010907551643582251,6
0.002,1.0,0.5000000000000001,0.01623588325925731,0.005746367876173559,0.01048951538308375,5
0.001,1.0,0.5000000000000001,0.01623512324837164,0.0057460942728029835,0.010489028975568656,5
0.004,1.0,0.5000000000000001,0.01623182282988573,0.005742962707808403,0.010488860122077327,5
0.006,1.0,0.5000000000000001,0.016231327832225313,0.005743081375496269,0.010488246456729043,5
0.003,1.0,0.5000000000000001,0.01623199518427813,0.005744175258036087,0.010487819926242044,5
0.001,1.0,0.30000000000000004,0.015555007481321048,0.005400609685667908,0.01015439779565314,5
0.001,7.0,1.3000000000000003,0.1497915761657373,0.13975945149443655,0.01003212467130074,10
0.004,1.0,0.30000000000000004,0.016561668216080964,0.00657449471513212,0.009987173500948843,7
0.005,1.0,0.30000000000000004,0.01655850402584729,0.00658143740597232,0.00997706661987497,7
0.005,1.0,0.5000000000000001,0.015428496933397791,0.005541163913709572,0.009887333019688218,6
0.001,4.0,1.7000000000000004,0.12835675165017787,0.1308007643541865,-0.0024440127040086246,9
