spline_tol,cusum_h,drift_k,mean_fitness,std_fitness,penalized_fitness,universes_survived
0.001,1.0,0.1,10.635000570854073,0.11876091478008134,10.516239656073992,7
0.006,1.0,0.1,10.618055274861605,0.1021215733382098,10.515933701523396,7
0.005,1.0,0.1,10.618038292858769,0.10211200314219962,10.51592628971657,7
0.004,1.0,0.1,10.618037185867154,0.10211344793638294,10.515923737930772,7
0.003,1.0,0.1,10.618036802615759,0.10211439026591779,10.515922412349841,7
0.002,1.0,0.1,10.61797225571649,0.1020764871422385,10.515895768574252,7
0.001,1.0,0.30000000000000004,10.53876188519219,0.14942203908456822,10.389339846107623,7
0.006,1.0,0.30000000000000004,10.476020057228444,0.11783168750444592,10.358188369724,7
0.003,1.0,0.30000000000000004,10.476011752094607,0.11784020687109872,10.358171545223508,7
0.005,1.0,0.30000000000000004,10.476011714984773,0.11784020421301013,10.358171510771763,7
0.004,1.0,0.30000000000000004,10.476011585446598,0.11784039376543581,10.358171191681162,7
0.002,1.0,0.30000000000000004,10.475984414988947,0.11786833853839264,10.358116076450553,7
0.001,1.0,0.5000000000000001,10.28529876441913,0.1029985955436094,10.182300168875521,7
0.002,1.0,0.5000000000000001,10.223637315201525,0.10099135910484296,10.122645956096683,7
0.005,1.0,0.5000000000000001,10.223705596706736,0.10107343131527051,10.122632165391465,7
0.006,1.0,0.5000000000000001,10.223702497405723,0.10107435345704088,10.122628143948683,7
0.003,1.0,0.5000000000000001,10.223701718547458,0.10107452227267556,10.122627196274783,7
0.004,1.0,0.5000000000000001,10.223701546312016,0.101074588691576,10.12262695762044,7
0.001,1.0,0.7000000000000001,9.87512509935524,0.2304779322946158,9.644647167060624,6
0.002,1.0,0.7000000000000001,9.774863421037479,0.2172884134132482,9.55757500762423,6
0.003,1.0,0.7000000000000001,9.774863455930975,0.21728846262753385,9.55757499330344,6
0.004,1.0,0.7000000000000001,9.774863445401335,0.21728846765823573,9.5575749777431,6
0.005,1.0,0.7000000000000001,9.77486342947107,0.21728845968669108,9.55757496978438,6
0.006,1.0,0.7000000000000001,9.77486342098422,0.21728846073619,9.55757496024803,6
0.001,1.0,0.9000000000000001,9.040305456107827,0.27302506548700695,8.76728039062082,7
0.006,1.0,0.9000000000000001,9.04619021284213,0.27991001379598973,8.766280199046141,7
0.005,1.0,0.9000000000000001,9.046187806797215,0.2799110743800628,8.766276732417152,7
0.004,1.0,0.9000000000000001,9.04617799190153,0.27991626379627554,8.766261728105254,7
0.003,1.0,0.9000000000000001,9.046177261704756,0.27991698031775614,8.766260281387,7
0.002,1.0,0.9000000000000001,9.046114185238219,0.2799462272236281,8.766167958014591,7
0.001,4.0,0.1,8.812732621687152,0.27267458374471437,8.540058037942437,6
0.005,4.0,0.1,8.794240725161627,0.2604571450009258,8.533783580160701,6
0.004,4.0,0.1,8.794240702975523,0.26045718506510074,8.533783517910422,6
0.006,4.0,0.1,8.794240521671986,0.26045724041475643,8.533783281257229,6
0.003,4.0,0.1,8.794240141038868,0.2604576515984778,8.53378248944039,6
0.002,4.0,0.1,8.794109605999553,0.2606109982494727,8.533498607750081,6
0.006,1.0,1.1000000000000003,8.515566934707552,0.2580743489454333,8.257492585762119,6
0.005,1.0,1.1000000000000003,8.51556835411314,0.2580757693172061,8.257492584795935,6
0.004,1.0,1.1000000000000003,8.515558246909377,0.2580669712895083,8.257491275619868,6
0.003,1.0,1.1000000000000003,8.515558682100526,0.2580675006584112,8.257491181442115,6
0.002,1.0,1.1000000000000003,8.51549013555158,0.2581727791611239,8.257317356390457,6
0.001,1.0,1.1000000000000003,8.562117378937208,0.31562106414537083,8.246496314791838,6
0.006,1.0,1.3000000000000003,7.689239779956433,0.56339799047236,7.125841789484073,7
0.005,1.0,1.3000000000000003,7.6892396227221225,0.5633981745060137,7.125841448216109,7
0.004,1.0,1.3000000000000003,7.689236229024766,0.5633999115796009,7.125836317445165,7
0.003,1.0,1.3000000000000003,7.689236174086669,0.5634004486556011,7.125835725431068,7
0.002,1.0,1.3000000000000003,7.68917786094579,0.5634052894073838,7.125772571538406,7
0.001,1.0,1.3000000000000003,7.63757260507863,0.5383524261091643,7.099220178969466,7
0.006,4.0,0.30000000000000004,7.598467526288004,0.530889753215848,7.067577773072156,6
0.003,4.0,0.30000000000000004,7.59845055990679,0.5308840044548224,7.067566555451967,6
0.004,4.0,0.30000000000000004,7.598450031067659,0.5308841323449733,7.067565898722686,6
0.005,4.0,0.30000000000000004,7.598452309215588,0.5308887489516187,7.067563560263969,6
0.002,4.0,0.30000000000000004,7.598313614970028,0.5309412240893421,7.067372390880686,6
0.001,4.0,0.30000000000000004,7.457896420468117,0.48618234355932843,6.971714076908789,6
0.005,7.0,0.1,6.945484110286766,0.3512297697661875,6.594254340520578,6
0.006,7.0,0.1,6.945494398172819,0.3512444688645861,6.5942499293082335,6
0.004,7.0,0.1,6.945473561618871,0.3512253935675722,6.594248168051299,6
0.003,7.0,0.1,6.9454732388675255,0.35122576764043006,6.594247471227096,6
0.002,7.0,0.1,6.945407900615091,0.3512697767476318,6.5941381238674595,6
0.001,7.0,0.1,6.832735719262556,0.46150705745015314,6.3712286618124025,6
0.001,1.0,1.5000000000000004,6.371161188683814,0.4491324697036229,5.922028718980191,6
0.006,1.0,1.5000000000000004,6.431486362413263,0.5380165170425044,5.893469845370759,6
0.005,1.0,1.5000000000000004,6.4314805636440555,0.5380181730638297,5.8934623905802255,6
0.003,1.0,1.5000000000000004,6.431471224657265,0.5380141448695869,5.893457079787678,6
0.004,1.0,1.5000000000000004,6.431470578897808,0.5380138437302111,5.893456735167597,6
0.002,1.0,1.5000000000000004,6.431443440939531,0.5380406118376446,5.893402829101886,6
0.006,4.0,0.5000000000000001,6.117455291867471,0.6079400598949303,5.509515231972541,6
0.003,4.0,0.5000000000000001,6.117441018088555,0.60793574256257,5.509505275525985,6
0.004,4.0,0.5000000000000001,6.117440525842035,0.6079358093665016,5.509504716475534,6
0.005,4.0,0.5000000000000001,6.117449591504499,0.6079464312592504,5.509503160245249,6
0.002,4.0,0.5000000000000001,6.117397979624376,0.6079225487486525,5.509475430875724,6
0.001,4.0,0.5000000000000001,6.030398862306242,0.558030994394863,5.472367867911379,6
0.001,1.0,1.7000000000000004,4.956056613868938,0.40312570603944387,4.552930907829494,7
0.006,1.0,1.7000000000000004,4.9620482917765765,0.4114034716698427,4.550644820106734,7
0.005,1.0,1.7000000000000004,4.962028201522023,0.41140586912146515,4.550622332400558,7
0.003,1.0,1.7000000000000004,4.962020840498292,0.4114083035287883,4.550612536969504,7
0.004,1.0,1.7000000000000004,4.962020129247797,0.4114088061377105,4.550611323110087,7
0.002,1.0,1.7000000000000004,4.961992058083906,0.4113963435409377,4.550595714542968,7
0.006,10.0,0.1,5.030137401166041,0.549802253991516,4.480335147174524,8
0.004,10.0,0.1,5.03012760043738,0.549804710270237,4.480322890167143,8
0.005,10.0,0.1,5.030127870504042,0.5498050915483322,4.48032277895571,8
0.003,10.0,0.1,5.030127551299464,0.54980493293729,4.480322618362174,8
0.002,10.0,0.1,5.0301115625631265,0.5498080727632795,4.480303489799847,8
0.001,10.0,0.1,4.785171741575352,0.5583890463762524,4.2267826951991,8
0.006,4.0,0.7000000000000001,4.618755337990009,0.5667101262018068,4.052045211788202,7
0.005,4.0,0.7000000000000001,4.618750334244237,0.566713946587475,4.052036387656762,7
0.003,4.0,0.7000000000000001,4.618743042117954,0.5667128701753937,4.05203017194256,7
0.004,4.0,0.7000000000000001,4.618742548613809,0.5667131769936703,4.052029371620138,7
0.002,4.0,0.7000000000000001,4.6187236777886,0.5667155619568081,4.052008115831791,7
0.001,4.0,0.7000000000000001,4.49834392727338,0.47231464938695866,4.026029277886422,7
0.006,7.0,0.30000000000000004,4.487460488247894,0.4951260508046273,3.992334437443267,8
0.005,7.0,0.30000000000000004,4.487450988015265,0.49512803586148807,3.992322952153777,8
0.004,7.0,0.30000000000000004,4.4874507139321205,0.49512783216021183,3.9923228817719085,8
0.003,7.0,0.30000000000000004,4.487450497861753,0.49512786878276643,3.9923226290789864,8
0.002,7.0,0.30000000000000004,4.487424805636044,0.4951380419987234,3.9922867636373205,8
0.001,7.0,0.30000000000000004,4.342637857047583,0.4734414785308286,3.8691963785167545,8
0.005,1.0,1.9000000000000004,3.846491460087823,0.3301869163395818,3.516304543748241,8
0.004,1.0,1.9000000000000004,3.846491086832984,0.3301871968301121,3.5163038900028716,8
0.006,1.0,1.9000000000000004,3.8464974260794182,0.3301937393427084,3.51630368673671,8
0.003,1.0,1.9000000000000004,3.846491035972134,0.33018740663473956,3.5163036293373944,8
0.002,1.0,1.9000000000000004,3.846474830007814,0.33019497863788777,3.5162798513699265,8
0.001,1.0,1.9000000000000004,3.8818843736480204,0.38404363694786264,3.497840736700158,8
0.006,13.0,0.1,3.7333190617063123,0.38008429408308775,3.3532347676232246,8
0.005,13.0,0.1,3.733303674994769,0.3800954119699963,3.3532082630247726,8
0.004,13.0,0.1,3.733302996345264,0.38009649836684123,3.353206497978423,8
0.003,13.0,0.1,3.7333027422398124,0.3800967846864463,3.353205957553366,8
0.002,13.0,0.1,3.733288770990391,0.3800854994715999,3.353203271518791,8
0.001,13.0,0.1,3.6089967024509413,0.4471704156114437,3.1618262868394975,8
0.005,4.0,0.9000000000000001,3.3496022802458163,0.3990062022964964,2.95059607794932,7
0.006,4.0,0.9000000000000001,3.3496090347106056,0.39901298529415585,2.9505960494164496,7
0.004,4.0,0.9000000000000001,3.3496018879380887,0.3990065585598819,2.950595329378207,7
0.003,4.0,0.9000000000000001,3.349601661884468,0.3990068206185405,2.9505948412659273,7
0.002,4.0,0.9000000000000001,3.3495739370871758,0.3989965445770736,2.950577392510102,7
0.001,4.0,0.9000000000000001,3.2541294651361383,0.3165226294646448,2.9376068356714935,7
0.001,1.0,2.1000000000000005,3.0888707155136577,0.33985373380741873,2.749016981706239,9
0.004,1.0,2.1000000000000005,3.0562040052939796,0.34953092311362244,2.706673082180357,9
0.003,1.0,2.1000000000000005,3.0562040011802565,0.34953098258865506,2.7066730185916015,9
0.005,1.0,2.1000000000000005,3.0562039990670384,0.3495314082765193,2.706672590790519,9
0.006,1.0,2.1000000000000005,3.0562094676884857,0.3495389429860063,2.7066705247024796,9
0.002,1.0,2.1000000000000005,3.0561816644777164,0.3495337176747281,2.7066479468029883,9
0.001,7.0,0.5000000000000001,2.8008566234364762,0.35404076873051066,2.4468158547059655,8
0.004,7.0,0.5000000000000001,2.925206360191182,0.4805652565146191,2.4446411036765627,8
0.003,7.0,0.5000000000000001,2.9252061784353165,0.480565348222194,2.4446408302131224,8
0.002,7.0,0.5000000000000001,2.92514249558347,0.4805143616118008,2.444628133971669,8
0.002,10.0,0.30000000000000004,2.8048288641701076,0.3864981570289488,2.4183307071411586,8
0.004,10.0,0.30000000000000004,2.8048857799323157,0.3865664011481322,2.4183193787841835,8
0.003,10.0,0.30000000000000004,2.804885671494908,0.3865666692472771,2.418319002247631,8
0.006,7.0,0.5000000000000001,2.878261058784912,0.47213716170220615,2.4061238970827055,9
0.005,7.0,0.5000000000000001,2.878260965277965,0.47213744769241933,2.406123517585546,9
0.006,16.0,0.1,2.725056962203271,0.3374766716935736,2.3875802905096974,8
0.005,16.0,0.1,2.7250566758786334,0.3374770689442122,2.387579606934421,8
0.004,16.0,0.1,2.7250564681594747,0.33747742137701375,2.387579046782461,8
0.003,16.0,0.1,2.7250562114919923,0.3374774832518745,2.387578728240118,8
0.002,16.0,0.1,2.7250466278777212,0.33747427856222456,2.3875723493154966,8
0.001,10.0,0.30000000000000004,2.660504587971103,0.32377041280064406,2.336734175170459,8
0.006,10.0,0.30000000000000004,2.735712285693844,0.41367482711773795,2.322037458576106,9
0.005,10.0,0.30000000000000004,2.7356993676641075,0.4136718616578819,2.3220275060062257,9
0.001,16.0,0.1,2.601641978535379,0.39583205653220477,2.205809922003174,8
0.002,1.0,2.3000000000000007,2.282211519670335,0.4205244929934616,1.8616870266768735,9
0.004,1.0,2.3000000000000007,2.282214122797376,0.4205275788958628,1.8616865439015133,9
0.003,1.0,2.3000000000000007,2.2822140285913566,0.4205278094597497,1.8616862191316068,9
0.005,1.0,2.3000000000000007,2.2822139306085614,0.4205277200588317,1.8616862105497296,9
0.006,1.0,2.3000000000000007,2.282219642875071,0.42053754597391574,1.8616820969011552,9
0.001,1.0,2.3000000000000007,2.279285387620959,0.42129890677106807,1.857986480849891,9
0.001,4.0,1.1000000000000003,2.169383049548528,0.33815247859435266,1.8312305709541752,10
0.002,4.0,1.1000000000000003,2.188121226158936,0.35914790035599686,1.8289733258029388,10
0.006,4.0,1.1000000000000003,2.188140855005326,0.35918854553307195,1.828952309472254,10
0.005,4.0,1.1000000000000003,2.188140237872576,0.3591884590365925,1.8289517788359835,10
0.004,4.0,1.1000000000000003,2.18814016972561,0.35918880731060115,1.828951362415009,10
0.003,4.0,1.1000000000000003,2.1881400719591033,0.35918878384619085,1.8289512881129124,10
0.006,19.0,0.1,2.0973571782402605,0.3230621284923259,1.7742950497479346,7
0.005,19.0,0.1,2.0973568127429063,0.32306213211015494,1.7742946806327513,7
0.004,19.0,0.1,2.097356594835402,0.32306261185133794,1.7742939829840638,7
0.003,19.0,0.1,2.0973564083183307,0.3230627407463098,1.774293667572021,7
0.002,19.0,0.1,2.0973562687741505,0.32306313209018833,1.774293136683962,7
0.001,19.0,0.1,2.02509970458955,0.3513058376846322,1.6737938669049175,7
0.006,13.0,0.30000000000000004,1.807356361843556,0.1931163928382425,1.6142399690053135,8
0.001,7.0,0.7000000000000001,1.929511738948697,0.331536708914464,1.597975030034233,10
0.001,13.0,0.30000000000000004,1.749173154661176,0.1514688961583649,1.597704258502811,8
0.002,13.0,0.30000000000000004,1.772421551566839,0.17540671559436882,1.59701483597247,8
0.004,13.0,0.30000000000000004,1.7724215967999455,0.17540722257820832,1.597014374221737,8
0.003,13.0,0.30000000000000004,1.7724213688892612,0.17540730982685335,1.5970140590624078,8
0.006,22.0,0.1,1.7471393758997793,0.15418006811235124,1.592959307787428,9
0.002,7.0,0.7000000000000001,1.9802945281064113,0.3950318173817589,1.5852627107246524,10
0.006,7.0,0.7000000000000001,1.9803470122885152,0.39509960768555985,1.5852474046029554,10
0.005,7.0,0.7000000000000001,1.980346608036801,0.39509954348380305,1.585247064552998,10
0.004,7.0,0.7000000000000001,1.9803464329892768,0.3950998718922636,1.5852465610970132,10
0.003,7.0,0.7000000000000001,1.9803462786128594,0.3950998255264486,1.5852464530864108,10
0.005,13.0,0.30000000000000004,1.7467317725952176,0.1806347448612857,1.566097027733932,9
0.005,22.0,0.1,1.7160865351947097,0.18508305844554654,1.5310034767491632,9
0.004,22.0,0.1,1.7160860818356596,0.18508327127620608,1.5310028105594535,9
0.003,22.0,0.1,1.716086014429254,0.18508321750910212,1.5310027969201518,9
0.002,22.0,0.1,1.7160859690583157,0.18508367422435112,1.5310022948339645,9
0.001,22.0,0.1,1.6776920743665586,0.15017571200561577,1.527516362360943,9
0.001,4.0,1.3000000000000003,1.7737423985277432,0.28907657259307573,1.4846658259346674,10
0.002,4.0,1.3000000000000003,1.792479007767195,0.30824401488075875,1.4842349928864362,10
0.006,4.0,1.3000000000000003,1.7925312777637565,0.3083079329559312,1.4842233448078255,10
0.005,4.0,1.3000000000000003,1.7925307107800201,0.3083080363138255,1.4842226744661946,10
0.004,4.0,1.3000000000000003,1.792530881187823,0.3083084496325129,1.48422243155531,10
0.003,4.0,1.3000000000000003,1.7925307670653612,0.3083083951279121,1.4842223719374492,10
0.001,16.0,0.30000000000000004,1.5774492076198001,0.10859599924888233,1.4688532083709178,10
0.006,16.0,0.30000000000000004,1.5639317885916764,0.10372369520505974,1.4602080933866166,10
0.004,16.0,0.30000000000000004,1.5639317454710286,0.10372380243269501,1.4602079430383337,10
0.003,16.0,0.30000000000000004,1.563931602731347,0.10372367409097173,1.4602079286403753,10
0.005,16.0,0.30000000000000004,1.5639316613919267,0.10372404508881977,1.460207616303107,10
0.002,16.0,0.30000000000000004,1.5639310679997478,0.10372463665844256,1.4602064313413052,10
0.002,10.0,0.5000000000000001,1.692668760293295,0.2336888122843384,1.4589799480089567,10
0.006,10.0,0.5000000000000001,1.6927117380643353,0.23374887252998997,1.4589628655343454,10
0.004,10.0,0.5000000000000001,1.6927111921230789,0.2337483596991113,1.4589628324239676,10
0.003,10.0,0.5000000000000001,1.6927110689090472,0.23374828842734396,1.4589627804817034,10
0.005,10.0,0.5000000000000001,1.6927111921994886,0.2337485280561552,1.4589626641433333,10
0.001,10.0,0.5000000000000001,1.6900928157301423,0.23194457357957302,1.4581482421505692,10
0.006,1.0,2.5000000000000004,1.7158521577404016,0.2761742194063261,1.4396779383340754,10
0.005,1.0,2.5000000000000004,1.715851938946954,0.27617473069028886,1.4396772082566651,10
0.004,1.0,2.5000000000000004,1.7158515184555914,0.2761746291802693,1.439676889275322,10
0.003,1.0,2.5000000000000004,1.715851593773173,0.27617470742913647,1.4396768863440366,10
0.002,1.0,2.5000000000000004,1.7158502466570003,0.27617440543617194,1.4396758412208284,10
0.001,1.0,2.5000000000000004,1.6971934892784966,0.2607238744144361,1.4364696148640603,10
0.003,25.0,4.1000000000000005,1.3913495773942155,0.004416263184811741,1.3869333142094038,10
0.003,25.0,3.900000000000001,1.3913495773942155,0.004416263184811741,1.3869333142094038,10
0.003,25.0,3.7000000000000006,1.3913495773942155,0.004416263184811741,1.3869333142094038,10
0.003,25.0,3.500000000000001,1.3913495773942155,0.004416263184811741,1.3869333142094038,10
0.003,25.0,3.3000000000000007,1.3913495773942155,0.004416263184811741,1.3869333142094038,10
0.003,25.0,3.1000000000000005,1.3913495773942155,0.004416263184811741,1.3869333142094038,10
0.003,25.0,2.900000000000001,1.3913495773942155,0.004416263184811741,1.3869333142094038,10
0.003,25.0,2.7000000000000006,1.3913495773942155,0.004416263184811741,1.3869333142094038,10
0.003,25.0,2.5000000000000004,1.3913495773942155,0.004416263184811741,1.3869333142094038,10
0.003,25.0,2.3000000000000007,1.3913495773942155,0.004416263184811741,1.3869333142094038,10
0.003,25.0,2.1000000000000005,1.3913495773942155,0.004416263184811741,1.3869333142094038,10
0.003,25.0,1.9000000000000004,1.3913495773942155,0.004416263184811741,1.3869333142094038,10
0.003,25.0,1.7000000000000004,1.3913495773942155,0.004416263184811741,1.3869333142094038,10
0.003,25.0,1.5000000000000004,1.3913495773942155,0.004416263184811741,1.3869333142094038,10
0.003,25.0,1.3000000000000003,1.3913495773942155,0.004416263184811741,1.3869333142094038,10
0.003,25.0,1.1000000000000003,1.3913495773942155,0.004416263184811741,1.3869333142094038,10
0.003,25.0,0.9000000000000001,1.3913495773942155,0.004416263184811741,1.3869333142094038,10
0.003,25.0,0.7000000000000001,1.3913495773942155,0.004416263184811741,1.3869333142094038,10
0.003,19.0,4.300000000000001,1.3913495773942155,0.004416263184811741,1.3869333142094038,10
0.003,25.0,0.5000000000000001,1.3913495773942155,0.004416263184811741,1.3869333142094038,10
0.003,25.0,0.30000000000000004,1.3913495773942155,0.004416263184811741,1.3869333142094038,10
0.003,22.0,4.9,1.3913495773942155,0.004416263184811741,1.3869333142094038,10
0.003,22.0,4.7,1.3913495773942155,0.004416263184811741,1.3869333142094038,10
0.003,22.0,4.500000000000001,1.3913495773942155,0.004416263184811741,1.3869333142094038,10
0.003,22.0,4.300000000000001,1.3913495773942155,0.004416263184811741,1.3869333142094038,10
0.003,22.0,4.1000000000000005,1.3913495773942155,0.004416263184811741,1.3869333142094038,10
0.003,22.0,3.900000000000001,1.3913495773942155,0.004416263184811741,1.3869333142094038,10
0.003,22.0,3.7000000000000006,1.3913495773942155,0.004416263184811741,1.3869333142094038,10
0.003,22.0,3.500000000000001,1.3913495773942155,0.004416263184811741,1.3869333142094038,10
0.003,22.0,3.3000000000000007,1.3913495773942155,0.004416263184811741,1.3869333142094038,10
0.003,22.0,3.1000000000000005,1.3913495773942155,0.004416263184811741,1.3869333142094038,10
0.003,22.0,2.900000000000001,1.3913495773942155,0.004416263184811741,1.3869333142094038,10
0.003,22.0,2.7000000000000006,1.3913495773942155,0.004416263184811741,1.3869333142094038,10
0.003,22.0,2.5000000000000004,1.3913495773942155,0.004416263184811741,1.3869333142094038,10
0.003,22.0,1.7000000000000004,1.3913495773942155,0.004416263184811741,1.3869333142094038,10
0.003,22.0,1.5000000000000004,1.3913495773942155,0.004416263184811741,1.3869333142094038,10
0.003,22.0,1.3000000000000003,1.3913495773942155,0.004416263184811741,1.3869333142094038,10
0.003,22.0,1.1000000000000003,1.3913495773942155,0.004416263184811741,1.3869333142094038,10
0.003,22.0,0.9000000000000001,1.3913495773942155,0.004416263184811741,1.3869333142094038,10
0.003,22.0,0.7000000000000001,1.3913495773942155,0.004416263184811741,1.3869333142094038,10
0.003,22.0,0.5000000000000001,1.3913495773942155,0.004416263184811741,1.3869333142094038,10
0.003,22.0,0.30000000000000004,1.3913495773942155,0.004416263184811741,1.3869333142094038,10
0.003,19.0,4.9,1.3913495773942155,0.004416263184811741,1.3869333142094038,10
0.003,19.0,4.7,1.3913495773942155,0.004416263184811741,1.3869333142094038,10
0.003,19.0,4.500000000000001,1.3913495773942155,0.004416263184811741,1.3869333142094038,10
0.003,19.0,3.3000000000000007,1.3913495773942155,0.004416263184811741,1.3869333142094038,10
0.003,19.0,3.1000000000000005,1.3913495773942155,0.004416263184811741,1.3869333142094038,10
0.003,19.0,2.900000000000001,1.3913495773942155,0.004416263184811741,1.3869333142094038,10
0.003,19.0,2.7000000000000006,1.3913495773942155,0.004416263184811741,1.3869333142094038,10
0.003,19.0,2.5000000000000004,1.3913495773942155,0.004416263184811741,1.3869333142094038,10
0.003,19.0,2.3000000000000007,1.3913495773942155,0.004416263184811741,1.3869333142094038,10
0.003,19.0,2.1000000000000005,1.3913495773942155,0.004416263184811741,1.3869333142094038,10
0.003,19.0,1.9000000000000004,1.3913495773942155,0.004416263184811741,1.3869333142094038,10
0.003,19.0,1.7000000000000004,1.3913495773942155,0.004416263184811741,1.3869333142094038,10
0.003,19.0,1.5000000000000004,1.3913495773942155,0.004416263184811741,1.3869333142094038,10
0.003,19.0,1.3000000000000003,1.3913495773942155,0.004416263184811741,1.3869333142094038,10
0.003,19.0,1.1000000000000003,1.3913495773942155,0.004416263184811741,1.3869333142094038,10
0.003,22.0,2.3000000000000007,1.3913495773942155,0.004416263184811741,1.3869333142094038,10
0.003,22.0,2.1000000000000005,1.3913495773942155,0.004416263184811741,1.3869333142094038,10
0.003,22.0,1.9000000000000004,1.3913495773942155,0.004416263184811741,1.3869333142094038,10
0.003,16.0,3.900000000000001,1.3913495773942155,0.004416263184811741,1.3869333142094038,10
0.003,16.0,3.7000000000000006,1.3913495773942155,0.004416263184811741,1.3869333142094038,10
0.003,16.0,3.500000000000001,1.3913495773942155,0.004416263184811741,1.3869333142094038,10
0.003,1.0,4.9,1.3913495773942155,0.004416263184811741,1.3869333142094038,10
0.003,16.0,3.1000000000000005,1.3913495773942155,0.004416263184811741,1.3869333142094038,10
0.003,16.0,2.900000000000001,1.3913495773942155,0.004416263184811741,1.3869333142094038,10
0.003,16.0,2.7000000000000006,1.3913495773942155,0.004416263184811741,1.3869333142094038,10
0.003,19.0,4.1000000000000005,1.3913495773942155,0.004416263184811741,1.3869333142094038,10
0.003,19.0,3.900000000000001,1.3913495773942155,0.004416263184811741,1.3869333142094038,10
0.003,19.0,3.7000000000000006,1.3913495773942155,0.004416263184811741,1.3869333142094038,10
0.003,19.0,3.500000000000001,1.3913495773942155,0.004416263184811741,1.3869333142094038,10
0.003,4.0,2.5000000000000004,1.3913495773942155,0.004416263184811741,1.3869333142094038,10
0.003,4.0,2.3000000000000007,1.3913495773942155,0.004416263184811741,1.3869333142094038,10
0.003,4.0,2.1000000000000005,1.3913495773942155,0.004416263184811741,1.3869333142094038,10
0.003,4.0,1.9000000000000004,1.3913495773942155,0.004416263184811741,1.3869333142094038,10
0.003,28.0,4.9,1.3913495773942155,0.004416263184811741,1.3869333142094038,10
0.003,16.0,0.9000000000000001,1.3913495773942155,0.004416263184811741,1.3869333142094038,10
0.003,16.0,0.7000000000000001,1.3913495773942155,0.004416263184811741,1.3869333142094038,10
0.003,16.0,0.5000000000000001,1.3913495773942155,0.004416263184811741,1.3869333142094038,10
0.003,28.0,4.7,1.3913495773942155,0.004416263184811741,1.3869333142094038,10
0.003,28.0,4.500000000000001,1.3913495773942155,0.004416263184811741,1.3869333142094038,10
0.003,13.0,4.9,1.3913495773942155,0.004416263184811741,1.3869333142094038,10
0.003,13.0,4.7,1.3913495773942155,0.004416263184811741,1.3869333142094038,10
0.003,13.0,4.500000000000001,1.3913495773942155,0.004416263184811741,1.3869333142094038,10
0.003,19.0,0.9000000000000001,1.3913495773942155,0.004416263184811741,1.3869333142094038,10
0.003,19.0,0.7000000000000001,1.3913495773942155,0.004416263184811741,1.3869333142094038,10
0.003,19.0,0.5000000000000001,1.3913495773942155,0.004416263184811741,1.3869333142094038,10
0.003,16.0,4.9,1.3913495773942155,0.004416263184811741,1.3869333142094038,10
0.003,16.0,4.7,1.3913495773942155,0.004416263184811741,1.3869333142094038,10
0.003,16.0,4.500000000000001,1.3913495773942155,0.004416263184811741,1.3869333142094038,10
0.003,16.0,4.300000000000001,1.3913495773942155,0.004416263184811741,1.3869333142094038,10
0.003,16.0,4.1000000000000005,1.3913495773942155,0.004416263184811741,1.3869333142094038,10
0.003,13.0,2.7000000000000006,1.3913495773942155,0.004416263184811741,1.3869333142094038,10
0.003,13.0,2.5000000000000004,1.3913495773942155,0.004416263184811741,1.3869333142094038,10
0.003,13.0,2.3000000000000007,1.3913495773942155,0.004416263184811741,1.3869333142094038,10
0.003,13.0,2.1000000000000005,1.3913495773942155,0.004416263184811741,1.3869333142094038,10
0.003,13.0,1.9000000000000004,1.3913495773942155,0.004416263184811741,1.3869333142094038,10
0.003,13.0,1.7000000000000004,1.3913495773942155,0.004416263184811741,1.3869333142094038,10
0.003,13.0,1.5000000000000004,1.3913495773942155,0.004416263184811741,1.3869333142094038,10
0.003,13.0,1.3000000000000003,1.3913495773942155,0.004416263184811741,1.3869333142094038,10
0.003,16.0,2.5000000000000004,1.3913495773942155,0.004416263184811741,1.3869333142094038,10
0.003,16.0,2.3000000000000007,1.3913495773942155,0.004416263184811741,1.3869333142094038,10
0.003,16.0,2.1000000000000005,1.3913495773942155,0.004416263184811741,1.3869333142094038,10
0.003,16.0,1.9000000000000004,1.3913495773942155,0.004416263184811741,1.3869333142094038,10
0.003,16.0,1.7000000000000004,1.3913495773942155,0.004416263184811741,1.3869333142094038,10
0.003,16.0,1.5000000000000004,1.3913495773942155,0.004416263184811741,1.3869333142094038,10
0.003,16.0,1.3000000000000003,1.3913495773942155,0.004416263184811741,1.3869333142094038,10
0.003,16.0,1.1000000000000003,1.3913495773942155,0.004416263184811741,1.3869333142094038,10
0.003,10.0,3.7000000000000006,1.3913495773942155,0.004416263184811741,1.3869333142094038,10
0.003,10.0,3.500000000000001,1.3913495773942155,0.004416263184811741,1.3869333142094038,10
0.003,10.0,3.3000000000000007,1.3913495773942155,0.004416263184811741,1.3869333142094038,10
0.003,10.0,3.1000000000000005,1.3913495773942155,0.004416263184811741,1.3869333142094038,10
0.003,10.0,2.900000000000001,1.3913495773942155,0.004416263184811741,1.3869333142094038,10
0.003,13.0,4.300000000000001,1.3913495773942155,0.004416263184811741,1.3869333142094038,10
0.003,13.0,4.1000000000000005,1.3913495773942155,0.004416263184811741,1.3869333142094038,10
0.003,13.0,3.900000000000001,1.3913495773942155,0.004416263184811741,1.3869333142094038,10
0.003,28.0,4.300000000000001,1.3913495773942155,0.004416263184811741,1.3869333142094038,10
0.003,28.0,4.1000000000000005,1.3913495773942155,0.004416263184811741,1.3869333142094038,10
0.003,28.0,3.900000000000001,1.3913495773942155,0.004416263184811741,1.3869333142094038,10
0.003,13.0,3.7000000000000006,1.3913495773942155,0.004416263184811741,1.3869333142094038,10
0.003,13.0,3.500000000000001,1.3913495773942155,0.004416263184811741,1.3869333142094038,10
0.003,13.0,3.3000000000000007,1.3913495773942155,0.004416263184811741,1.3869333142094038,10
0.003,13.0,3.1000000000000005,1.3913495773942155,0.004416263184811741,1.3869333142094038,10
0.003,13.0,2.900000000000001,1.3913495773942155,0.004416263184811741,1.3869333142094038,10
0.003,10.0,0.9000000000000001,1.3913495773942155,0.004416263184811741,1.3869333142094038,10
0.003,28.0,3.7000000000000006,1.3913495773942155,0.004416263184811741,1.3869333142094038,10
0.003,28.0,3.500000000000001,1.3913495773942155,0.004416263184811741,1.3869333142094038,10
0.003,7.0,4.9,1.3913495773942155,0.004416263184811741,1.3869333142094038,10
0.003,7.0,4.7,1.3913495773942155,0.004416263184811741,1.3869333142094038,10
0.003,7.0,4.500000000000001,1.3913495773942155,0.004416263184811741,1.3869333142094038,10
0.003,13.0,1.1000000000000003,1.3913495773942155,0.004416263184811741,1.3869333142094038,10
0.003,13.0,0.9000000000000001,1.3913495773942155,0.004416263184811741,1.3869333142094038,10
0.003,13.0,0.7000000000000001,1.3913495773942155,0.004416263184811741,1.3869333142094038,10
0.003,28.0,3.3000000000000007,1.3913495773942155,0.004416263184811741,1.3869333142094038,10
0.003,10.0,4.9,1.3913495773942155,0.004416263184811741,1.3869333142094038,10
0.003,10.0,4.7,1.3913495773942155,0.004416263184811741,1.3869333142094038,10
0.003,10.0,4.500000000000001,1.3913495773942155,0.004416263184811741,1.3869333142094038,10
0.003,10.0,4.300000000000001,1.3913495773942155,0.004416263184811741,1.3869333142094038,10
0.003,10.0,4.1000000000000005,1.3913495773942155,0.004416263184811741,1.3869333142094038,10
0.003,10.0,3.900000000000001,1.3913495773942155,0.004416263184811741,1.3869333142094038,10
0.003,7.0,2.5000000000000004,1.3913495773942155,0.004416263184811741,1.3869333142094038,10
0.003,7.0,2.3000000000000007,1.3913495773942155,0.004416263184811741,1.3869333142094038,10
0.003,7.0,2.1000000000000005,1.3913495773942155,0.004416263184811741,1.3869333142094038,10
0.003,7.0,1.9000000000000004,1.3913495773942155,0.004416263184811741,1.3869333142094038,10
0.003,7.0,1.7000000000000004,1.3913495773942155,0.004416263184811741,1.3869333142094038,10
0.003,7.0,1.5000000000000004,1.3913495773942155,0.004416263184811741,1.3869333142094038,10
0.003,7.0,1.3000000000000003,1.3913495773942155,0.004416263184811741,1.3869333142094038,10
0.003,10.0,2.7000000000000006,1.3913495773942155,0.004416263184811741,1.3869333142094038,10
0.003,10.0,2.5000000000000004,1.3913495773942155,0.004416263184811741,1.3869333142094038,10
0.003,10.0,2.3000000000000007,1.3913495773942155,0.004416263184811741,1.3869333142094038,10
0.003,10.0,2.1000000000000005,1.3913495773942155,0.004416263184811741,1.3869333142094038,10
0.003,10.0,1.9000000000000004,1.3913495773942155,0.004416263184811741,1.3869333142094038,10
0.003,10.0,1.7000000000000004,1.3913495773942155,0.004416263184811741,1.3869333142094038,10
0.003,10.0,1.5000000000000004,1.3913495773942155,0.004416263184811741,1.3869333142094038,10
0.003,10.0,1.3000000000000003,1.3913495773942155,0.004416263184811741,1.3869333142094038,10
0.003,10.0,1.1000000000000003,1.3913495773942155,0.004416263184811741,1.3869333142094038,10
0.003,4.0,3.900000000000001,1.3913495773942155,0.004416263184811741,1.3869333142094038,10
0.003,4.0,3.7000000000000006,1.3913495773942155,0.004416263184811741,1.3869333142094038,10
0.003,4.0,3.500000000000001,1.3913495773942155,0.004416263184811741,1.3869333142094038,10
0.003,4.0,3.3000000000000007,1.3913495773942155,0.004416263184811741,1.3869333142094038,10
0.003,4.0,3.1000000000000005,1.3913495773942155,0.004416263184811741,1.3869333142094038,10
0.003,4.0,2.900000000000001,1.3913495773942155,0.004416263184811741,1.3869333142094038,10
0.003,4.0,2.7000000000000006,1.3913495773942155,0.004416263184811741,1.3869333142094038,10
0.003,7.0,4.300000000000001,1.3913495773942155,0.004416263184811741,1.3869333142094038,10
0.003,7.0,4.1000000000000005,1.3913495773942155,0.004416263184811741,1.3869333142094038,10
0.003,7.0,3.900000000000001,1.3913495773942155,0.004416263184811741,1.3869333142094038,10
0.003,7.0,3.7000000000000006,1.3913495773942155,0.004416263184811741,1.3869333142094038,10
0.003,7.0,3.500000000000001,1.3913495773942155,0.004416263184811741,1.3869333142094038,10
0.003,16.0,3.3000000000000007,1.3913495773942155,0.004416263184811741,1.3869333142094038,10
0.003,7.0,3.1000000000000005,1.3913495773942155,0.004416263184811741,1.3869333142094038,10
0.003,7.0,2.900000000000001,1.3913495773942155,0.004416263184811741,1.3869333142094038,10
0.003,7.0,2.7000000000000006,1.3913495773942155,0.004416263184811741,1.3869333142094038,10
0.003,28.0,3.1000000000000005,1.3913495773942155,0.004416263184811741,1.3869333142094038,10
0.003,28.0,2.900000000000001,1.3913495773942155,0.004416263184811741,1.3869333142094038,10
0.003,28.0,2.7000000000000006,1.3913495773942155,0.004416263184811741,1.3869333142094038,10
0.003,28.0,2.5000000000000004,1.3913495773942155,0.004416263184811741,1.3869333142094038,10
0.003,28.0,2.3000000000000007,1.3913495773942155,0.004416263184811741,1.3869333142094038,10
0.003,28.0,2.1000000000000005,1.3913495773942155,0.004416263184811741,1.3869333142094038,10
0.003,28.0,1.9000000000000004,1.3913495773942155,0.004416263184811741,1.3869333142094038,10
0.003,28.0,1.7000000000000004,1.3913495773942155,0.004416263184811741,1.3869333142094038,10
0.003,28.0,1.5000000000000004,1.3913495773942155,0.004416263184811741,1.3869333142094038,10
0.003,28.0,1.3000000000000003,1.3913495773942155,0.004416263184811741,1.3869333142094038,10
0.003,28.0,1.1000000000000003,1.3913495773942155,0.004416263184811741,1.3869333142094038,10
0.003,28.0,0.9000000000000001,1.3913495773942155,0.004416263184811741,1.3869333142094038,10
0.003,28.0,0.7000000000000001,1.3913495773942155,0.004416263184811741,1.3869333142094038,10
0.003,28.0,0.5000000000000001,1.3913495773942155,0.004416263184811741,1.3869333142094038,10
0.003,28.0,0.30000000000000004,1.3913495773942155,0.004416263184811741,1.3869333142094038,10
0.003,4.0,4.1000000000000005,1.3913495773942155,0.004416263184811741,1.3869333142094038,10
0.003,25.0,4.9,1.3913495773942155,0.004416263184811741,1.3869333142094038,10
0.003,1.0,4.7,1.3913495773942155,0.004416263184811741,1.3869333142094038,10
0.003,1.0,4.500000000000001,1.3913495773942155,0.004416263184811741,1.3869333142094038,10
0.003,1.0,4.300000000000001,1.3913495773942155,0.004416263184811741,1.3869333142094038,10
0.003,1.0,4.1000000000000005,1.3913495773942155,0.004416263184811741,1.3869333142094038,10
0.003,1.0,3.900000000000001,1.3913495773942155,0.004416263184811741,1.3869333142094038,10
0.003,1.0,3.7000000000000006,1.3913495773942155,0.004416263184811741,1.3869333142094038,10
0.003,25.0,4.7,1.3913495773942155,0.004416263184811741,1.3869333142094038,10
0.003,1.0,3.500000000000001,1.3913495773942155,0.004416263184811741,1.3869333142094038,10
0.003,25.0,4.500000000000001,1.3913495773942155,0.004416263184811741,1.3869333142094038,10
0.003,25.0,4.300000000000001,1.3913495773942155,0.004416263184811741,1.3869333142094038,10
0.003,4.0,4.9,1.3913495773942155,0.004416263184811741,1.3869333142094038,10
0.003,4.0,4.7,1.3913495773942155,0.004416263184811741,1.3869333142094038,10
0.003,4.0,4.500000000000001,1.3913495773942155,0.004416263184811741,1.3869333142094038,10
0.003,4.0,4.300000000000001,1.3913495773942155,0.004416263184811741,1.3869333142094038,10
0.003,7.0,3.3000000000000007,1.3913495773942155,0.004416263184811741,1.3869333142094038,10
0.004,7.0,2.7000000000000006,1.3913495671715266,0.0044162679894818105,1.3869332991820447,10
0.004,7.0,2.5000000000000004,1.3913495671715266,0.0044162679894818105,1.3869332991820447,10
0.004,7.0,2.3000000000000007,1.3913495671715266,0.0044162679894818105,1.3869332991820447,10
0.004,7.0,2.1000000000000005,1.3913495671715266,0.0044162679894818105,1.3869332991820447,10
0.004,7.0,1.9000000000000004,1.3913495671715266,0.0044162679894818105,1.3869332991820447,10
0.004,7.0,1.7000000000000004,1.3913495671715266,0.0044162679894818105,1.3869332991820447,10
0.004,7.0,1.5000000000000004,1.3913495671715266,0.0044162679894818105,1.3869332991820447,10
0.004,7.0,1.3000000000000003,1.3913495671715266,0.0044162679894818105,1.3869332991820447,10
0.004,4.0,4.9,1.3913495671715266,0.0044162679894818105,1.3869332991820447,10
0.004,10.0,1.9000000000000004,1.3913495671715266,0.0044162679894818105,1.3869332991820447,10
0.004,10.0,1.7000000000000004,1.3913495671715266,0.0044162679894818105,1.3869332991820447,10
0.004,10.0,1.5000000000000004,1.3913495671715266,0.0044162679894818105,1.3869332991820447,10
0.004,10.0,1.3000000000000003,1.3913495671715266,0.0044162679894818105,1.3869332991820447,10
0.004,10.0,1.1000000000000003,1.3913495671715266,0.0044162679894818105,1.3869332991820447,10
0.004,10.0,0.9000000000000001,1.3913495671715266,0.0044162679894818105,1.3869332991820447,10
0.004,7.0,4.9,1.3913495671715266,0.0044162679894818105,1.3869332991820447,10
0.004,4.0,4.1000000000000005,1.3913495671715266,0.0044162679894818105,1.3869332991820447,10
0.004,4.0,3.900000000000001,1.3913495671715266,0.0044162679894818105,1.3869332991820447,10
0.004,4.0,3.7000000000000006,1.3913495671715266,0.0044162679894818105,1.3869332991820447,10
0.004,4.0,3.500000000000001,1.3913495671715266,0.0044162679894818105,1.3869332991820447,10
0.004,4.0,3.3000000000000007,1.3913495671715266,0.0044162679894818105,1.3869332991820447,10
0.004,4.0,3.1000000000000005,1.3913495671715266,0.0044162679894818105,1.3869332991820447,10
0.004,4.0,2.900000000000001,1.3913495671715266,0.0044162679894818105,1.3869332991820447,10
0.004,4.0,2.7000000000000006,1.3913495671715266,0.0044162679894818105,1.3869332991820447,10
0.004,4.0,2.5000000000000004,1.3913495671715266,0.0044162679894818105,1.3869332991820447,10
0.004,4.0,2.3000000000000007,1.3913495671715266,0.0044162679894818105,1.3869332991820447,10
0.004,4.0,2.1000000000000005,1.3913495671715266,0.0044162679894818105,1.3869332991820447,10
0.004,4.0,1.9000000000000004,1.3913495671715266,0.0044162679894818105,1.3869332991820447,10
0.004,7.0,3.500000000000001,1.3913495671715266,0.0044162679894818105,1.3869332991820447,10
0.004,7.0,3.3000000000000007,1.3913495671715266,0.0044162679894818105,1.3869332991820447,10
0.004,7.0,3.1000000000000005,1.3913495671715266,0.0044162679894818105,1.3869332991820447,10
0.004,7.0,2.900000000000001,1.3913495671715266,0.0044162679894818105,1.3869332991820447,10
0.004,4.0,4.7,1.3913495671715266,0.0044162679894818105,1.3869332991820447,10
0.004,4.0,4.500000000000001,1.3913495671715266,0.0044162679894818105,1.3869332991820447,10
0.004,28.0,4.9,1.3913495671715266,0.0044162679894818105,1.3869332991820447,10
0.004,28.0,4.7,1.3913495671715266,0.0044162679894818105,1.3869332991820447,10
0.004,28.0,4.500000000000001,1.3913495671715266,0.0044162679894818105,1.3869332991820447,10
0.004,4.0,4.300000000000001,1.3913495671715266,0.0044162679894818105,1.3869332991820447,10
0.004,1.0,4.9,1.3913495671715266,0.0044162679894818105,1.3869332991820447,10
0.004,1.0,4.7,1.3913495671715266,0.0044162679894818105,1.3869332991820447,10
0.004,1.0,4.500000000000001,1.3913495671715266,0.0044162679894818105,1.3869332991820447,10
0.004,1.0,4.300000000000001,1.3913495671715266,0.0044162679894818105,1.3869332991820447,10
0.004,1.0,4.1000000000000005,1.3913495671715266,0.0044162679894818105,1.3869332991820447,10
0.004,1.0,3.900000000000001,1.3913495671715266,0.0044162679894818105,1.3869332991820447,10
0.004,1.0,3.7000000000000006,1.3913495671715266,0.0044162679894818105,1.3869332991820447,10
0.004,1.0,3.500000000000001,1.3913495671715266,0.0044162679894818105,1.3869332991820447,10
0.004,7.0,4.7,1.3913495671715266,0.0044162679894818105,1.3869332991820447,10
0.004,7.0,4.500000000000001,1.3913495671715266,0.0044162679894818105,1.3869332991820447,10
0.004,7.0,4.300000000000001,1.3913495671715266,0.0044162679894818105,1.3869332991820447,10
0.004,7.0,4.1000000000000005,1.3913495671715266,0.0044162679894818105,1.3869332991820447,10
0.004,7.0,3.900000000000001,1.3913495671715266,0.0044162679894818105,1.3869332991820447,10
0.004,7.0,3.7000000000000006,1.3913495671715266,0.0044162679894818105,1.3869332991820447,10
0.004,10.0,4.9,1.3913495671715266,0.0044162679894818105,1.3869332991820447,10
0.004,10.0,4.7,1.3913495671715266,0.0044162679894818105,1.3869332991820447,10
0.004,10.0,4.500000000000001,1.3913495671715266,0.0044162679894818105,1.3869332991820447,10
0.004,10.0,4.300000000000001,1.3913495671715266,0.0044162679894818105,1.3869332991820447,10
0.004,10.0,4.1000000000000005,1.3913495671715266,0.0044162679894818105,1.3869332991820447,10
0.004,10.0,3.900000000000001,1.3913495671715266,0.0044162679894818105,1.3869332991820447,10
0.004,10.0,3.7000000000000006,1.3913495671715266,0.0044162679894818105,1.3869332991820447,10
0.004,10.0,3.500000000000001,1.3913495671715266,0.0044162679894818105,1.3869332991820447,10
0.004,10.0,3.3000000000000007,1.3913495671715266,0.0044162679894818105,1.3869332991820447,10
0.004,28.0,3.3000000000000007,1.3913495671715266,0.0044162679894818105,1.3869332991820447,10
0.004,28.0,3.1000000000000005,1.3913495671715266,0.0044162679894818105,1.3869332991820447,10
0.004,28.0,2.900000000000001,1.3913495671715266,0.0044162679894818105,1.3869332991820447,10
0.004,28.0,2.7000000000000006,1.3913495671715266,0.0044162679894818105,1.3869332991820447,10
0.004,28.0,2.5000000000000004,1.3913495671715266,0.0044162679894818105,1.3869332991820447,10
0.004,28.0,2.3000000000000007,1.3913495671715266,0.0044162679894818105,1.3869332991820447,10
0.004,28.0,2.1000000000000005,1.3913495671715266,0.0044162679894818105,1.3869332991820447,10
0.004,28.0,1.9000000000000004,1.3913495671715266,0.0044162679894818105,1.3869332991820447,10
0.004,28.0,1.7000000000000004,1.3913495671715266,0.0044162679894818105,1.3869332991820447,10
0.004,28.0,1.5000000000000004,1.3913495671715266,0.0044162679894818105,1.3869332991820447,10
0.004,28.0,1.3000000000000003,1.3913495671715266,0.0044162679894818105,1.3869332991820447,10
0.004,25.0,3.7000000000000006,1.3913495671715266,0.0044162679894818105,1.3869332991820447,10
0.004,25.0,3.500000000000001,1.3913495671715266,0.0044162679894818105,1.3869332991820447,10
0.004,25.0,3.3000000000000007,1.3913495671715266,0.0044162679894818105,1.3869332991820447,10
0.004,25.0,3.1000000000000005,1.3913495671715266,0.0044162679894818105,1.3869332991820447,10
0.004,28.0,4.300000000000001,1.3913495671715266,0.0044162679894818105,1.3869332991820447,10
0.004,28.0,4.1000000000000005,1.3913495671715266,0.0044162679894818105,1.3869332991820447,10
0.004,28.0,3.900000000000001,1.3913495671715266,0.0044162679894818105,1.3869332991820447,10
0.004,28.0,3.7000000000000006,1.3913495671715266,0.0044162679894818105,1.3869332991820447,10
0.004,28.0,3.500000000000001,1.3913495671715266,0.0044162679894818105,1.3869332991820447,10
0.004,25.0,0.5000000000000001,1.3913495671715266,0.0044162679894818105,1.3869332991820447,10
0.004,25.0,0.30000000000000004,1.3913495671715266,0.0044162679894818105,1.3869332991820447,10
0.004,22.0,4.9,1.3913495671715266,0.0044162679894818105,1.3869332991820447,10
0.004,28.0,1.1000000000000003,1.3913495671715266,0.0044162679894818105,1.3869332991820447,10
0.004,28.0,0.9000000000000001,1.3913495671715266,0.0044162679894818105,1.3869332991820447,10
0.004,28.0,0.7000000000000001,1.3913495671715266,0.0044162679894818105,1.3869332991820447,10
0.004,28.0,0.5000000000000001,1.3913495671715266,0.0044162679894818105,1.3869332991820447,10
0.004,28.0,0.30000000000000004,1.3913495671715266,0.0044162679894818105,1.3869332991820447,10
0.004,25.0,4.9,1.3913495671715266,0.0044162679894818105,1.3869332991820447,10
0.004,25.0,4.7,1.3913495671715266,0.0044162679894818105,1.3869332991820447,10
0.004,25.0,4.500000000000001,1.3913495671715266,0.0044162679894818105,1.3869332991820447,10
0.004,25.0,4.300000000000001,1.3913495671715266,0.0044162679894818105,1.3869332991820447,10
0.004,25.0,4.1000000000000005,1.3913495671715266,0.0044162679894818105,1.3869332991820447,10
0.004,25.0,3.900000000000001,1.3913495671715266,0.0044162679894818105,1.3869332991820447,10
0.004,10.0,3.1000000000000005,1.3913495671715266,0.0044162679894818105,1.3869332991820447,10
0.004,10.0,2.900000000000001,1.3913495671715266,0.0044162679894818105,1.3869332991820447,10
0.004,10.0,2.7000000000000006,1.3913495671715266,0.0044162679894818105,1.3869332991820447,10
0.004,10.0,2.5000000000000004,1.3913495671715266,0.0044162679894818105,1.3869332991820447,10
0.004,10.0,2.3000000000000007,1.3913495671715266,0.0044162679894818105,1.3869332991820447,10
0.004,25.0,2.900000000000001,1.3913495671715266,0.0044162679894818105,1.3869332991820447,10
0.004,25.0,2.7000000000000006,1.3913495671715266,0.0044162679894818105,1.3869332991820447,10
0.004,25.0,2.5000000000000004,1.3913495671715266,0.0044162679894818105,1.3869332991820447,10
0.004,25.0,2.3000000000000007,1.3913495671715266,0.0044162679894818105,1.3869332991820447,10
0.004,25.0,2.1000000000000005,1.3913495671715266,0.0044162679894818105,1.3869332991820447,10
0.004,25.0,1.9000000000000004,1.3913495671715266,0.0044162679894818105,1.3869332991820447,10
0.004,25.0,1.7000000000000004,1.3913495671715266,0.0044162679894818105,1.3869332991820447,10
0.004,25.0,1.5000000000000004,1.3913495671715266,0.0044162679894818105,1.3869332991820447,10
0.004,25.0,1.3000000000000003,1.3913495671715266,0.0044162679894818105,1.3869332991820447,10
0.004,25.0,1.1000000000000003,1.3913495671715266,0.0044162679894818105,1.3869332991820447,10
0.004,25.0,0.9000000000000001,1.3913495671715266,0.0044162679894818105,1.3869332991820447,10
0.004,25.0,0.7000000000000001,1.3913495671715266,0.0044162679894818105,1.3869332991820447,10
0.004,10.0,2.1000000000000005,1.3913495671715266,0.0044162679894818105,1.3869332991820447,10
0.004,13.0,3.500000000000001,1.3913495671715266,0.0044162679894818105,1.3869332991820447,10
0.004,13.0,3.3000000000000007,1.3913495671715266,0.0044162679894818105,1.3869332991820447,10
0.004,13.0,3.1000000000000005,1.3913495671715266,0.0044162679894818105,1.3869332991820447,10
0.004,13.0,2.900000000000001,1.3913495671715266,0.0044162679894818105,1.3869332991820447,10
0.004,13.0,2.7000000000000006,1.3913495671715266,0.0044162679894818105,1.3869332991820447,10
0.004,13.0,2.5000000000000004,1.3913495671715266,0.0044162679894818105,1.3869332991820447,10
0.004,13.0,2.3000000000000007,1.3913495671715266,0.0044162679894818105,1.3869332991820447,10
0.004,13.0,2.1000000000000005,1.3913495671715266,0.0044162679894818105,1.3869332991820447,10
0.004,13.0,1.9000000000000004,1.3913495671715266,0.0044162679894818105,1.3869332991820447,10
0.004,13.0,1.7000000000000004,1.3913495671715266,0.0044162679894818105,1.3869332991820447,10
0.004,13.0,1.5000000000000004,1.3913495671715266,0.0044162679894818105,1.3869332991820447,10
0.004,13.0,1.3000000000000003,1.3913495671715266,0.0044162679894818105,1.3869332991820447,10
0.004,13.0,1.1000000000000003,1.3913495671715266,0.0044162679894818105,1.3869332991820447,10
0.004,13.0,0.9000000000000001,1.3913495671715266,0.0044162679894818105,1.3869332991820447,10
0.004,22.0,4.1000000000000005,1.3913495671715266,0.0044162679894818105,1.3869332991820447,10
0.004,22.0,3.900000000000001,1.3913495671715266,0.0044162679894818105,1.3869332991820447,10
0.004,22.0,3.7000000000000006,1.3913495671715266,0.0044162679894818105,1.3869332991820447,10
0.004,22.0,3.500000000000001,1.3913495671715266,0.0044162679894818105,1.3869332991820447,10
0.004,22.0,3.3000000000000007,1.3913495671715266,0.0044162679894818105,1.3869332991820447,10
0.004,22.0,3.1000000000000005,1.3913495671715266,0.0044162679894818105,1.3869332991820447,10
0.004,22.0,2.900000000000001,1.3913495671715266,0.0044162679894818105,1.3869332991820447,10
0.004,22.0,2.7000000000000006,1.3913495671715266,0.0044162679894818105,1.3869332991820447,10
0.004,22.0,2.5000000000000004,1.3913495671715266,0.0044162679894818105,1.3869332991820447,10
0.004,22.0,2.3000000000000007,1.3913495671715266,0.0044162679894818105,1.3869332991820447,10
0.004,22.0,2.1000000000000005,1.3913495671715266,0.0044162679894818105,1.3869332991820447,10
0.004,22.0,1.9000000000000004,1.3913495671715266,0.0044162679894818105,1.3869332991820447,10
0.004,22.0,1.7000000000000004,1.3913495671715266,0.0044162679894818105,1.3869332991820447,10
0.004,22.0,1.1000000000000003,1.3913495671715266,0.0044162679894818105,1.3869332991820447,10
0.004,22.0,0.9000000000000001,1.3913495671715266,0.0044162679894818105,1.3869332991820447,10
0.004,22.0,0.7000000000000001,1.3913495671715266,0.0044162679894818105,1.3869332991820447,10
0.004,22.0,0.5000000000000001,1.3913495671715266,0.0044162679894818105,1.3869332991820447,10
0.004,22.0,0.30000000000000004,1.3913495671715266,0.0044162679894818105,1.3869332991820447,10
0.004,19.0,4.9,1.3913495671715266,0.0044162679894818105,1.3869332991820447,10
0.004,19.0,4.7,1.3913495671715266,0.0044162679894818105,1.3869332991820447,10
0.004,19.0,4.500000000000001,1.3913495671715266,0.0044162679894818105,1.3869332991820447,10
0.004,19.0,4.300000000000001,1.3913495671715266,0.0044162679894818105,1.3869332991820447,10
0.004,19.0,4.1000000000000005,1.3913495671715266,0.0044162679894818105,1.3869332991820447,10
0.004,19.0,3.900000000000001,1.3913495671715266,0.0044162679894818105,1.3869332991820447,10
0.004,19.0,3.7000000000000006,1.3913495671715266,0.0044162679894818105,1.3869332991820447,10
0.004,19.0,3.500000000000001,1.3913495671715266,0.0044162679894818105,1.3869332991820447,10
0.004,22.0,4.7,1.3913495671715266,0.0044162679894818105,1.3869332991820447,10
0.004,22.0,4.500000000000001,1.3913495671715266,0.0044162679894818105,1.3869332991820447,10
0.004,22.0,4.300000000000001,1.3913495671715266,0.0044162679894818105,1.3869332991820447,10
0.004,19.0,3.1000000000000005,1.3913495671715266,0.0044162679894818105,1.3869332991820447,10
0.004,19.0,2.900000000000001,1.3913495671715266,0.0044162679894818105,1.3869332991820447,10
0.004,19.0,2.7000000000000006,1.3913495671715266,0.0044162679894818105,1.3869332991820447,10
0.004,19.0,2.5000000000000004,1.3913495671715266,0.0044162679894818105,1.3869332991820447,10
0.004,19.0,2.3000000000000007,1.3913495671715266,0.0044162679894818105,1.3869332991820447,10
0.004,19.0,2.1000000000000005,1.3913495671715266,0.0044162679894818105,1.3869332991820447,10
0.004,19.0,1.9000000000000004,1.3913495671715266,0.0044162679894818105,1.3869332991820447,10
0.004,19.0,1.7000000000000004,1.3913495671715266,0.0044162679894818105,1.3869332991820447,10
0.004,19.0,1.5000000000000004,1.3913495671715266,0.0044162679894818105,1.3869332991820447,10
0.004,19.0,1.3000000000000003,1.3913495671715266,0.0044162679894818105,1.3869332991820447,10
0.004,19.0,1.1000000000000003,1.3913495671715266,0.0044162679894818105,1.3869332991820447,10
0.004,19.0,0.9000000000000001,1.3913495671715266,0.0044162679894818105,1.3869332991820447,10
0.004,19.0,0.7000000000000001,1.3913495671715266,0.0044162679894818105,1.3869332991820447,10
0.004,19.0,0.5000000000000001,1.3913495671715266,0.0044162679894818105,1.3869332991820447,10
0.004,22.0,1.5000000000000004,1.3913495671715266,0.0044162679894818105,1.3869332991820447,10
0.004,22.0,1.3000000000000003,1.3913495671715266,0.0044162679894818105,1.3869332991820447,10
0.004,16.0,4.7,1.3913495671715266,0.0044162679894818105,1.3869332991820447,10
0.004,16.0,4.500000000000001,1.3913495671715266,0.0044162679894818105,1.3869332991820447,10
0.004,16.0,4.300000000000001,1.3913495671715266,0.0044162679894818105,1.3869332991820447,10
0.004,16.0,4.1000000000000005,1.3913495671715266,0.0044162679894818105,1.3869332991820447,10
0.004,16.0,3.900000000000001,1.3913495671715266,0.0044162679894818105,1.3869332991820447,10
0.004,16.0,3.7000000000000006,1.3913495671715266,0.0044162679894818105,1.3869332991820447,10
0.004,16.0,3.500000000000001,1.3913495671715266,0.0044162679894818105,1.3869332991820447,10
0.004,16.0,3.3000000000000007,1.3913495671715266,0.0044162679894818105,1.3869332991820447,10
0.004,16.0,3.1000000000000005,1.3913495671715266,0.0044162679894818105,1.3869332991820447,10
0.004,16.0,2.900000000000001,1.3913495671715266,0.0044162679894818105,1.3869332991820447,10
0.004,16.0,2.7000000000000006,1.3913495671715266,0.0044162679894818105,1.3869332991820447,10
0.004,16.0,2.5000000000000004,1.3913495671715266,0.0044162679894818105,1.3869332991820447,10
0.004,16.0,2.3000000000000007,1.3913495671715266,0.0044162679894818105,1.3869332991820447,10
0.004,16.0,2.1000000000000005,1.3913495671715266,0.0044162679894818105,1.3869332991820447,10
0.004,16.0,1.9000000000000004,1.3913495671715266,0.0044162679894818105,1.3869332991820447,10
0.004,19.0,3.3000000000000007,1.3913495671715266,0.0044162679894818105,1.3869332991820447,10
0.004,13.0,0.7000000000000001,1.3913495671715266,0.0044162679894818105,1.3869332991820447,10
0.004,16.0,1.7000000000000004,1.3913495671715266,0.0044162679894818105,1.3869332991820447,10
0.004,16.0,1.5000000000000004,1.3913495671715266,0.0044162679894818105,1.3869332991820447,10
0.004,16.0,1.3000000000000003,1.3913495671715266,0.0044162679894818105,1.3869332991820447,10
0.004,16.0,1.1000000000000003,1.3913495671715266,0.0044162679894818105,1.3869332991820447,10
0.004,16.0,0.9000000000000001,1.3913495671715266,0.0044162679894818105,1.3869332991820447,10
0.004,16.0,0.7000000000000001,1.3913495671715266,0.0044162679894818105,1.3869332991820447,10
0.004,16.0,0.5000000000000001,1.3913495671715266,0.0044162679894818105,1.3869332991820447,10
0.004,13.0,4.9,1.3913495671715266,0.0044162679894818105,1.3869332991820447,10
0.004,13.0,4.7,1.3913495671715266,0.0044162679894818105,1.3869332991820447,10
0.004,13.0,4.500000000000001,1.3913495671715266,0.0044162679894818105,1.3869332991820447,10
0.004,13.0,4.300000000000001,1.3913495671715266,0.0044162679894818105,1.3869332991820447,10
0.004,13.0,4.1000000000000005,1.3913495671715266,0.0044162679894818105,1.3869332991820447,10
0.004,13.0,3.900000000000001,1.3913495671715266,0.0044162679894818105,1.3869332991820447,10
0.004,13.0,3.7000000000000006,1.3913495671715266,0.0044162679894818105,1.3869332991820447,10
0.004,16.0,4.9,1.3913495671715266,0.0044162679894818105,1.3869332991820447,10
0.006,25.0,3.900000000000001,1.3913495881962377,0.004416289445515311,1.3869332987507224,10
0.006,25.0,4.1000000000000005,1.3913495881962377,0.004416289445515311,1.3869332987507224,10
0.006,25.0,4.300000000000001,1.3913495881962377,0.004416289445515311,1.3869332987507224,10
0.006,25.0,4.500000000000001,1.3913495881962377,0.004416289445515311,1.3869332987507224,10
0.006,25.0,4.7,1.3913495881962377,0.004416289445515311,1.3869332987507224,10
0.006,25.0,4.9,1.3913495881962377,0.004416289445515311,1.3869332987507224,10
0.006,28.0,0.30000000000000004,1.3913495881962377,0.004416289445515311,1.3869332987507224,10
0.006,28.0,0.5000000000000001,1.3913495881962377,0.004416289445515311,1.3869332987507224,10
0.006,28.0,0.7000000000000001,1.3913495881962377,0.004416289445515311,1.3869332987507224,10
0.006,28.0,0.9000000000000001,1.3913495881962377,0.004416289445515311,1.3869332987507224,10
0.006,28.0,1.1000000000000003,1.3913495881962377,0.004416289445515311,1.3869332987507224,10
0.006,28.0,1.3000000000000003,1.3913495881962377,0.004416289445515311,1.3869332987507224,10
0.006,28.0,1.5000000000000004,1.3913495881962377,0.004416289445515311,1.3869332987507224,10
0.006,28.0,1.7000000000000004,1.3913495881962377,0.004416289445515311,1.3869332987507224,10
0.006,4.0,3.3000000000000007,1.3913495881962377,0.004416289445515311,1.3869332987507224,10
0.006,4.0,3.500000000000001,1.3913495881962377,0.004416289445515311,1.3869332987507224,10
0.006,4.0,2.7000000000000006,1.3913495881962377,0.004416289445515311,1.3869332987507224,10
0.006,4.0,2.900000000000001,1.3913495881962377,0.004416289445515311,1.3869332987507224,10
0.006,4.0,3.1000000000000005,1.3913495881962377,0.004416289445515311,1.3869332987507224,10
0.006,1.0,3.500000000000001,1.3913495881962377,0.004416289445515311,1.3869332987507224,10
0.006,1.0,3.7000000000000006,1.3913495881962377,0.004416289445515311,1.3869332987507224,10
0.006,1.0,3.900000000000001,1.3913495881962377,0.004416289445515311,1.3869332987507224,10
0.006,25.0,3.500000000000001,1.3913495881962377,0.004416289445515311,1.3869332987507224,10
0.006,25.0,3.7000000000000006,1.3913495881962377,0.004416289445515311,1.3869332987507224,10
0.006,4.0,2.3000000000000007,1.3913495881962377,0.004416289445515311,1.3869332987507224,10
0.006,28.0,1.9000000000000004,1.3913495881962377,0.004416289445515311,1.3869332987507224,10
0.006,28.0,2.1000000000000005,1.3913495881962377,0.004416289445515311,1.3869332987507224,10
0.006,28.0,2.3000000000000007,1.3913495881962377,0.004416289445515311,1.3869332987507224,10
0.006,28.0,2.5000000000000004,1.3913495881962377,0.004416289445515311,1.3869332987507224,10
0.006,28.0,2.7000000000000006,1.3913495881962377,0.004416289445515311,1.3869332987507224,10
0.006,28.0,2.900000000000001,1.3913495881962377,0.004416289445515311,1.3869332987507224,10
0.006,28.0,3.1000000000000005,1.3913495881962377,0.004416289445515311,1.3869332987507224,10
0.006,13.0,4.500000000000001,1.3913495881962377,0.004416289445515311,1.3869332987507224,10
0.006,13.0,4.7,1.3913495881962377,0.004416289445515311,1.3869332987507224,10
0.006,13.0,4.9,1.3913495881962377,0.004416289445515311,1.3869332987507224,10
0.006,16.0,1.7000000000000004,1.3913495881962377,0.004416289445515311,1.3869332987507224,10
0.006,13.0,3.7000000000000006,1.3913495881962377,0.004416289445515311,1.3869332987507224,10
0.006,13.0,3.900000000000001,1.3913495881962377,0.004416289445515311,1.3869332987507224,10
0.006,13.0,4.1000000000000005,1.3913495881962377,0.004416289445515311,1.3869332987507224,10
0.006,13.0,4.300000000000001,1.3913495881962377,0.004416289445515311,1.3869332987507224,10
0.006,16.0,4.1000000000000005,1.3913495881962377,0.004416289445515311,1.3869332987507224,10
0.006,16.0,4.300000000000001,1.3913495881962377,0.004416289445515311,1.3869332987507224,10
0.006,16.0,4.500000000000001,1.3913495881962377,0.004416289445515311,1.3869332987507224,10
0.006,16.0,4.7,1.3913495881962377,0.004416289445515311,1.3869332987507224,10
0.006,16.0,4.9,1.3913495881962377,0.004416289445515311,1.3869332987507224,10
0.006,16.0,0.5000000000000001,1.3913495881962377,0.004416289445515311,1.3869332987507224,10
0.006,16.0,0.7000000000000001,1.3913495881962377,0.004416289445515311,1.3869332987507224,10
0.006,16.0,0.9000000000000001,1.3913495881962377,0.004416289445515311,1.3869332987507224,10
0.006,16.0,1.1000000000000003,1.3913495881962377,0.004416289445515311,1.3869332987507224,10
0.006,16.0,1.3000000000000003,1.3913495881962377,0.004416289445515311,1.3869332987507224,10
0.006,16.0,1.5000000000000004,1.3913495881962377,0.004416289445515311,1.3869332987507224,10
0.006,13.0,1.9000000000000004,1.3913495881962377,0.004416289445515311,1.3869332987507224,10
0.006,13.0,2.1000000000000005,1.3913495881962377,0.004416289445515311,1.3869332987507224,10
0.006,13.0,2.3000000000000007,1.3913495881962377,0.004416289445515311,1.3869332987507224,10
0.006,13.0,2.5000000000000004,1.3913495881962377,0.004416289445515311,1.3869332987507224,10
0.006,13.0,2.7000000000000006,1.3913495881962377,0.004416289445515311,1.3869332987507224,10
0.006,13.0,2.900000000000001,1.3913495881962377,0.004416289445515311,1.3869332987507224,10
0.006,13.0,3.1000000000000005,1.3913495881962377,0.004416289445515311,1.3869332987507224,10
0.006,13.0,3.3000000000000007,1.3913495881962377,0.004416289445515311,1.3869332987507224,10
0.006,13.0,3.500000000000001,1.3913495881962377,0.004416289445515311,1.3869332987507224,10
0.006,25.0,2.5000000000000004,1.3913495881962377,0.004416289445515311,1.3869332987507224,10
0.006,25.0,2.7000000000000006,1.3913495881962377,0.004416289445515311,1.3869332987507224,10
0.006,25.0,2.900000000000001,1.3913495881962377,0.004416289445515311,1.3869332987507224,10
0.006,25.0,3.1000000000000005,1.3913495881962377,0.004416289445515311,1.3869332987507224,10
0.006,25.0,3.3000000000000007,1.3913495881962377,0.004416289445515311,1.3869332987507224,10
0.006,19.0,2.7000000000000006,1.3913495881962377,0.004416289445515311,1.3869332987507224,10
0.006,19.0,2.900000000000001,1.3913495881962377,0.004416289445515311,1.3869332987507224,10
0.006,19.0,3.1000000000000005,1.3913495881962377,0.004416289445515311,1.3869332987507224,10
0.006,19.0,3.3000000000000007,1.3913495881962377,0.004416289445515311,1.3869332987507224,10
0.006,19.0,3.500000000000001,1.3913495881962377,0.004416289445515311,1.3869332987507224,10
0.006,16.0,1.9000000000000004,1.3913495881962377,0.004416289445515311,1.3869332987507224,10
0.006,16.0,2.1000000000000005,1.3913495881962377,0.004416289445515311,1.3869332987507224,10
0.006,16.0,2.3000000000000007,1.3913495881962377,0.004416289445515311,1.3869332987507224,10
0.006,16.0,2.5000000000000004,1.3913495881962377,0.004416289445515311,1.3869332987507224,10
0.006,16.0,2.7000000000000006,1.3913495881962377,0.004416289445515311,1.3869332987507224,10
0.006,16.0,2.900000000000001,1.3913495881962377,0.004416289445515311,1.3869332987507224,10
0.006,16.0,3.1000000000000005,1.3913495881962377,0.004416289445515311,1.3869332987507224,10
0.006,16.0,3.3000000000000007,1.3913495881962377,0.004416289445515311,1.3869332987507224,10
0.006,16.0,3.500000000000001,1.3913495881962377,0.004416289445515311,1.3869332987507224,10
0.006,16.0,3.7000000000000006,1.3913495881962377,0.004416289445515311,1.3869332987507224,10
0.006,16.0,3.900000000000001,1.3913495881962377,0.004416289445515311,1.3869332987507224,10
0.006,22.0,0.9000000000000001,1.3913495881962377,0.004416289445515311,1.3869332987507224,10
0.006,22.0,1.1000000000000003,1.3913495881962377,0.004416289445515311,1.3869332987507224,10
0.006,22.0,1.3000000000000003,1.3913495881962377,0.004416289445515311,1.3869332987507224,10
0.006,22.0,1.5000000000000004,1.3913495881962377,0.004416289445515311,1.3869332987507224,10
0.006,22.0,1.7000000000000004,1.3913495881962377,0.004416289445515311,1.3869332987507224,10
0.006,19.0,0.5000000000000001,1.3913495881962377,0.004416289445515311,1.3869332987507224,10
0.006,19.0,0.7000000000000001,1.3913495881962377,0.004416289445515311,1.3869332987507224,10
0.006,19.0,0.9000000000000001,1.3913495881962377,0.004416289445515311,1.3869332987507224,10
0.006,19.0,1.1000000000000003,1.3913495881962377,0.004416289445515311,1.3869332987507224,10
0.006,19.0,1.3000000000000003,1.3913495881962377,0.004416289445515311,1.3869332987507224,10
0.006,19.0,1.5000000000000004,1.3913495881962377,0.004416289445515311,1.3869332987507224,10
0.006,19.0,1.7000000000000004,1.3913495881962377,0.004416289445515311,1.3869332987507224,10
0.006,19.0,1.9000000000000004,1.3913495881962377,0.004416289445515311,1.3869332987507224,10
0.006,19.0,2.1000000000000005,1.3913495881962377,0.004416289445515311,1.3869332987507224,10
0.006,19.0,2.3000000000000007,1.3913495881962377,0.004416289445515311,1.3869332987507224,10
0.006,19.0,2.5000000000000004,1.3913495881962377,0.004416289445515311,1.3869332987507224,10
0.006,22.0,3.900000000000001,1.3913495881962377,0.004416289445515311,1.3869332987507224,10
0.006,22.0,4.1000000000000005,1.3913495881962377,0.004416289445515311,1.3869332987507224,10
0.006,22.0,4.300000000000001,1.3913495881962377,0.004416289445515311,1.3869332987507224,10
0.006,22.0,4.500000000000001,1.3913495881962377,0.004416289445515311,1.3869332987507224,10
0.006,22.0,4.7,1.3913495881962377,0.004416289445515311,1.3869332987507224,10
0.006,22.0,4.9,1.3913495881962377,0.004416289445515311,1.3869332987507224,10
0.006,19.0,3.7000000000000006,1.3913495881962377,0.004416289445515311,1.3869332987507224,10
0.006,19.0,3.900000000000001,1.3913495881962377,0.004416289445515311,1.3869332987507224,10
0.006,19.0,4.1000000000000005,1.3913495881962377,0.004416289445515311,1.3869332987507224,10
0.006,19.0,4.300000000000001,1.3913495881962377,0.004416289445515311,1.3869332987507224,10
0.006,19.0,4.500000000000001,1.3913495881962377,0.004416289445515311,1.3869332987507224,10
0.006,19.0,4.7,1.3913495881962377,0.004416289445515311,1.3869332987507224,10
0.006,19.0,4.9,1.3913495881962377,0.004416289445515311,1.3869332987507224,10
0.006,22.0,0.30000000000000004,1.3913495881962377,0.004416289445515311,1.3869332987507224,10
0.006,22.0,0.5000000000000001,1.3913495881962377,0.004416289445515311,1.3869332987507224,10
0.006,22.0,0.7000000000000001,1.3913495881962377,0.004416289445515311,1.3869332987507224,10
0.006,13.0,0.7000000000000001,1.3913495881962377,0.004416289445515311,1.3869332987507224,10
0.006,13.0,0.9000000000000001,1.3913495881962377,0.004416289445515311,1.3869332987507224,10
0.006,13.0,1.1000000000000003,1.3913495881962377,0.004416289445515311,1.3869332987507224,10
0.006,13.0,1.3000000000000003,1.3913495881962377,0.004416289445515311,1.3869332987507224,10
0.006,13.0,1.5000000000000004,1.3913495881962377,0.004416289445515311,1.3869332987507224,10
0.006,13.0,1.7000000000000004,1.3913495881962377,0.004416289445515311,1.3869332987507224,10
0.006,22.0,1.9000000000000004,1.3913495881962377,0.004416289445515311,1.3869332987507224,10
0.006,22.0,2.1000000000000005,1.3913495881962377,0.004416289445515311,1.3869332987507224,10
0.006,22.0,2.3000000000000007,1.3913495881962377,0.004416289445515311,1.3869332987507224,10
0.006,22.0,2.5000000000000004,1.3913495881962377,0.004416289445515311,1.3869332987507224,10
0.006,22.0,2.7000000000000006,1.3913495881962377,0.004416289445515311,1.3869332987507224,10
0.006,22.0,2.900000000000001,1.3913495881962377,0.004416289445515311,1.3869332987507224,10
0.006,22.0,3.1000000000000005,1.3913495881962377,0.004416289445515311,1.3869332987507224,10
0.006,22.0,3.3000000000000007,1.3913495881962377,0.004416289445515311,1.3869332987507224,10
0.006,22.0,3.500000000000001,1.3913495881962377,0.004416289445515311,1.3869332987507224,10
0.006,22.0,3.7000000000000006,1.3913495881962377,0.004416289445515311,1.3869332987507224,10
0.006,10.0,3.500000000000001,1.3913495881962377,0.004416289445515311,1.3869332987507224,10
0.006,10.0,3.7000000000000006,1.3913495881962377,0.004416289445515311,1.3869332987507224,10
0.006,10.0,3.900000000000001,1.3913495881962377,0.004416289445515311,1.3869332987507224,10
0.006,10.0,4.1000000000000005,1.3913495881962377,0.004416289445515311,1.3869332987507224,10
0.006,10.0,4.300000000000001,1.3913495881962377,0.004416289445515311,1.3869332987507224,10
0.006,10.0,4.500000000000001,1.3913495881962377,0.004416289445515311,1.3869332987507224,10
0.006,10.0,4.7,1.3913495881962377,0.004416289445515311,1.3869332987507224,10
0.006,10.0,4.9,1.3913495881962377,0.004416289445515311,1.3869332987507224,10
0.006,7.0,4.7,1.3913495881962377,0.004416289445515311,1.3869332987507224,10
0.006,7.0,4.9,1.3913495881962377,0.004416289445515311,1.3869332987507224,10
0.006,25.0,0.30000000000000004,1.3913495881962377,0.004416289445515311,1.3869332987507224,10
0.006,25.0,0.5000000000000001,1.3913495881962377,0.004416289445515311,1.3869332987507224,10
0.006,25.0,0.7000000000000001,1.3913495881962377,0.004416289445515311,1.3869332987507224,10
0.006,25.0,0.9000000000000001,1.3913495881962377,0.004416289445515311,1.3869332987507224,10
0.006,25.0,1.1000000000000003,1.3913495881962377,0.004416289445515311,1.3869332987507224,10
0.006,25.0,1.3000000000000003,1.3913495881962377,0.004416289445515311,1.3869332987507224,10
0.006,25.0,1.5000000000000004,1.3913495881962377,0.004416289445515311,1.3869332987507224,10
0.006,25.0,1.7000000000000004,1.3913495881962377,0.004416289445515311,1.3869332987507224,10
0.006,25.0,1.9000000000000004,1.3913495881962377,0.004416289445515311,1.3869332987507224,10
0.006,25.0,2.1000000000000005,1.3913495881962377,0.004416289445515311,1.3869332987507224,10
0.006,25.0,2.3000000000000007,1.3913495881962377,0.004416289445515311,1.3869332987507224,10
0.006,10.0,0.9000000000000001,1.3913495881962377,0.004416289445515311,1.3869332987507224,10
0.006,10.0,1.1000000000000003,1.3913495881962377,0.004416289445515311,1.3869332987507224,10
0.006,10.0,1.3000000000000003,1.3913495881962377,0.004416289445515311,1.3869332987507224,10
0.006,10.0,1.5000000000000004,1.3913495881962377,0.004416289445515311,1.3869332987507224,10
0.006,10.0,1.7000000000000004,1.3913495881962377,0.004416289445515311,1.3869332987507224,10
0.006,10.0,1.9000000000000004,1.3913495881962377,0.004416289445515311,1.3869332987507224,10
0.006,10.0,2.1000000000000005,1.3913495881962377,0.004416289445515311,1.3869332987507224,10
0.006,10.0,2.3000000000000007,1.3913495881962377,0.004416289445515311,1.3869332987507224,10
0.006,10.0,2.5000000000000004,1.3913495881962377,0.004416289445515311,1.3869332987507224,10
0.006,10.0,2.7000000000000006,1.3913495881962377,0.004416289445515311,1.3869332987507224,10
0.006,10.0,2.900000000000001,1.3913495881962377,0.004416289445515311,1.3869332987507224,10
0.006,10.0,3.1000000000000005,1.3913495881962377,0.004416289445515311,1.3869332987507224,10
0.006,10.0,3.3000000000000007,1.3913495881962377,0.004416289445515311,1.3869332987507224,10
0.006,7.0,1.5000000000000004,1.3913495881962377,0.004416289445515311,1.3869332987507224,10
0.006,7.0,1.7000000000000004,1.3913495881962377,0.004416289445515311,1.3869332987507224,10
0.006,7.0,1.9000000000000004,1.3913495881962377,0.004416289445515311,1.3869332987507224,10
0.006,7.0,2.1000000000000005,1.3913495881962377,0.004416289445515311,1.3869332987507224,10
0.006,7.0,2.3000000000000007,1.3913495881962377,0.004416289445515311,1.3869332987507224,10
0.006,7.0,2.5000000000000004,1.3913495881962377,0.004416289445515311,1.3869332987507224,10
0.006,7.0,2.7000000000000006,1.3913495881962377,0.004416289445515311,1.3869332987507224,10
0.006,7.0,2.900000000000001,1.3913495881962377,0.004416289445515311,1.3869332987507224,10
0.006,7.0,3.1000000000000005,1.3913495881962377,0.004416289445515311,1.3869332987507224,10
0.006,7.0,3.3000000000000007,1.3913495881962377,0.004416289445515311,1.3869332987507224,10
0.006,7.0,3.500000000000001,1.3913495881962377,0.004416289445515311,1.3869332987507224,10
0.006,7.0,3.7000000000000006,1.3913495881962377,0.004416289445515311,1.3869332987507224,10
0.006,7.0,3.900000000000001,1.3913495881962377,0.004416289445515311,1.3869332987507224,10
0.006,7.0,4.1000000000000005,1.3913495881962377,0.004416289445515311,1.3869332987507224,10
0.006,7.0,4.300000000000001,1.3913495881962377,0.004416289445515311,1.3869332987507224,10
0.006,7.0,4.500000000000001,1.3913495881962377,0.004416289445515311,1.3869332987507224,10
0.006,28.0,4.9,1.3913495881962377,0.004416289445515311,1.3869332987507224,10
0.006,1.0,4.1000000000000005,1.3913495881962377,0.004416289445515311,1.3869332987507224,10
0.006,1.0,4.300000000000001,1.3913495881962377,0.004416289445515311,1.3869332987507224,10
0.006,1.0,4.500000000000001,1.3913495881962377,0.004416289445515311,1.3869332987507224,10
0.006,1.0,4.7,1.3913495881962377,0.004416289445515311,1.3869332987507224,10
0.006,1.0,4.9,1.3913495881962377,0.004416289445515311,1.3869332987507224,10
0.006,4.0,1.9000000000000004,1.3913495881962377,0.004416289445515311,1.3869332987507224,10
0.006,4.0,2.1000000000000005,1.3913495881962377,0.004416289445515311,1.3869332987507224,10
0.006,4.0,3.7000000000000006,1.3913495881962377,0.004416289445515311,1.3869332987507224,10
0.006,4.0,3.900000000000001,1.3913495881962377,0.004416289445515311,1.3869332987507224,10
0.006,4.0,4.1000000000000005,1.3913495881962377,0.004416289445515311,1.3869332987507224,10
0.006,4.0,4.300000000000001,1.3913495881962377,0.004416289445515311,1.3869332987507224,10
0.006,4.0,4.500000000000001,1.3913495881962377,0.004416289445515311,1.3869332987507224,10
0.006,4.0,4.7,1.3913495881962377,0.004416289445515311,1.3869332987507224,10
0.006,4.0,4.9,1.3913495881962377,0.004416289445515311,1.3869332987507224,10
0.006,7.0,1.3000000000000003,1.3913495881962377,0.004416289445515311,1.3869332987507224,10
0.006,4.0,2.5000000000000004,1.3913495881962377,0.004416289445515311,1.3869332987507224,10
0.006,28.0,3.3000000000000007,1.3913495881962377,0.004416289445515311,1.3869332987507224,10
0.006,28.0,3.500000000000001,1.3913495881962377,0.004416289445515311,1.3869332987507224,10
0.006,28.0,3.7000000000000006,1.3913495881962377,0.004416289445515311,1.3869332987507224,10
0.006,28.0,3.900000000000001,1.3913495881962377,0.004416289445515311,1.3869332987507224,10
0.006,28.0,4.1000000000000005,1.3913495881962377,0.004416289445515311,1.3869332987507224,10
0.006,28.0,4.300000000000001,1.3913495881962377,0.004416289445515311,1.3869332987507224,10
0.006,28.0,4.500000000000001,1.3913495881962377,0.004416289445515311,1.3869332987507224,10
0.006,28.0,4.7,1.3913495881962377,0.004416289445515311,1.3869332987507224,10
0.005,28.0,3.3000000000000007,1.391349575325275,0.004416284409297589,1.3869332909159773,10
0.005,28.0,3.500000000000001,1.391349575325275,0.004416284409297589,1.3869332909159773,10
0.005,28.0,0.30000000000000004,1.391349575325275,0.004416284409297589,1.3869332909159773,10
0.005,28.0,0.5000000000000001,1.391349575325275,0.004416284409297589,1.3869332909159773,10
0.005,28.0,0.7000000000000001,1.391349575325275,0.004416284409297589,1.3869332909159773,10
0.005,28.0,0.9000000000000001,1.391349575325275,0.004416284409297589,1.3869332909159773,10
0.005,28.0,1.1000000000000003,1.391349575325275,0.004416284409297589,1.3869332909159773,10
0.005,28.0,1.3000000000000003,1.391349575325275,0.004416284409297589,1.3869332909159773,10
0.005,28.0,1.5000000000000004,1.391349575325275,0.004416284409297589,1.3869332909159773,10
0.005,28.0,1.7000000000000004,1.391349575325275,0.004416284409297589,1.3869332909159773,10
0.005,28.0,1.9000000000000004,1.391349575325275,0.004416284409297589,1.3869332909159773,10
0.005,28.0,2.1000000000000005,1.391349575325275,0.004416284409297589,1.3869332909159773,10
0.005,28.0,2.3000000000000007,1.391349575325275,0.004416284409297589,1.3869332909159773,10
0.005,28.0,2.5000000000000004,1.391349575325275,0.004416284409297589,1.3869332909159773,10
0.005,28.0,2.7000000000000006,1.391349575325275,0.004416284409297589,1.3869332909159773,10
0.005,28.0,2.900000000000001,1.391349575325275,0.004416284409297589,1.3869332909159773,10
0.005,28.0,3.1000000000000005,1.391349575325275,0.004416284409297589,1.3869332909159773,10
0.005,25.0,2.1000000000000005,1.391349575325275,0.004416284409297589,1.3869332909159773,10
0.005,25.0,2.3000000000000007,1.391349575325275,0.004416284409297589,1.3869332909159773,10
0.005,25.0,2.5000000000000004,1.391349575325275,0.004416284409297589,1.3869332909159773,10
0.005,25.0,2.7000000000000006,1.391349575325275,0.004416284409297589,1.3869332909159773,10
0.005,25.0,2.900000000000001,1.391349575325275,0.004416284409297589,1.3869332909159773,10
0.005,25.0,3.1000000000000005,1.391349575325275,0.004416284409297589,1.3869332909159773,10
0.005,25.0,3.3000000000000007,1.391349575325275,0.004416284409297589,1.3869332909159773,10
0.005,25.0,3.500000000000001,1.391349575325275,0.004416284409297589,1.3869332909159773,10
0.005,25.0,3.7000000000000006,1.391349575325275,0.004416284409297589,1.3869332909159773,10
0.005,25.0,3.900000000000001,1.391349575325275,0.004416284409297589,1.3869332909159773,10
0.005,25.0,4.1000000000000005,1.391349575325275,0.004416284409297589,1.3869332909159773,10
0.005,25.0,4.300000000000001,1.391349575325275,0.004416284409297589,1.3869332909159773,10
0.005,25.0,4.500000000000001,1.391349575325275,0.004416284409297589,1.3869332909159773,10
0.005,25.0,4.7,1.391349575325275,0.004416284409297589,1.3869332909159773,10
0.005,25.0,4.9,1.391349575325275,0.004416284409297589,1.3869332909159773,10
0.005,22.0,3.900000000000001,1.391349575325275,0.004416284409297589,1.3869332909159773,10
0.005,22.0,4.1000000000000005,1.391349575325275,0.004416284409297589,1.3869332909159773,10
0.005,22.0,4.300000000000001,1.391349575325275,0.004416284409297589,1.3869332909159773,10
0.005,22.0,4.500000000000001,1.391349575325275,0.004416284409297589,1.3869332909159773,10
0.005,22.0,4.7,1.391349575325275,0.004416284409297589,1.3869332909159773,10
0.005,22.0,4.9,1.391349575325275,0.004416284409297589,1.3869332909159773,10
0.005,25.0,0.30000000000000004,1.391349575325275,0.004416284409297589,1.3869332909159773,10
0.005,25.0,0.5000000000000001,1.391349575325275,0.004416284409297589,1.3869332909159773,10
0.005,25.0,0.7000000000000001,1.391349575325275,0.004416284409297589,1.3869332909159773,10
0.005,25.0,0.9000000000000001,1.391349575325275,0.004416284409297589,1.3869332909159773,10
0.005,25.0,1.1000000000000003,1.391349575325275,0.004416284409297589,1.3869332909159773,10
0.005,25.0,1.3000000000000003,1.391349575325275,0.004416284409297589,1.3869332909159773,10
0.005,25.0,1.5000000000000004,1.391349575325275,0.004416284409297589,1.3869332909159773,10
0.005,25.0,1.7000000000000004,1.391349575325275,0.004416284409297589,1.3869332909159773,10
0.005,25.0,1.9000000000000004,1.391349575325275,0.004416284409297589,1.3869332909159773,10
0.005,22.0,0.7000000000000001,1.391349575325275,0.004416284409297589,1.3869332909159773,10
0.005,22.0,0.9000000000000001,1.391349575325275,0.004416284409297589,1.3869332909159773,10
0.005,22.0,1.1000000000000003,1.391349575325275,0.004416284409297589,1.3869332909159773,10
0.005,22.0,1.3000000000000003,1.391349575325275,0.004416284409297589,1.3869332909159773,10
0.005,22.0,1.5000000000000004,1.391349575325275,0.004416284409297589,1.3869332909159773,10
0.005,22.0,1.7000000000000004,1.391349575325275,0.004416284409297589,1.3869332909159773,10
0.005,22.0,1.9000000000000004,1.391349575325275,0.004416284409297589,1.3869332909159773,10
0.005,22.0,2.1000000000000005,1.391349575325275,0.004416284409297589,1.3869332909159773,10
0.005,22.0,2.3000000000000007,1.391349575325275,0.004416284409297589,1.3869332909159773,10
0.005,22.0,2.5000000000000004,1.391349575325275,0.004416284409297589,1.3869332909159773,10
0.005,22.0,2.7000000000000006,1.391349575325275,0.004416284409297589,1.3869332909159773,10
0.005,22.0,2.900000000000001,1.391349575325275,0.004416284409297589,1.3869332909159773,10
0.005,22.0,3.1000000000000005,1.391349575325275,0.004416284409297589,1.3869332909159773,10
0.005,22.0,3.3000000000000007,1.391349575325275,0.004416284409297589,1.3869332909159773,10
0.005,22.0,3.500000000000001,1.391349575325275,0.004416284409297589,1.3869332909159773,10
0.005,22.0,3.7000000000000006,1.391349575325275,0.004416284409297589,1.3869332909159773,10
0.005,19.0,2.5000000000000004,1.391349575325275,0.004416284409297589,1.3869332909159773,10
0.005,19.0,2.7000000000000006,1.391349575325275,0.004416284409297589,1.3869332909159773,10
0.005,19.0,2.900000000000001,1.391349575325275,0.004416284409297589,1.3869332909159773,10
0.005,19.0,3.1000000000000005,1.391349575325275,0.004416284409297589,1.3869332909159773,10
0.005,19.0,3.3000000000000007,1.391349575325275,0.004416284409297589,1.3869332909159773,10
0.005,19.0,3.500000000000001,1.391349575325275,0.004416284409297589,1.3869332909159773,10
0.005,19.0,3.7000000000000006,1.391349575325275,0.004416284409297589,1.3869332909159773,10
0.005,19.0,3.900000000000001,1.391349575325275,0.004416284409297589,1.3869332909159773,10
0.005,19.0,4.1000000000000005,1.391349575325275,0.004416284409297589,1.3869332909159773,10
0.005,19.0,4.300000000000001,1.391349575325275,0.004416284409297589,1.3869332909159773,10
0.005,19.0,4.500000000000001,1.391349575325275,0.004416284409297589,1.3869332909159773,10
0.005,19.0,4.7,1.391349575325275,0.004416284409297589,1.3869332909159773,10
0.005,19.0,4.9,1.391349575325275,0.004416284409297589,1.3869332909159773,10
0.005,22.0,0.30000000000000004,1.391349575325275,0.004416284409297589,1.3869332909159773,10
0.005,22.0,0.5000000000000001,1.391349575325275,0.004416284409297589,1.3869332909159773,10
0.005,16.0,4.1000000000000005,1.391349575325275,0.004416284409297589,1.3869332909159773,10
0.005,16.0,4.300000000000001,1.391349575325275,0.004416284409297589,1.3869332909159773,10
0.005,16.0,4.500000000000001,1.391349575325275,0.004416284409297589,1.3869332909159773,10
0.005,16.0,4.7,1.391349575325275,0.004416284409297589,1.3869332909159773,10
0.005,16.0,4.9,1.391349575325275,0.004416284409297589,1.3869332909159773,10
0.005,19.0,0.5000000000000001,1.391349575325275,0.004416284409297589,1.3869332909159773,10
0.005,19.0,0.7000000000000001,1.391349575325275,0.004416284409297589,1.3869332909159773,10
0.005,19.0,0.9000000000000001,1.391349575325275,0.004416284409297589,1.3869332909159773,10
0.005,19.0,1.1000000000000003,1.391349575325275,0.004416284409297589,1.3869332909159773,10
0.005,19.0,1.3000000000000003,1.391349575325275,0.004416284409297589,1.3869332909159773,10
0.005,19.0,1.5000000000000004,1.391349575325275,0.004416284409297589,1.3869332909159773,10
0.005,19.0,1.7000000000000004,1.391349575325275,0.004416284409297589,1.3869332909159773,10
0.005,19.0,1.9000000000000004,1.391349575325275,0.004416284409297589,1.3869332909159773,10
0.005,19.0,2.1000000000000005,1.391349575325275,0.004416284409297589,1.3869332909159773,10
0.005,19.0,2.3000000000000007,1.391349575325275,0.004416284409297589,1.3869332909159773,10
0.005,16.0,0.9000000000000001,1.391349575325275,0.004416284409297589,1.3869332909159773,10
0.005,16.0,1.1000000000000003,1.391349575325275,0.004416284409297589,1.3869332909159773,10
0.005,16.0,1.3000000000000003,1.391349575325275,0.004416284409297589,1.3869332909159773,10
0.005,16.0,1.5000000000000004,1.391349575325275,0.004416284409297589,1.3869332909159773,10
0.005,16.0,1.7000000000000004,1.391349575325275,0.004416284409297589,1.3869332909159773,10
0.005,16.0,1.9000000000000004,1.391349575325275,0.004416284409297589,1.3869332909159773,10
0.005,16.0,2.1000000000000005,1.391349575325275,0.004416284409297589,1.3869332909159773,10
0.005,16.0,2.3000000000000007,1.391349575325275,0.004416284409297589,1.3869332909159773,10
0.005,16.0,2.5000000000000004,1.391349575325275,0.004416284409297589,1.3869332909159773,10
0.005,16.0,2.7000000000000006,1.391349575325275,0.004416284409297589,1.3869332909159773,10
0.005,16.0,2.900000000000001,1.391349575325275,0.004416284409297589,1.3869332909159773,10
0.005,16.0,3.1000000000000005,1.391349575325275,0.004416284409297589,1.3869332909159773,10
0.005,16.0,3.3000000000000007,1.391349575325275,0.004416284409297589,1.3869332909159773,10
0.005,16.0,3.500000000000001,1.391349575325275,0.004416284409297589,1.3869332909159773,10
0.005,16.0,3.7000000000000006,1.391349575325275,0.004416284409297589,1.3869332909159773,10
0.005,16.0,3.900000000000001,1.391349575325275,0.004416284409297589,1.3869332909159773,10
0.005,13.0,2.7000000000000006,1.391349575325275,0.004416284409297589,1.3869332909159773,10
0.005,13.0,2.900000000000001,1.391349575325275,0.004416284409297589,1.3869332909159773,10
0.005,13.0,3.1000000000000005,1.391349575325275,0.004416284409297589,1.3869332909159773,10
0.005,13.0,3.3000000000000007,1.391349575325275,0.004416284409297589,1.3869332909159773,10
0.005,13.0,3.500000000000001,1.391349575325275,0.004416284409297589,1.3869332909159773,10
0.005,13.0,3.7000000000000006,1.391349575325275,0.004416284409297589,1.3869332909159773,10
0.005,13.0,3.900000000000001,1.391349575325275,0.004416284409297589,1.3869332909159773,10
0.005,13.0,4.1000000000000005,1.391349575325275,0.004416284409297589,1.3869332909159773,10
0.005,13.0,4.300000000000001,1.391349575325275,0.004416284409297589,1.3869332909159773,10
0.005,13.0,4.500000000000001,1.391349575325275,0.004416284409297589,1.3869332909159773,10
0.005,13.0,4.7,1.391349575325275,0.004416284409297589,1.3869332909159773,10
0.005,13.0,4.9,1.391349575325275,0.004416284409297589,1.3869332909159773,10
0.005,16.0,0.5000000000000001,1.391349575325275,0.004416284409297589,1.3869332909159773,10
0.005,16.0,0.7000000000000001,1.391349575325275,0.004416284409297589,1.3869332909159773,10
0.005,10.0,4.300000000000001,1.391349575325275,0.004416284409297589,1.3869332909159773,10
0.005,10.0,4.500000000000001,1.391349575325275,0.004416284409297589,1.3869332909159773,10
0.005,10.0,4.7,1.391349575325275,0.004416284409297589,1.3869332909159773,10
0.005,10.0,4.9,1.391349575325275,0.004416284409297589,1.3869332909159773,10
0.005,13.0,0.7000000000000001,1.391349575325275,0.004416284409297589,1.3869332909159773,10
0.005,1.0,4.500000000000001,1.391349575325275,0.004416284409297589,1.3869332909159773,10
0.005,1.0,4.7,1.391349575325275,0.004416284409297589,1.3869332909159773,10
0.005,1.0,4.300000000000001,1.391349575325275,0.004416284409297589,1.3869332909159773,10
0.005,13.0,0.9000000000000001,1.391349575325275,0.004416284409297589,1.3869332909159773,10
0.005,13.0,1.1000000000000003,1.391349575325275,0.004416284409297589,1.3869332909159773,10
0.005,13.0,1.3000000000000003,1.391349575325275,0.004416284409297589,1.3869332909159773,10
0.005,13.0,1.5000000000000004,1.391349575325275,0.004416284409297589,1.3869332909159773,10
0.005,13.0,1.7000000000000004,1.391349575325275,0.004416284409297589,1.3869332909159773,10
0.005,13.0,1.9000000000000004,1.391349575325275,0.004416284409297589,1.3869332909159773,10
0.005,13.0,2.1000000000000005,1.391349575325275,0.004416284409297589,1.3869332909159773,10
0.005,13.0,2.3000000000000007,1.391349575325275,0.004416284409297589,1.3869332909159773,10
0.005,13.0,2.5000000000000004,1.391349575325275,0.004416284409297589,1.3869332909159773,10
0.005,10.0,1.1000000000000003,1.391349575325275,0.004416284409297589,1.3869332909159773,10
0.005,10.0,1.3000000000000003,1.391349575325275,0.004416284409297589,1.3869332909159773,10
0.005,10.0,1.5000000000000004,1.391349575325275,0.004416284409297589,1.3869332909159773,10
0.005,10.0,1.7000000000000004,1.391349575325275,0.004416284409297589,1.3869332909159773,10
0.005,10.0,1.9000000000000004,1.391349575325275,0.004416284409297589,1.3869332909159773,10
0.005,10.0,2.1000000000000005,1.391349575325275,0.004416284409297589,1.3869332909159773,10
0.005,10.0,2.3000000000000007,1.391349575325275,0.004416284409297589,1.3869332909159773,10
0.005,1.0,3.900000000000001,1.391349575325275,0.004416284409297589,1.3869332909159773,10
0.005,1.0,4.1000000000000005,1.391349575325275,0.004416284409297589,1.3869332909159773,10
0.005,10.0,2.5000000000000004,1.391349575325275,0.004416284409297589,1.3869332909159773,10
0.005,10.0,2.7000000000000006,1.391349575325275,0.004416284409297589,1.3869332909159773,10
0.005,10.0,2.900000000000001,1.391349575325275,0.004416284409297589,1.3869332909159773,10
0.005,10.0,3.1000000000000005,1.391349575325275,0.004416284409297589,1.3869332909159773,10
0.005,10.0,3.3000000000000007,1.391349575325275,0.004416284409297589,1.3869332909159773,10
0.005,10.0,3.500000000000001,1.391349575325275,0.004416284409297589,1.3869332909159773,10
0.005,10.0,3.7000000000000006,1.391349575325275,0.004416284409297589,1.3869332909159773,10
0.005,10.0,3.900000000000001,1.391349575325275,0.004416284409297589,1.3869332909159773,10
0.005,10.0,4.1000000000000005,1.391349575325275,0.004416284409297589,1.3869332909159773,10
0.005,7.0,2.7000000000000006,1.391349575325275,0.004416284409297589,1.3869332909159773,10
0.005,7.0,2.900000000000001,1.391349575325275,0.004416284409297589,1.3869332909159773,10
0.005,7.0,3.1000000000000005,1.391349575325275,0.004416284409297589,1.3869332909159773,10
0.005,7.0,3.3000000000000007,1.391349575325275,0.004416284409297589,1.3869332909159773,10
0.005,7.0,3.500000000000001,1.391349575325275,0.004416284409297589,1.3869332909159773,10
0.005,7.0,3.7000000000000006,1.391349575325275,0.004416284409297589,1.3869332909159773,10
0.005,7.0,3.900000000000001,1.391349575325275,0.004416284409297589,1.3869332909159773,10
0.005,7.0,2.3000000000000007,1.391349575325275,0.004416284409297589,1.3869332909159773,10
0.005,7.0,2.5000000000000004,1.391349575325275,0.004416284409297589,1.3869332909159773,10
0.005,1.0,4.9,1.391349575325275,0.004416284409297589,1.3869332909159773,10
0.005,4.0,1.9000000000000004,1.391349575325275,0.004416284409297589,1.3869332909159773,10
0.005,4.0,2.1000000000000005,1.391349575325275,0.004416284409297589,1.3869332909159773,10
0.005,4.0,2.3000000000000007,1.391349575325275,0.004416284409297589,1.3869332909159773,10
0.005,4.0,2.5000000000000004,1.391349575325275,0.004416284409297589,1.3869332909159773,10
0.005,4.0,2.7000000000000006,1.391349575325275,0.004416284409297589,1.3869332909159773,10
0.005,4.0,2.900000000000001,1.391349575325275,0.004416284409297589,1.3869332909159773,10
0.005,4.0,3.1000000000000005,1.391349575325275,0.004416284409297589,1.3869332909159773,10
0.005,4.0,3.3000000000000007,1.391349575325275,0.004416284409297589,1.3869332909159773,10
0.005,4.0,3.500000000000001,1.391349575325275,0.004416284409297589,1.3869332909159773,10
0.005,4.0,3.7000000000000006,1.391349575325275,0.004416284409297589,1.3869332909159773,10
0.005,4.0,3.900000000000001,1.391349575325275,0.004416284409297589,1.3869332909159773,10
0.005,1.0,3.500000000000001,1.391349575325275,0.004416284409297589,1.3869332909159773,10
0.005,1.0,3.7000000000000006,1.391349575325275,0.004416284409297589,1.3869332909159773,10
0.005,7.0,4.1000000000000005,1.391349575325275,0.004416284409297589,1.3869332909159773,10
0.005,7.0,4.300000000000001,1.391349575325275,0.004416284409297589,1.3869332909159773,10
0.005,7.0,4.500000000000001,1.391349575325275,0.004416284409297589,1.3869332909159773,10
0.005,7.0,4.7,1.391349575325275,0.004416284409297589,1.3869332909159773,10
0.005,7.0,4.9,1.391349575325275,0.004416284409297589,1.3869332909159773,10
0.005,10.0,0.9000000000000001,1.391349575325275,0.004416284409297589,1.3869332909159773,10
0.005,4.0,4.1000000000000005,1.391349575325275,0.004416284409297589,1.3869332909159773,10
0.005,4.0,4.300000000000001,1.391349575325275,0.004416284409297589,1.3869332909159773,10
0.005,4.0,4.500000000000001,1.391349575325275,0.004416284409297589,1.3869332909159773,10
0.005,4.0,4.7,1.391349575325275,0.004416284409297589,1.3869332909159773,10
0.005,4.0,4.9,1.391349575325275,0.004416284409297589,1.3869332909159773,10
0.005,7.0,1.3000000000000003,1.391349575325275,0.004416284409297589,1.3869332909159773,10
0.005,7.0,1.5000000000000004,1.391349575325275,0.004416284409297589,1.3869332909159773,10
0.005,7.0,1.7000000000000004,1.391349575325275,0.004416284409297589,1.3869332909159773,10
0.005,7.0,1.9000000000000004,1.391349575325275,0.004416284409297589,1.3869332909159773,10
0.005,7.0,2.1000000000000005,1.391349575325275,0.004416284409297589,1.3869332909159773,10
0.005,28.0,3.7000000000000006,1.391349575325275,0.004416284409297589,1.3869332909159773,10
0.005,28.0,3.900000000000001,1.391349575325275,0.004416284409297589,1.3869332909159773,10
0.005,28.0,4.1000000000000005,1.391349575325275,0.004416284409297589,1.3869332909159773,10
0.005,28.0,4.300000000000001,1.391349575325275,0.004416284409297589,1.3869332909159773,10
0.005,28.0,4.500000000000001,1.391349575325275,0.004416284409297589,1.3869332909159773,10
0.005,28.0,4.7,1.391349575325275,0.004416284409297589,1.3869332909159773,10
0.005,28.0,4.9,1.391349575325275,0.004416284409297589,1.3869332909159773,10
0.002,1.0,4.300000000000001,1.3913494949530472,0.004416291382902146,1.386933203570145,10
0.002,1.0,4.1000000000000005,1.3913494949530472,0.004416291382902146,1.386933203570145,10
0.002,1.0,3.900000000000001,1.3913494949530472,0.004416291382902146,1.386933203570145,10
0.002,1.0,3.7000000000000006,1.3913494949530472,0.004416291382902146,1.386933203570145,10
0.002,1.0,3.500000000000001,1.3913494949530472,0.004416291382902146,1.386933203570145,10
0.002,7.0,4.7,1.3913494949530472,0.004416291382902146,1.386933203570145,10
0.002,4.0,3.500000000000001,1.3913494949530472,0.004416291382902146,1.386933203570145,10
0.002,4.0,3.3000000000000007,1.3913494949530472,0.004416291382902146,1.386933203570145,10
0.002,4.0,3.1000000000000005,1.3913494949530472,0.004416291382902146,1.386933203570145,10
0.002,22.0,0.30000000000000004,1.3913494949530472,0.004416291382902146,1.386933203570145,10
0.002,25.0,1.5000000000000004,1.3913494949530472,0.004416291382902146,1.386933203570145,10
0.002,25.0,1.3000000000000003,1.3913494949530472,0.004416291382902146,1.386933203570145,10
0.002,25.0,1.1000000000000003,1.3913494949530472,0.004416291382902146,1.386933203570145,10
0.002,25.0,0.9000000000000001,1.3913494949530472,0.004416291382902146,1.386933203570145,10
0.002,25.0,0.7000000000000001,1.3913494949530472,0.004416291382902146,1.386933203570145,10
0.002,25.0,0.5000000000000001,1.3913494949530472,0.004416291382902146,1.386933203570145,10
0.002,25.0,0.30000000000000004,1.3913494949530472,0.004416291382902146,1.386933203570145,10
0.002,22.0,4.9,1.3913494949530472,0.004416291382902146,1.386933203570145,10
0.002,22.0,4.7,1.3913494949530472,0.004416291382902146,1.386933203570145,10
0.002,22.0,4.500000000000001,1.3913494949530472,0.004416291382902146,1.386933203570145,10
0.002,22.0,4.300000000000001,1.3913494949530472,0.004416291382902146,1.386933203570145,10
0.002,22.0,4.1000000000000005,1.3913494949530472,0.004416291382902146,1.386933203570145,10
0.002,22.0,3.900000000000001,1.3913494949530472,0.004416291382902146,1.386933203570145,10
0.002,22.0,3.7000000000000006,1.3913494949530472,0.004416291382902146,1.386933203570145,10
0.002,22.0,3.500000000000001,1.3913494949530472,0.004416291382902146,1.386933203570145,10
0.002,28.0,2.5000000000000004,1.3913494949530472,0.004416291382902146,1.386933203570145,10
0.002,28.0,2.3000000000000007,1.3913494949530472,0.004416291382902146,1.386933203570145,10
0.002,28.0,2.1000000000000005,1.3913494949530472,0.004416291382902146,1.386933203570145,10
0.002,28.0,1.9000000000000004,1.3913494949530472,0.004416291382902146,1.386933203570145,10
0.002,28.0,1.7000000000000004,1.3913494949530472,0.004416291382902146,1.386933203570145,10
0.002,28.0,1.5000000000000004,1.3913494949530472,0.004416291382902146,1.386933203570145,10
0.002,28.0,1.3000000000000003,1.3913494949530472,0.004416291382902146,1.386933203570145,10
0.002,28.0,1.1000000000000003,1.3913494949530472,0.004416291382902146,1.386933203570145,10
0.002,28.0,0.9000000000000001,1.3913494949530472,0.004416291382902146,1.386933203570145,10
0.002,28.0,0.7000000000000001,1.3913494949530472,0.004416291382902146,1.386933203570145,10
0.002,28.0,0.5000000000000001,1.3913494949530472,0.004416291382902146,1.386933203570145,10
0.002,28.0,0.30000000000000004,1.3913494949530472,0.004416291382902146,1.386933203570145,10
0.002,25.0,4.9,1.3913494949530472,0.004416291382902146,1.386933203570145,10
0.002,28.0,4.9,1.3913494949530472,0.004416291382902146,1.386933203570145,10
0.002,28.0,4.1000000000000005,1.3913494949530472,0.004416291382902146,1.386933203570145,10
0.002,28.0,3.900000000000001,1.3913494949530472,0.004416291382902146,1.386933203570145,10
0.002,28.0,3.7000000000000006,1.3913494949530472,0.004416291382902146,1.386933203570145,10
0.002,19.0,3.7000000000000006,1.3913494949530472,0.004416291382902146,1.386933203570145,10
0.002,19.0,3.500000000000001,1.3913494949530472,0.004416291382902146,1.386933203570145,10
0.002,19.0,3.3000000000000007,1.3913494949530472,0.004416291382902146,1.386933203570145,10
0.002,19.0,3.1000000000000005,1.3913494949530472,0.004416291382902146,1.386933203570145,10
0.002,19.0,2.900000000000001,1.3913494949530472,0.004416291382902146,1.386933203570145,10
0.002,19.0,2.7000000000000006,1.3913494949530472,0.004416291382902146,1.386933203570145,10
0.002,19.0,2.5000000000000004,1.3913494949530472,0.004416291382902146,1.386933203570145,10
0.002,19.0,2.3000000000000007,1.3913494949530472,0.004416291382902146,1.386933203570145,10
0.002,19.0,2.1000000000000005,1.3913494949530472,0.004416291382902146,1.386933203570145,10
0.002,22.0,3.3000000000000007,1.3913494949530472,0.004416291382902146,1.386933203570145,10
0.002,28.0,2.900000000000001,1.3913494949530472,0.004416291382902146,1.386933203570145,10
0.002,28.0,2.7000000000000006,1.3913494949530472,0.004416291382902146,1.386933203570145,10
0.002,16.0,4.1000000000000005,1.3913494949530472,0.004416291382902146,1.386933203570145,10
0.002,16.0,3.900000000000001,1.3913494949530472,0.004416291382902146,1.386933203570145,10
0.002,22.0,3.1000000000000005,1.3913494949530472,0.004416291382902146,1.386933203570145,10
0.002,22.0,2.900000000000001,1.3913494949530472,0.004416291382902146,1.386933203570145,10
0.002,22.0,2.7000000000000006,1.3913494949530472,0.004416291382902146,1.386933203570145,10
0.002,22.0,2.5000000000000004,1.3913494949530472,0.004416291382902146,1.386933203570145,10
0.002,22.0,2.3000000000000007,1.3913494949530472,0.004416291382902146,1.386933203570145,10
0.002,22.0,2.1000000000000005,1.3913494949530472,0.004416291382902146,1.386933203570145,10
0.002,28.0,3.500000000000001,1.3913494949530472,0.004416291382902146,1.386933203570145,10
0.002,28.0,3.3000000000000007,1.3913494949530472,0.004416291382902146,1.386933203570145,10
0.002,28.0,3.1000000000000005,1.3913494949530472,0.004416291382902146,1.386933203570145,10
0.002,28.0,4.7,1.3913494949530472,0.004416291382902146,1.386933203570145,10
0.002,28.0,4.500000000000001,1.3913494949530472,0.004416291382902146,1.386933203570145,10
0.002,28.0,4.300000000000001,1.3913494949530472,0.004416291382902146,1.386933203570145,10
0.002,16.0,1.5000000000000004,1.3913494949530472,0.004416291382902146,1.386933203570145,10
0.002,16.0,1.3000000000000003,1.3913494949530472,0.004416291382902146,1.386933203570145,10
0.002,16.0,1.1000000000000003,1.3913494949530472,0.004416291382902146,1.386933203570145,10
0.002,16.0,0.9000000000000001,1.3913494949530472,0.004416291382902146,1.386933203570145,10
0.002,19.0,4.9,1.3913494949530472,0.004416291382902146,1.386933203570145,10
0.002,19.0,4.7,1.3913494949530472,0.004416291382902146,1.386933203570145,10
0.002,19.0,4.500000000000001,1.3913494949530472,0.004416291382902146,1.386933203570145,10
0.002,19.0,4.300000000000001,1.3913494949530472,0.004416291382902146,1.386933203570145,10
0.002,19.0,4.1000000000000005,1.3913494949530472,0.004416291382902146,1.386933203570145,10
0.002,19.0,3.900000000000001,1.3913494949530472,0.004416291382902146,1.386933203570145,10
0.002,19.0,0.7000000000000001,1.3913494949530472,0.004416291382902146,1.386933203570145,10
0.002,19.0,0.5000000000000001,1.3913494949530472,0.004416291382902146,1.386933203570145,10
0.002,16.0,4.9,1.3913494949530472,0.004416291382902146,1.386933203570145,10
0.002,16.0,4.7,1.3913494949530472,0.004416291382902146,1.386933203570145,10
0.002,16.0,4.500000000000001,1.3913494949530472,0.004416291382902146,1.386933203570145,10
0.002,16.0,4.300000000000001,1.3913494949530472,0.004416291382902146,1.386933203570145,10
0.002,19.0,1.3000000000000003,1.3913494949530472,0.004416291382902146,1.386933203570145,10
0.002,19.0,1.1000000000000003,1.3913494949530472,0.004416291382902146,1.386933203570145,10
0.002,19.0,0.9000000000000001,1.3913494949530472,0.004416291382902146,1.386933203570145,10
0.002,13.0,4.1000000000000005,1.3913494949530472,0.004416291382902146,1.386933203570145,10
0.002,13.0,3.900000000000001,1.3913494949530472,0.004416291382902146,1.386933203570145,10
0.002,13.0,3.7000000000000006,1.3913494949530472,0.004416291382902146,1.386933203570145,10
0.002,13.0,3.500000000000001,1.3913494949530472,0.004416291382902146,1.386933203570145,10
0.002,13.0,3.3000000000000007,1.3913494949530472,0.004416291382902146,1.386933203570145,10
0.002,13.0,3.1000000000000005,1.3913494949530472,0.004416291382902146,1.386933203570145,10
0.002,13.0,2.900000000000001,1.3913494949530472,0.004416291382902146,1.386933203570145,10
0.002,13.0,2.7000000000000006,1.3913494949530472,0.004416291382902146,1.386933203570145,10
0.002,16.0,3.7000000000000006,1.3913494949530472,0.004416291382902146,1.386933203570145,10
0.002,16.0,2.3000000000000007,1.3913494949530472,0.004416291382902146,1.386933203570145,10
0.002,16.0,2.1000000000000005,1.3913494949530472,0.004416291382902146,1.386933203570145,10
0.002,16.0,1.9000000000000004,1.3913494949530472,0.004416291382902146,1.386933203570145,10
0.002,16.0,1.7000000000000004,1.3913494949530472,0.004416291382902146,1.386933203570145,10
0.002,16.0,2.900000000000001,1.3913494949530472,0.004416291382902146,1.386933203570145,10
0.002,16.0,2.7000000000000006,1.3913494949530472,0.004416291382902146,1.386933203570145,10
0.002,16.0,2.5000000000000004,1.3913494949530472,0.004416291382902146,1.386933203570145,10
0.002,13.0,1.1000000000000003,1.3913494949530472,0.004416291382902146,1.386933203570145,10
0.002,13.0,0.9000000000000001,1.3913494949530472,0.004416291382902146,1.386933203570145,10
0.002,13.0,0.7000000000000001,1.3913494949530472,0.004416291382902146,1.386933203570145,10
0.002,10.0,4.9,1.3913494949530472,0.004416291382902146,1.386933203570145,10
0.002,10.0,4.7,1.3913494949530472,0.004416291382902146,1.386933203570145,10
0.002,10.0,4.500000000000001,1.3913494949530472,0.004416291382902146,1.386933203570145,10
0.002,10.0,4.300000000000001,1.3913494949530472,0.004416291382902146,1.386933203570145,10
0.002,10.0,4.1000000000000005,1.3913494949530472,0.004416291382902146,1.386933203570145,10
0.002,16.0,0.7000000000000001,1.3913494949530472,0.004416291382902146,1.386933203570145,10
0.002,16.0,0.5000000000000001,1.3913494949530472,0.004416291382902146,1.386933203570145,10
0.002,19.0,1.9000000000000004,1.3913494949530472,0.004416291382902146,1.386933203570145,10
0.002,19.0,1.7000000000000004,1.3913494949530472,0.004416291382902146,1.386933203570145,10
0.002,19.0,1.5000000000000004,1.3913494949530472,0.004416291382902146,1.386933203570145,10
0.002,10.0,2.900000000000001,1.3913494949530472,0.004416291382902146,1.386933203570145,10
0.002,10.0,2.7000000000000006,1.3913494949530472,0.004416291382902146,1.386933203570145,10
0.002,10.0,2.5000000000000004,1.3913494949530472,0.004416291382902146,1.386933203570145,10
0.002,10.0,2.3000000000000007,1.3913494949530472,0.004416291382902146,1.386933203570145,10
0.002,10.0,2.1000000000000005,1.3913494949530472,0.004416291382902146,1.386933203570145,10
0.002,10.0,1.9000000000000004,1.3913494949530472,0.004416291382902146,1.386933203570145,10
0.002,10.0,1.7000000000000004,1.3913494949530472,0.004416291382902146,1.386933203570145,10
0.002,10.0,1.5000000000000004,1.3913494949530472,0.004416291382902146,1.386933203570145,10
0.002,10.0,1.3000000000000003,1.3913494949530472,0.004416291382902146,1.386933203570145,10
0.002,10.0,1.1000000000000003,1.3913494949530472,0.004416291382902146,1.386933203570145,10
0.002,10.0,0.9000000000000001,1.3913494949530472,0.004416291382902146,1.386933203570145,10
0.002,13.0,2.5000000000000004,1.3913494949530472,0.004416291382902146,1.386933203570145,10
0.002,13.0,2.3000000000000007,1.3913494949530472,0.004416291382902146,1.386933203570145,10
0.002,16.0,3.500000000000001,1.3913494949530472,0.004416291382902146,1.386933203570145,10
0.002,16.0,3.3000000000000007,1.3913494949530472,0.004416291382902146,1.386933203570145,10
0.002,16.0,3.1000000000000005,1.3913494949530472,0.004416291382902146,1.386933203570145,10
0.002,7.0,4.500000000000001,1.3913494949530472,0.004416291382902146,1.386933203570145,10
0.002,7.0,4.300000000000001,1.3913494949530472,0.004416291382902146,1.386933203570145,10
0.002,7.0,4.1000000000000005,1.3913494949530472,0.004416291382902146,1.386933203570145,10
0.002,7.0,3.900000000000001,1.3913494949530472,0.004416291382902146,1.386933203570145,10
0.002,7.0,3.7000000000000006,1.3913494949530472,0.004416291382902146,1.386933203570145,10
0.002,7.0,3.500000000000001,1.3913494949530472,0.004416291382902146,1.386933203570145,10
0.002,7.0,3.3000000000000007,1.3913494949530472,0.004416291382902146,1.386933203570145,10
0.002,7.0,3.1000000000000005,1.3913494949530472,0.004416291382902146,1.386933203570145,10
0.002,7.0,2.900000000000001,1.3913494949530472,0.004416291382902146,1.386933203570145,10
0.002,7.0,2.7000000000000006,1.3913494949530472,0.004416291382902146,1.386933203570145,10
0.002,7.0,2.5000000000000004,1.3913494949530472,0.004416291382902146,1.386933203570145,10
0.002,10.0,3.900000000000001,1.3913494949530472,0.004416291382902146,1.386933203570145,10
0.002,13.0,4.9,1.3913494949530472,0.004416291382902146,1.386933203570145,10
0.002,13.0,4.7,1.3913494949530472,0.004416291382902146,1.386933203570145,10
0.002,13.0,4.500000000000001,1.3913494949530472,0.004416291382902146,1.386933203570145,10
0.002,13.0,4.300000000000001,1.3913494949530472,0.004416291382902146,1.386933203570145,10
0.002,7.0,1.7000000000000004,1.3913494949530472,0.004416291382902146,1.386933203570145,10
0.002,7.0,1.5000000000000004,1.3913494949530472,0.004416291382902146,1.386933203570145,10
0.002,7.0,1.3000000000000003,1.3913494949530472,0.004416291382902146,1.386933203570145,10
0.002,4.0,4.9,1.3913494949530472,0.004416291382902146,1.386933203570145,10
0.002,4.0,4.7,1.3913494949530472,0.004416291382902146,1.386933203570145,10
0.002,4.0,4.500000000000001,1.3913494949530472,0.004416291382902146,1.386933203570145,10
0.002,4.0,4.300000000000001,1.3913494949530472,0.004416291382902146,1.386933203570145,10
0.002,4.0,4.1000000000000005,1.3913494949530472,0.004416291382902146,1.386933203570145,10
0.002,4.0,3.900000000000001,1.3913494949530472,0.004416291382902146,1.386933203570145,10
0.002,4.0,3.7000000000000006,1.3913494949530472,0.004416291382902146,1.386933203570145,10
0.002,7.0,4.9,1.3913494949530472,0.004416291382902146,1.386933203570145,10
0.002,13.0,2.1000000000000005,1.3913494949530472,0.004416291382902146,1.386933203570145,10
0.002,13.0,1.9000000000000004,1.3913494949530472,0.004416291382902146,1.386933203570145,10
0.002,13.0,1.7000000000000004,1.3913494949530472,0.004416291382902146,1.386933203570145,10
0.002,13.0,1.5000000000000004,1.3913494949530472,0.004416291382902146,1.386933203570145,10
0.002,13.0,1.3000000000000003,1.3913494949530472,0.004416291382902146,1.386933203570145,10
0.002,25.0,4.7,1.3913494949530472,0.004416291382902146,1.386933203570145,10
0.002,25.0,4.500000000000001,1.3913494949530472,0.004416291382902146,1.386933203570145,10
0.002,25.0,4.300000000000001,1.3913494949530472,0.004416291382902146,1.386933203570145,10
0.002,25.0,4.1000000000000005,1.3913494949530472,0.004416291382902146,1.386933203570145,10
0.002,25.0,3.900000000000001,1.3913494949530472,0.004416291382902146,1.386933203570145,10
0.002,25.0,3.7000000000000006,1.3913494949530472,0.004416291382902146,1.386933203570145,10
0.002,4.0,2.900000000000001,1.3913494949530472,0.004416291382902146,1.386933203570145,10
0.002,4.0,2.7000000000000006,1.3913494949530472,0.004416291382902146,1.386933203570145,10
0.002,4.0,2.5000000000000004,1.3913494949530472,0.004416291382902146,1.386933203570145,10
0.002,4.0,2.3000000000000007,1.3913494949530472,0.004416291382902146,1.386933203570145,10
0.002,4.0,2.1000000000000005,1.3913494949530472,0.004416291382902146,1.386933203570145,10
0.002,4.0,1.9000000000000004,1.3913494949530472,0.004416291382902146,1.386933203570145,10
0.002,1.0,4.9,1.3913494949530472,0.004416291382902146,1.386933203570145,10
0.002,1.0,4.7,1.3913494949530472,0.004416291382902146,1.386933203570145,10
0.002,1.0,4.500000000000001,1.3913494949530472,0.004416291382902146,1.386933203570145,10
0.002,7.0,2.1000000000000005,1.3913494949530472,0.004416291382902146,1.386933203570145,10
0.002,7.0,1.9000000000000004,1.3913494949530472,0.004416291382902146,1.386933203570145,10
0.002,7.0,2.3000000000000007,1.3913494949530472,0.004416291382902146,1.386933203570145,10
0.002,10.0,3.7000000000000006,1.3913494949530472,0.004416291382902146,1.386933203570145,10
0.002,10.0,3.500000000000001,1.3913494949530472,0.004416291382902146,1.386933203570145,10
0.002,10.0,3.3000000000000007,1.3913494949530472,0.004416291382902146,1.386933203570145,10
0.002,10.0,3.1000000000000005,1.3913494949530472,0.004416291382902146,1.386933203570145,10
0.002,25.0,3.500000000000001,1.3913494949530472,0.004416291382902146,1.386933203570145,10
0.002,25.0,3.3000000000000007,1.3913494949530472,0.004416291382902146,1.386933203570145,10
0.002,25.0,3.1000000000000005,1.3913494949530472,0.004416291382902146,1.386933203570145,10
0.002,25.0,2.900000000000001,1.3913494949530472,0.004416291382902146,1.386933203570145,10
0.002,25.0,2.7000000000000006,1.3913494949530472,0.004416291382902146,1.386933203570145,10
0.002,25.0,2.5000000000000004,1.3913494949530472,0.004416291382902146,1.386933203570145,10
0.002,25.0,2.3000000000000007,1.3913494949530472,0.004416291382902146,1.386933203570145,10
0.002,25.0,2.1000000000000005,1.3913494949530472,0.004416291382902146,1.386933203570145,10
0.002,25.0,1.9000000000000004,1.3913494949530472,0.004416291382902146,1.386933203570145,10
0.002,25.0,1.7000000000000004,1.3913494949530472,0.004416291382902146,1.386933203570145,10
0.002,22.0,1.9000000000000004,1.3913494949530472,0.004416291382902146,1.386933203570145,10
0.002,22.0,1.7000000000000004,1.3913494949530472,0.004416291382902146,1.386933203570145,10
0.002,22.0,1.5000000000000004,1.3913494949530472,0.004416291382902146,1.386933203570145,10
0.002,22.0,1.3000000000000003,1.3913494949530472,0.004416291382902146,1.386933203570145,10
0.002,22.0,1.1000000000000003,1.3913494949530472,0.004416291382902146,1.386933203570145,10
0.002,22.0,0.9000000000000001,1.3913494949530472,0.004416291382902146,1.386933203570145,10
0.002,22.0,0.7000000000000001,1.3913494949530472,0.004416291382902146,1.386933203570145,10
0.002,22.0,0.5000000000000001,1.3913494949530472,0.004416291382902146,1.386933203570145,10
0.002,7.0,0.9000000000000001,1.5384194023455424,0.15666328730991377,1.3817561150356286,10
0.006,7.0,0.9000000000000001,1.5384623381995721,0.1567498622476069,1.3817124759519652,10
0.005,7.0,0.9000000000000001,1.5384619306682714,0.15674982522323666,1.3817121054450348,10
0.004,7.0,0.9000000000000001,1.5384618786741113,0.15675000861285393,1.3817118700612574,10
0.003,7.0,0.9000000000000001,1.5384618645508255,0.15675001592430823,1.3817118486265172,10
0.001,28.0,0.1,1.4934625499633873,0.1223600458600881,1.3711025041032991,9
0.005,28.0,0.1,1.496245105692801,0.12669899573481477,1.3695461099579862,9
0.006,28.0,0.1,1.496245092004472,0.12669901059746275,1.3695460814070093,9
0.003,28.0,0.1,1.4962450665674887,0.12669901607119052,1.3695460504962982,9
0.004,28.0,0.1,1.4962450596363661,0.1266990221871715,1.3695460374491946,9
0.002,28.0,0.1,1.4962450271601055,0.12669902460162555,1.36954600255848,9
0.006,1.0,2.900000000000001,1.4280010808697998,0.062041392554630245,1.3659596883151697,10
0.003,1.0,2.900000000000001,1.4280010360380453,0.06204135373230324,1.365959682305742,10
0.004,1.0,2.900000000000001,1.4280010249679598,0.062041369162964426,1.3659596558049953,10
0.005,1.0,2.900000000000001,1.4280010340612188,0.06204138065106876,1.3659596534101501,10
0.002,1.0,2.900000000000001,1.4280009332283083,0.06204142040633966,1.3659595128219686,10
0.002,13.0,0.5000000000000001,1.4247694621021068,0.059322870226191274,1.3654465918759155,10
0.005,13.0,0.5000000000000001,1.4247697452862103,0.0593231878784278,1.3654465574077825,10
0.003,13.0,0.5000000000000001,1.424770070547694,0.05932390404926852,1.3654461664984254,10
0.004,13.0,0.5000000000000001,1.4247700702435557,0.05932393185050208,1.3654461383930536,10
0.006,13.0,0.5000000000000001,1.4247702725579523,0.05932427906435075,1.3654459934936016,10
0.001,7.0,0.9000000000000001,1.5678376469820354,0.20478104945071743,1.363056597531318,10
0.001,1.0,2.900000000000001,1.4567948954325864,0.09508882836952612,1.3617060670630603,10
0.002,19.0,0.30000000000000004,1.4062614333308887,0.04517932845677389,1.3610821048741149,10
0.005,19.0,0.30000000000000004,1.4062618396064177,0.045180335155446553,1.3610815044509712,10
0.004,19.0,0.30000000000000004,1.4062620879585235,0.04518118266824154,1.361080905290282,10
0.003,19.0,0.30000000000000004,1.4062621115255944,0.04518123125545935,1.361080880270135,10
0.006,19.0,0.30000000000000004,1.4062622191435774,0.045181523888039046,1.3610806952555383,10
0.006,1.0,3.3000000000000007,1.407429983306821,0.046416685227776505,1.3610132980790444,10
0.006,1.0,3.1000000000000005,1.407429983306821,0.046416685227776505,1.3610132980790444,10
0.003,1.0,3.1000000000000005,1.4074299707901918,0.04641668085888672,1.3610132899313052,10
0.003,1.0,3.3000000000000007,1.4074299707901918,0.04641668085888672,1.3610132899313052,10
0.005,1.0,3.3000000000000007,1.4074299705753455,0.046416689098300844,1.3610132814770446,10
0.005,1.0,3.1000000000000005,1.4074299705753455,0.046416689098300844,1.3610132814770446,10
0.004,1.0,3.1000000000000005,1.40742996048408,0.04641668493613439,1.3610132755479456,10
0.004,1.0,3.3000000000000007,1.40742996048408,0.04641668493613439,1.3610132755479456,10
0.002,1.0,3.1000000000000005,1.4074298941921424,0.04641664384783602,1.3610132503443064,10
0.002,1.0,3.3000000000000007,1.4074298941921424,0.04641664384783602,1.3610132503443064,10
0.006,4.0,1.7000000000000004,1.421097192155918,0.06043699675773584,1.360660195398182,10
0.003,4.0,1.7000000000000004,1.4210971698449806,0.06043698939309549,1.3606601804518852,10
0.005,4.0,1.7000000000000004,1.4210971790739455,0.060437002346166564,1.3606601767277788,10
0.004,4.0,1.7000000000000004,1.4210971596732644,0.06043699440183878,1.3606601652714256,10
0.002,4.0,1.7000000000000004,1.4210970871851907,0.060437031458376915,1.3606600557268138,10
0.001,1.0,2.7000000000000006,1.473224863949906,0.1131011276863305,1.3601237362635754,10
0.001,13.0,0.5000000000000001,1.4535625501968632,0.09432843876157296,1.3592341114352902,10
0.005,25.0,0.1,1.550538120582931,0.193881957018723,1.356656163564208,9
0.004,25.0,0.1,1.5505380692037098,0.19388196958336915,1.3566560996203407,9
0.003,25.0,0.1,1.550537969818748,0.1938819658278898,1.3566560039908582,9
0.006,25.0,0.1,1.5505379111975168,0.19388196736469024,1.3566559438328265,9
0.002,25.0,0.1,1.5505378635584823,0.19388230697536452,1.3566555565831178,9
0.001,25.0,0.1,1.547753817989424,0.1918631178136133,1.3558907001758107,9
0.006,1.0,2.7000000000000006,1.4444320431786308,0.0924411846717022,1.3519908585069287,10
0.002,1.0,2.7000000000000006,1.444431330030571,0.09244052713873323,1.3519908028918377,10
0.003,1.0,2.7000000000000006,1.444431895251599,0.09244111951151622,1.3519907757400829,10
0.005,1.0,2.7000000000000006,1.444431655438546,0.09244088976197158,1.3519907656765744,10
0.004,1.0,2.7000000000000006,1.4444318966048386,0.09244113287095466,1.351990763733884,10
0.001,10.0,0.7000000000000001,1.4559222619162646,0.11168979626559339,1.3442324656506712,10
0.001,1.0,3.3000000000000007,1.4362238648848697,0.09236830221534685,1.343855562669523,10
0.001,1.0,3.1000000000000005,1.4362238648848697,0.09236830221534685,1.343855562669523,10
0.001,19.0,0.30000000000000004,1.4350552168221835,0.09211847842207799,1.3429367384001054,10
0.005,10.0,0.7000000000000001,1.4271299367266104,0.08503955452595223,1.3420903822006582,10
0.003,10.0,0.7000000000000001,1.4271302528145124,0.08504003530901724,1.3420902175054952,10
0.004,10.0,0.7000000000000001,1.427130250813488,0.08504005334142356,1.3420901974720645,10
0.006,10.0,0.7000000000000001,1.4271304589650096,0.0850402969737382,1.3420901619912713,10
0.002,10.0,0.7000000000000001,1.4271292100207422,0.085040212205055,1.3420889978156871,10
0.001,1.0,4.1000000000000005,1.4201434659669687,0.08557417476177671,1.334569291205192,10
0.001,1.0,4.300000000000001,1.4201434659669687,0.08557417476177671,1.334569291205192,10
0.001,19.0,2.7000000000000006,1.4201434659669687,0.08557417476177671,1.334569291205192,10
0.001,1.0,4.500000000000001,1.4201434659669687,0.08557417476177671,1.334569291205192,10
0.001,19.0,2.3000000000000007,1.4201434659669687,0.08557417476177671,1.334569291205192,10
0.001,19.0,2.1000000000000005,1.4201434659669687,0.08557417476177671,1.334569291205192,10
0.001,19.0,1.9000000000000004,1.4201434659669687,0.08557417476177671,1.334569291205192,10
0.001,1.0,4.7,1.4201434659669687,0.08557417476177671,1.334569291205192,10
0.001,1.0,4.9,1.4201434659669687,0.08557417476177671,1.334569291205192,10
0.001,19.0,2.900000000000001,1.4201434659669687,0.08557417476177671,1.334569291205192,10
0.001,1.0,3.7000000000000006,1.4201434659669687,0.08557417476177671,1.334569291205192,10
0.001,19.0,2.5000000000000004,1.4201434659669687,0.08557417476177671,1.334569291205192,10
0.001,7.0,3.1000000000000005,1.4201434659669687,0.08557417476177671,1.334569291205192,10
0.001,7.0,3.3000000000000007,1.4201434659669687,0.08557417476177671,1.334569291205192,10
0.001,19.0,1.3000000000000003,1.4201434659669687,0.08557417476177671,1.334569291205192,10
0.001,19.0,1.5000000000000004,1.4201434659669687,0.08557417476177671,1.334569291205192,10
0.001,19.0,1.7000000000000004,1.4201434659669687,0.08557417476177671,1.334569291205192,10
0.001,7.0,2.7000000000000006,1.4201434659669687,0.08557417476177671,1.334569291205192,10
0.001,7.0,2.1000000000000005,1.4201434659669687,0.08557417476177671,1.334569291205192,10
0.001,7.0,2.900000000000001,1.4201434659669687,0.08557417476177671,1.334569291205192,10
0.001,7.0,1.3000000000000003,1.4201434659669687,0.08557417476177671,1.334569291205192,10
0.001,4.0,4.9,1.4201434659669687,0.08557417476177671,1.334569291205192,10
0.001,4.0,4.7,1.4201434659669687,0.08557417476177671,1.334569291205192,10
0.001,4.0,4.500000000000001,1.4201434659669687,0.08557417476177671,1.334569291205192,10
0.001,4.0,4.300000000000001,1.4201434659669687,0.08557417476177671,1.334569291205192,10
0.001,7.0,1.9000000000000004,1.4201434659669687,0.08557417476177671,1.334569291205192,10
0.001,7.0,2.5000000000000004,1.4201434659669687,0.08557417476177671,1.334569291205192,10
0.001,7.0,2.3000000000000007,1.4201434659669687,0.08557417476177671,1.334569291205192,10
0.001,16.0,1.1000000000000003,1.4201434659669687,0.08557417476177671,1.334569291205192,10
0.001,16.0,1.3000000000000003,1.4201434659669687,0.08557417476177671,1.334569291205192,10
0.001,13.0,3.3000000000000007,1.4201434659669687,0.08557417476177671,1.334569291205192,10
0.001,16.0,0.9000000000000001,1.4201434659669687,0.08557417476177671,1.334569291205192,10
0.001,13.0,4.7,1.4201434659669687,0.08557417476177671,1.334569291205192,10
0.001,16.0,0.7000000000000001,1.4201434659669687,0.08557417476177671,1.334569291205192,10
0.001,16.0,0.5000000000000001,1.4201434659669687,0.08557417476177671,1.334569291205192,10
0.001,13.0,4.9,1.4201434659669687,0.08557417476177671,1.334569291205192,10
0.001,13.0,4.1000000000000005,1.4201434659669687,0.08557417476177671,1.334569291205192,10
0.001,13.0,4.300000000000001,1.4201434659669687,0.08557417476177671,1.334569291205192,10
0.001,13.0,4.500000000000001,1.4201434659669687,0.08557417476177671,1.334569291205192,10
0.001,13.0,3.900000000000001,1.4201434659669687,0.08557417476177671,1.334569291205192,10
0.001,13.0,2.3000000000000007,1.4201434659669687,0.08557417476177671,1.334569291205192,10
0.001,13.0,2.5000000000000004,1.4201434659669687,0.08557417476177671,1.334569291205192,10
0.001,7.0,1.7000000000000004,1.4201434659669687,0.08557417476177671,1.334569291205192,10
0.001,7.0,1.5000000000000004,1.4201434659669687,0.08557417476177671,1.334569291205192,10
0.001,13.0,2.1000000000000005,1.4201434659669687,0.08557417476177671,1.334569291205192,10
0.001,13.0,3.7000000000000006,1.4201434659669687,0.08557417476177671,1.334569291205192,10
0.001,13.0,2.7000000000000006,1.4201434659669687,0.08557417476177671,1.334569291205192,10
0.001,13.0,3.1000000000000005,1.4201434659669687,0.08557417476177671,1.334569291205192,10
0.001,13.0,3.500000000000001,1.4201434659669687,0.08557417476177671,1.334569291205192,10
0.001,28.0,4.9,1.4201434659669687,0.08557417476177671,1.334569291205192,10
0.001,28.0,4.7,1.4201434659669687,0.08557417476177671,1.334569291205192,10
0.001,13.0,2.900000000000001,1.4201434659669687,0.08557417476177671,1.334569291205192,10
0.001,28.0,4.500000000000001,1.4201434659669687,0.08557417476177671,1.334569291205192,10
0.001,28.0,4.300000000000001,1.4201434659669687,0.08557417476177671,1.334569291205192,10
0.001,28.0,4.1000000000000005,1.4201434659669687,0.08557417476177671,1.334569291205192,10
0.001,16.0,4.500000000000001,1.4201434659669687,0.08557417476177671,1.334569291205192,10
0.001,16.0,4.300000000000001,1.4201434659669687,0.08557417476177671,1.334569291205192,10
0.001,16.0,4.1000000000000005,1.4201434659669687,0.08557417476177671,1.334569291205192,10
0.001,16.0,3.900000000000001,1.4201434659669687,0.08557417476177671,1.334569291205192,10
0.001,16.0,3.7000000000000006,1.4201434659669687,0.08557417476177671,1.334569291205192,10
0.001,16.0,3.500000000000001,1.4201434659669687,0.08557417476177671,1.334569291205192,10
0.001,16.0,3.3000000000000007,1.4201434659669687,0.08557417476177671,1.334569291205192,10
0.001,16.0,3.1000000000000005,1.4201434659669687,0.08557417476177671,1.334569291205192,10
0.001,16.0,2.900000000000001,1.4201434659669687,0.08557417476177671,1.334569291205192,10
0.001,16.0,2.7000000000000006,1.4201434659669687,0.08557417476177671,1.334569291205192,10
0.001,16.0,2.5000000000000004,1.4201434659669687,0.08557417476177671,1.334569291205192,10
0.001,16.0,2.3000000000000007,1.4201434659669687,0.08557417476177671,1.334569291205192,10
0.001,16.0,2.1000000000000005,1.4201434659669687,0.08557417476177671,1.334569291205192,10
0.001,16.0,1.9000000000000004,1.4201434659669687,0.08557417476177671,1.334569291205192,10
0.001,16.0,1.7000000000000004,1.4201434659669687,0.08557417476177671,1.334569291205192,10
0.001,16.0,1.5000000000000004,1.4201434659669687,0.08557417476177671,1.334569291205192,10
0.001,28.0,3.900000000000001,1.4201434659669687,0.08557417476177671,1.334569291205192,10
0.001,28.0,3.7000000000000006,1.4201434659669687,0.08557417476177671,1.334569291205192,10
0.001,28.0,3.500000000000001,1.4201434659669687,0.08557417476177671,1.334569291205192,10
0.001,28.0,3.3000000000000007,1.4201434659669687,0.08557417476177671,1.334569291205192,10
0.001,1.0,3.900000000000001,1.4201434659669687,0.08557417476177671,1.334569291205192,10
0.001,28.0,3.1000000000000005,1.4201434659669687,0.08557417476177671,1.334569291205192,10
0.001,28.0,2.900000000000001,1.4201434659669687,0.08557417476177671,1.334569291205192,10
0.001,28.0,2.5000000000000004,1.4201434659669687,0.08557417476177671,1.334569291205192,10
0.001,28.0,2.7000000000000006,1.4201434659669687,0.08557417476177671,1.334569291205192,10
0.001,28.0,2.1000000000000005,1.4201434659669687,0.08557417476177671,1.334569291205192,10
0.001,28.0,1.9000000000000004,1.4201434659669687,0.08557417476177671,1.334569291205192,10
0.001,28.0,1.7000000000000004,1.4201434659669687,0.08557417476177671,1.334569291205192,10
0.001,28.0,2.3000000000000007,1.4201434659669687,0.08557417476177671,1.334569291205192,10
0.001,28.0,1.3000000000000003,1.4201434659669687,0.08557417476177671,1.334569291205192,10
0.001,28.0,1.1000000000000003,1.4201434659669687,0.08557417476177671,1.334569291205192,10
0.001,28.0,0.9000000000000001,1.4201434659669687,0.08557417476177671,1.334569291205192,10
0.001,28.0,0.7000000000000001,1.4201434659669687,0.08557417476177671,1.334569291205192,10
0.001,28.0,0.5000000000000001,1.4201434659669687,0.08557417476177671,1.334569291205192,10
0.001,28.0,0.30000000000000004,1.4201434659669687,0.08557417476177671,1.334569291205192,10
0.001,25.0,4.9,1.4201434659669687,0.08557417476177671,1.334569291205192,10
0.001,28.0,1.5000000000000004,1.4201434659669687,0.08557417476177671,1.334569291205192,10
0.001,25.0,4.500000000000001,1.4201434659669687,0.08557417476177671,1.334569291205192,10
0.001,25.0,4.300000000000001,1.4201434659669687,0.08557417476177671,1.334569291205192,10
0.001,25.0,4.1000000000000005,1.4201434659669687,0.08557417476177671,1.334569291205192,10
0.001,25.0,3.900000000000001,1.4201434659669687,0.08557417476177671,1.334569291205192,10
0.001,25.0,3.7000000000000006,1.4201434659669687,0.08557417476177671,1.334569291205192,10
0.001,25.0,3.500000000000001,1.4201434659669687,0.08557417476177671,1.334569291205192,10
0.001,25.0,3.3000000000000007,1.4201434659669687,0.08557417476177671,1.334569291205192,10
0.001,25.0,3.1000000000000005,1.4201434659669687,0.08557417476177671,1.334569291205192,10
0.001,25.0,2.900000000000001,1.4201434659669687,0.08557417476177671,1.334569291205192,10
0.001,25.0,2.7000000000000006,1.4201434659669687,0.08557417476177671,1.334569291205192,10
0.001,25.0,2.3000000000000007,1.4201434659669687,0.08557417476177671,1.334569291205192,10
0.001,25.0,2.1000000000000005,1.4201434659669687,0.08557417476177671,1.334569291205192,10
0.001,25.0,1.9000000000000004,1.4201434659669687,0.08557417476177671,1.334569291205192,10
0.001,25.0,1.7000000000000004,1.4201434659669687,0.08557417476177671,1.334569291205192,10
0.001,25.0,1.5000000000000004,1.4201434659669687,0.08557417476177671,1.334569291205192,10
0.001,25.0,4.7,1.4201434659669687,0.08557417476177671,1.334569291205192,10
0.001,25.0,1.1000000000000003,1.4201434659669687,0.08557417476177671,1.334569291205192,10
0.001,25.0,0.9000000000000001,1.4201434659669687,0.08557417476177671,1.334569291205192,10
0.001,25.0,0.7000000000000001,1.4201434659669687,0.08557417476177671,1.334569291205192,10
0.001,25.0,0.5000000000000001,1.4201434659669687,0.08557417476177671,1.334569291205192,10
0.001,25.0,0.30000000000000004,1.4201434659669687,0.08557417476177671,1.334569291205192,10
0.001,22.0,4.9,1.4201434659669687,0.08557417476177671,1.334569291205192,10
0.001,22.0,4.7,1.4201434659669687,0.08557417476177671,1.334569291205192,10
0.001,22.0,4.500000000000001,1.4201434659669687,0.08557417476177671,1.334569291205192,10
0.001,22.0,4.1000000000000005,1.4201434659669687,0.08557417476177671,1.334569291205192,10
0.001,22.0,3.900000000000001,1.4201434659669687,0.08557417476177671,1.334569291205192,10
0.001,22.0,3.7000000000000006,1.4201434659669687,0.08557417476177671,1.334569291205192,10
0.001,22.0,3.500000000000001,1.4201434659669687,0.08557417476177671,1.334569291205192,10
0.001,22.0,3.3000000000000007,1.4201434659669687,0.08557417476177671,1.334569291205192,10
0.001,22.0,3.1000000000000005,1.4201434659669687,0.08557417476177671,1.334569291205192,10
0.001,22.0,2.900000000000001,1.4201434659669687,0.08557417476177671,1.334569291205192,10
0.001,22.0,2.7000000000000006,1.4201434659669687,0.08557417476177671,1.334569291205192,10
0.001,22.0,2.5000000000000004,1.4201434659669687,0.08557417476177671,1.334569291205192,10
0.001,22.0,2.3000000000000007,1.4201434659669687,0.08557417476177671,1.334569291205192,10
0.001,22.0,2.1000000000000005,1.4201434659669687,0.08557417476177671,1.334569291205192,10
0.001,22.0,1.9000000000000004,1.4201434659669687,0.08557417476177671,1.334569291205192,10
0.001,22.0,1.7000000000000004,1.4201434659669687,0.08557417476177671,1.334569291205192,10
0.001,22.0,1.5000000000000004,1.4201434659669687,0.08557417476177671,1.334569291205192,10
0.001,22.0,1.3000000000000003,1.4201434659669687,0.08557417476177671,1.334569291205192,10
0.001,25.0,2.5000000000000004,1.4201434659669687,0.08557417476177671,1.334569291205192,10
0.001,22.0,0.9000000000000001,1.4201434659669687,0.08557417476177671,1.334569291205192,10
0.001,22.0,0.7000000000000001,1.4201434659669687,0.08557417476177671,1.334569291205192,10
0.001,22.0,0.5000000000000001,1.4201434659669687,0.08557417476177671,1.334569291205192,10
0.001,22.0,0.30000000000000004,1.4201434659669687,0.08557417476177671,1.334569291205192,10
0.001,19.0,4.9,1.4201434659669687,0.08557417476177671,1.334569291205192,10
0.001,19.0,4.7,1.4201434659669687,0.08557417476177671,1.334569291205192,10
0.001,19.0,4.500000000000001,1.4201434659669687,0.08557417476177671,1.334569291205192,10
0.001,25.0,1.3000000000000003,1.4201434659669687,0.08557417476177671,1.334569291205192,10
0.001,19.0,4.300000000000001,1.4201434659669687,0.08557417476177671,1.334569291205192,10
0.001,19.0,4.1000000000000005,1.4201434659669687,0.08557417476177671,1.334569291205192,10
0.001,19.0,3.7000000000000006,1.4201434659669687,0.08557417476177671,1.334569291205192,10
0.001,19.0,3.900000000000001,1.4201434659669687,0.08557417476177671,1.334569291205192,10
0.001,19.0,3.3000000000000007,1.4201434659669687,0.08557417476177671,1.334569291205192,10
0.001,19.0,3.1000000000000005,1.4201434659669687,0.08557417476177671,1.334569291205192,10
0.001,22.0,4.300000000000001,1.4201434659669687,0.08557417476177671,1.334569291205192,10
0.001,19.0,3.500000000000001,1.4201434659669687,0.08557417476177671,1.334569291205192,10
0.001,10.0,4.500000000000001,1.4201434659669687,0.08557417476177671,1.334569291205192,10
0.001,10.0,4.300000000000001,1.4201434659669687,0.08557417476177671,1.334569291205192,10
0.001,10.0,4.1000000000000005,1.4201434659669687,0.08557417476177671,1.334569291205192,10
0.001,10.0,3.900000000000001,1.4201434659669687,0.08557417476177671,1.334569291205192,10
0.001,10.0,3.7000000000000006,1.4201434659669687,0.08557417476177671,1.334569291205192,10
0.001,10.0,3.500000000000001,1.4201434659669687,0.08557417476177671,1.334569291205192,10
0.001,10.0,3.3000000000000007,1.4201434659669687,0.08557417476177671,1.334569291205192,10
0.001,10.0,4.7,1.4201434659669687,0.08557417476177671,1.334569291205192,10
0.001,10.0,3.1000000000000005,1.4201434659669687,0.08557417476177671,1.334569291205192,10
0.001,10.0,2.900000000000001,1.4201434659669687,0.08557417476177671,1.334569291205192,10
0.001,10.0,2.5000000000000004,1.4201434659669687,0.08557417476177671,1.334569291205192,10
0.001,10.0,2.7000000000000006,1.4201434659669687,0.08557417476177671,1.334569291205192,10
0.001,10.0,2.1000000000000005,1.4201434659669687,0.08557417476177671,1.334569291205192,10
0.001,10.0,1.9000000000000004,1.4201434659669687,0.08557417476177671,1.334569291205192,10
0.001,22.0,1.1000000000000003,1.4201434659669687,0.08557417476177671,1.334569291205192,10
0.001,10.0,2.3000000000000007,1.4201434659669687,0.08557417476177671,1.334569291205192,10
0.001,10.0,1.7000000000000004,1.4201434659669687,0.08557417476177671,1.334569291205192,10
0.001,10.0,1.5000000000000004,1.4201434659669687,0.08557417476177671,1.334569291205192,10
0.001,19.0,0.9000000000000001,1.4201434659669687,0.08557417476177671,1.334569291205192,10
0.001,19.0,1.1000000000000003,1.4201434659669687,0.08557417476177671,1.334569291205192,10
0.001,19.0,0.7000000000000001,1.4201434659669687,0.08557417476177671,1.334569291205192,10
0.001,19.0,0.5000000000000001,1.4201434659669687,0.08557417476177671,1.334569291205192,10
0.001,16.0,4.9,1.4201434659669687,0.08557417476177671,1.334569291205192,10
0.001,16.0,4.7,1.4201434659669687,0.08557417476177671,1.334569291205192,10
0.001,13.0,1.9000000000000004,1.4201434659669687,0.08557417476177671,1.334569291205192,10
0.001,13.0,1.7000000000000004,1.4201434659669687,0.08557417476177671,1.334569291205192,10
0.001,13.0,1.5000000000000004,1.4201434659669687,0.08557417476177671,1.334569291205192,10
0.001,13.0,1.3000000000000003,1.4201434659669687,0.08557417476177671,1.334569291205192,10
0.001,13.0,1.1000000000000003,1.4201434659669687,0.08557417476177671,1.334569291205192,10
0.001,13.0,0.9000000000000001,1.4201434659669687,0.08557417476177671,1.334569291205192,10
0.001,13.0,0.7000000000000001,1.4201434659669687,0.08557417476177671,1.334569291205192,10
0.001,10.0,1.3000000000000003,1.4201434659669687,0.08557417476177671,1.334569291205192,10
0.001,10.0,1.1000000000000003,1.4201434659669687,0.08557417476177671,1.334569291205192,10
0.001,10.0,0.9000000000000001,1.4201434659669687,0.08557417476177671,1.334569291205192,10
0.001,7.0,4.9,1.4201434659669687,0.08557417476177671,1.334569291205192,10
0.001,7.0,4.7,1.4201434659669687,0.08557417476177671,1.334569291205192,10
0.001,7.0,4.500000000000001,1.4201434659669687,0.08557417476177671,1.334569291205192,10
0.001,7.0,4.300000000000001,1.4201434659669687,0.08557417476177671,1.334569291205192,10
0.001,7.0,4.1000000000000005,1.4201434659669687,0.08557417476177671,1.334569291205192,10
0.001,7.0,3.900000000000001,1.4201434659669687,0.08557417476177671,1.334569291205192,10
0.001,7.0,3.7000000000000006,1.4201434659669687,0.08557417476177671,1.334569291205192,10
0.001,10.0,4.9,1.4201434659669687,0.08557417476177671,1.334569291205192,10
0.001,4.0,2.5000000000000004,1.4201434659669687,0.08557417476177671,1.334569291205192,10
0.001,4.0,2.3000000000000007,1.4201434659669687,0.08557417476177671,1.334569291205192,10
0.001,4.0,2.1000000000000005,1.4201434659669687,0.08557417476177671,1.334569291205192,10
0.001,7.0,3.500000000000001,1.4201434659669687,0.08557417476177671,1.334569291205192,10
0.001,4.0,4.1000000000000005,1.4201434659669687,0.08557417476177671,1.334569291205192,10
0.001,4.0,3.900000000000001,1.4201434659669687,0.08557417476177671,1.334569291205192,10
0.001,4.0,3.7000000000000006,1.4201434659669687,0.08557417476177671,1.334569291205192,10
0.001,4.0,3.500000000000001,1.4201434659669687,0.08557417476177671,1.334569291205192,10
0.001,4.0,3.3000000000000007,1.4201434659669687,0.08557417476177671,1.334569291205192,10
0.001,4.0,3.1000000000000005,1.4201434659669687,0.08557417476177671,1.334569291205192,10
0.001,4.0,2.900000000000001,1.4201434659669687,0.08557417476177671,1.334569291205192,10
0.001,4.0,2.7000000000000006,1.4201434659669687,0.08557417476177671,1.334569291205192,10
0.001,1.0,3.500000000000001,1.4201434659669687,0.08557417476177671,1.334569291205192,10
0.001,4.0,1.9000000000000004,1.4201434659669687,0.08557417476177671,1.334569291205192,10
0.003,7.0,1.1000000000000003,1.3975076556007868,0.0630779912237148,1.3344296643770721,10
0.005,7.0,1.1000000000000003,1.3975076627537284,0.0630780074380147,1.3344296553157138,10
0.004,7.0,1.1000000000000003,1.3975076448288155,0.06307799169310335,1.3344296531357123,10
0.002,7.0,1.1000000000000003,1.3975071199895455,0.06307897342737905,1.3344281465621664,10
0.001,7.0,1.1000000000000003,1.426301057487993,0.10453610635528648,1.3217649511327065,10
0.001,4.0,1.5000000000000004,1.5520815253582332,0.2305976963541145,1.3214838290041186,10
0.002,4.0,1.5000000000000004,1.5386841374686138,0.21724132706434052,1.3214428104042732,10
0.005,4.0,1.5000000000000004,1.5387360023557997,0.21731721110577676,1.3214187912500228,10
0.006,4.0,1.5000000000000004,1.5387360040414997,0.21731727241848167,1.321418731623018,10
0.004,4.0,1.5000000000000004,1.538735619518083,0.2173176892682074,1.3214179302498756,10
0.003,4.0,1.5000000000000004,1.538735552653392,0.21731767918724643,1.3214178734661455,10
0.001,4.0,1.7000000000000004,1.4505099092843299,0.13608223700015573,1.3144276722841741,10
0.006,7.0,1.1000000000000003,1.3695600199301996,0.09693661227647944,1.2726234076537202,10
