drift_k,r2_train,complexity,regimes,mcc_test,hit_ratio,profit_factor,max_drawdown,mape_test,rho_residuos
0.1,0.017847955981343533,5,43,0.014596849399225231,0.49333333333333335,1.0304903634652467,0.3973417933722697,95.5517283014999,0.998650249141578
0.2,0.017847955981343533,5,40,0.014596849399225231,0.49333333333333335,1.0304903634652467,0.3973417933722697,95.5517283014999,0.998650249141578
0.30000000000000004,0.017847955981343533,5,35,0.014596849399225231,0.49333333333333335,1.0304903634652467,0.3973417933722697,95.5517283014999,0.998650249141578
0.4,0.017847955981343533,5,27,0.014596849399225231,0.49333333333333335,1.0304903634652467,0.3973417933722697,95.5517283014999,0.998650249141578
0.5,0.017847955981343533,5,21,0.014596849399225231,0.49333333333333335,1.0304903634652467,0.3973417933722697,95.5517283014999,0.998650249141578
0.6,0.017847955981343533,5,16,0.014596849399225231,0.49333333333333335,1.0304903634652467,0.3973417933722697,95.5517283014999,0.998650249141578
0.7000000000000001,0.017847955981343533,5,9,0.014596849399225231,0.49333333333333335,1.0304903634652467,0.3973417933722697,95.5517283014999,0.998650249141578
0.8,0.017847955981343533,5,8,0.014596849399225231,0.49333333333333335,1.0304903634652467,0.3973417933722697,95.5517283014999,0.998650249141578
0.9,0.017847955981343533,5,5,0.014596849399225231,0.49333333333333335,1.0304903634652467,0.3973417933722697,95.5517283014999,0.998650249141578
1.0,0.49875479037476544,5,2,0.014596849399225231,0.49333333333333335,1.0304903634652467,0.3973417933722697,128.7667304034954,0.9993973935862495
1.1,0.49875479037476544,5,1,0.014596849399225231,0.49333333333333335,1.0304903634652467,0.3973417933722697,128.7667304034954,0.9993973935862495
1.2000000000000002,0.49875479037476544,5,1,0.014596849399225231,0.49333333333333335,1.0304903634652467,0.3973417933722697,128.7667304034954,0.9993973935862495
1.3000000000000003,0.017847955981343533,5,0,0.014596849399225231,0.49333333333333335,1.0304903634652467,0.3973417933722697,95.5517283014999,0.998650249141578
1.4000000000000001,0.017847955981343533,5,0,0.014596849399225231,0.49333333333333335,1.0304903634652467,0.3973417933722697,95.5517283014999,0.998650249141578
1.5000000000000002,0.017847955981343533,5,0,0.014596849399225231,0.49333333333333335,1.0304903634652467,0.3973417933722697,95.5517283014999,0.998650249141578
1.6,0.017847955981343533,5,0,0.014596849399225231,0.49333333333333335,1.0304903634652467,0.3973417933722697,95.5517283014999,0.998650249141578
1.7000000000000002,0.017847955981343533,5,0,0.014596849399225231,0.49333333333333335,1.0304903634652467,0.3973417933722697,95.5517283014999,0.998650249141578
1.8000000000000003,0.017847955981343533,5,0,0.014596849399225231,0.49333333333333335,1.0304903634652467,0.3973417933722697,95.5517283014999,0.998650249141578
1.9000000000000001,0.017847955981343533,5,0,0.014596849399225231,0.49333333333333335,1.0304903634652467,0.3973417933722697,95.5517283014999,0.998650249141578
2.0,0.017847955981343533,5,0,0.014596849399225231,0.49333333333333335,1.0304903634652467,0.3973417933722697,95.5517283014999,0.998650249141578
2.1,0.017847955981343533,5,0,0.014596849399225231,0.49333333333333335,1.0304903634652467,0.3973417933722697,95.5517283014999,0.998650249141578
2.2,0.017847955981343533,5,0,0.014596849399225231,0.49333333333333335,1.0304903634652467,0.3973417933722697,95.5517283014999,0.998650249141578
2.3000000000000003,0.017847955981343533,5,0,0.014596849399225231,0.49333333333333335,1.0304903634652467,0.3973417933722697,95.5517283014999,0.998650249141578
2.4000000000000004,0.017847955981343533,5,0,0.014596849399225231,0.49333333333333335,1.0304903634652467,0.3973417933722697,95.5517283014999,0.998650249141578
2.5000000000000004,0.017847955981343533,5,0,0.014596849399225231,0.49333333333333335,1.0304903634652467,0.3973417933722697,95.5517283014999,0.998650249141578
2.6,0.017847955981343533,5,0,0.014596849399225231,0.49333333333333335,1.0304903634652467,0.3973417933722697,95.5517283014999,0.998650249141578
2.7,0.017847955981343533,5,0,0.014596849399225231,0.49333333333333335,1.0304903634652467,0.3973417933722697,95.5517283014999,0.998650249141578
2.8000000000000003,0.017847955981343533,5,0,0.014596849399225231,0.49333333333333335,1.0304903634652467,0.3973417933722697,95.5517283014999,0.998650249141578
2.9000000000000004,0.017847955981343533,5,0,0.014596849399225231,0.49333333333333335,1.0304903634652467,0.3973417933722697,95.5517283014999,0.998650249141578
3.0000000000000004,0.017847955981343533,5,0,0.014596849399225231,0.49333333333333335,1.0304903634652467,0.3973417933722697,95.5517283014999,0.998650249141578
3.1,0.017847955981343533,5,0,0.014596849399225231,0.49333333333333335,1.0304903634652467,0.3973417933722697,95.5517283014999,0.998650249141578
3.2,0.017847955981343533,5,0,0.014596849399225231,0.49333333333333335,1.0304903634652467,0.3973417933722697,95.5517283014999,0.998650249141578
3.3000000000000003,0.017847955981343533,5,0,0.014596849399225231,0.49333333333333335,1.0304903634652467,0.3973417933722697,95.5517283014999,0.998650249141578
3.4000000000000004,0.017847955981343533,5,0,0.014596849399225231,0.49333333333333335,1.0304903634652467,0.3973417933722697,95.5517283014999,0.998650249141578
3.5000000000000004,0.017847955981343533,5,0,0.014596849399225231,0.49333333333333335,1.0304903634652467,0.3973417933722697,95.5517283014999,0.998650249141578
3.6,0.017847955981343533,5,0,0.014596849399225231,0.49333333333333335,1.0304903634652467,0.3973417933722697,95.5517283014999,0.998650249141578
3.7,0.017847955981343533,5,0,0.014596849399225231,0.49333333333333335,1.0304903634652467,0.3973417933722697,95.5517283014999,0.998650249141578
3.8000000000000003,0.017847955981343533,5,0,0.014596849399225231,0.49333333333333335,1.0304903634652467,0.3973417933722697,95.5517283014999,0.998650249141578
3.9000000000000004,0.017847955981343533,5,0,0.014596849399225231,0.49333333333333335,1.0304903634652467,0.3973417933722697,95.5517283014999,0.998650249141578
4.0,0.017847955981343533,5,0,0.014596849399225231,0.49333333333333335,1.0304903634652467,0.3973417933722697,95.5517283014999,0.998650249141578
4.1,0.017847955981343533,5,0,0.014596849399225231,0.49333333333333335,1.0304903634652467,0.3973417933722697,95.5517283014999,0.998650249141578
4.2,0.017847955981343533,5,0,0.014596849399225231,0.49333333333333335,1.0304903634652467,0.3973417933722697,95.5517283014999,0.998650249141578
4.3,0.017847955981343533,5,0,0.014596849399225231,0.49333333333333335,1.0304903634652467,0.3973417933722697,95.5517283014999,0.998650249141578
4.3999999999999995,0.017847955981343533,5,0,0.014596849399225231,0.49333333333333335,1.0304903634652467,0.3973417933722697,95.5517283014999,0.998650249141578
4.5,0.017847955981343533,5,0,0.014596849399225231,0.49333333333333335,1.0304903634652467,0.3973417933722697,95.5517283014999,0.998650249141578
4.6,0.017847955981343533,5,0,0.014596849399225231,0.49333333333333335,1.0304903634652467,0.3973417933722697,95.5517283014999,0.998650249141578
4.7,0.017847955981343533,5,0,0.014596849399225231,0.49333333333333335,1.0304903634652467,0.3973417933722697,95.5517283014999,0.998650249141578
4.8,0.017847955981343533,5,0,0.014596849399225231,0.49333333333333335,1.0304903634652467,0.3973417933722697,95.5517283014999,0.998650249141578
4.9,0.017847955981343533,5,0,0.014596849399225231,0.49333333333333335,1.0304903634652467,0.3973417933722697,95.5517283014999,0.998650249141578
5.0,0.017847955981343533,5,0,0.014596849399225231,0.49333333333333335,1.0304903634652467,0.3973417933722697,95.5517283014999,0.998650249141578
0.1,0.2695614146225448,5,41,-0.05384136671266482,0.4266666666666667,0.8879490810299098,0.448695009763964,29.781106618073732,0.9763762972123786
0.2,0.2695614146225448,5,37,-0.05384136671266482,0.4266666666666667,0.8879490810299098,0.448695009763964,29.781106618073732,0.9763762972123786
0.30000000000000004,0.2695614146225448,5,31,-0.05384136671266482,0.4266666666666667,0.8879490810299098,0.448695009763964,29.781106618073732,0.9763762972123786
0.4,0.2695614146225448,5,25,-0.05384136671266482,0.4266666666666667,0.8879490810299098,0.448695009763964,29.781106618073732,0.9763762972123786
0.5,0.2695614146225448,5,17,-0.05384136671266482,0.4266666666666667,0.8879490810299098,0.448695009763964,29.781106618073732,0.9763762972123786
0.6,0.2695614146225448,5,13,-0.05384136671266482,0.4266666666666667,0.8879490810299098,0.448695009763964,29.781106618073732,0.9763762972123786
0.7000000000000001,0.2695614146225448,5,11,-0.05384136671266482,0.4266666666666667,0.8879490810299098,0.448695009763964,29.781106618073732,0.9763762972123786
0.8,0.2695614146225448,5,8,-0.05384136671266482,0.4266666666666667,0.8879490810299098,0.448695009763964,29.781106618073732,0.9763762972123786
0.9,0.2695614146225448,5,6,-0.05384136671266482,0.4266666666666667,0.8879490810299098,0.448695009763964,29.781106618073732,0.9763762972123786
1.0,0.2695614146225448,5,2,-0.05384136671266482,0.4266666666666667,0.8879490810299098,0.448695009763964,29.781106618073732,0.9763762972123786
1.1,0.2695614146225448,5,2,-0.05384136671266482,0.4266666666666667,0.8879490810299098,0.448695009763964,29.781106618073732,0.9763762972123786
1.2000000000000002,0.2695614146225448,5,1,-0.05384136671266482,0.4266666666666667,0.8879490810299098,0.448695009763964,29.781106618073732,0.9763762972123786
1.3000000000000003,0.2695614146225448,5,1,-0.05384136671266482,0.4266666666666667,0.8879490810299098,0.448695009763964,29.781106618073732,0.9763762972123786
1.4000000000000001,0.2695614146225448,5,1,-0.05384136671266482,0.4266666666666667,0.8879490810299098,0.448695009763964,29.781106618073732,0.9763762972123786
1.5000000000000002,0.2695614146225448,5,1,-0.05384136671266482,0.4266666666666667,0.8879490810299098,0.448695009763964,29.781106618073732,0.9763762972123786
1.6,0.2695614146225448,5,0,-0.05384136671266482,0.4266666666666667,0.8879490810299098,0.448695009763964,29.781106618073732,0.9763762972123786
1.7000000000000002,0.2695614146225448,5,0,-0.05384136671266482,0.4266666666666667,0.8879490810299098,0.448695009763964,29.781106618073732,0.9763762972123786
1.8000000000000003,0.2695614146225448,5,0,-0.05384136671266482,0.4266666666666667,0.8879490810299098,0.448695009763964,29.781106618073732,0.9763762972123786
1.9000000000000001,0.2695614146225448,5,0,-0.05384136671266482,0.4266666666666667,0.8879490810299098,0.448695009763964,29.781106618073732,0.9763762972123786
2.0,0.2695614146225448,5,0,-0.05384136671266482,0.4266666666666667,0.8879490810299098,0.448695009763964,29.781106618073732,0.9763762972123786
2.1,0.2695614146225448,5,0,-0.05384136671266482,0.4266666666666667,0.8879490810299098,0.448695009763964,29.781106618073732,0.9763762972123786
2.2,0.2695614146225448,5,0,-0.05384136671266482,0.4266666666666667,0.8879490810299098,0.448695009763964,29.781106618073732,0.9763762972123786
2.3000000000000003,0.2695614146225448,5,0,-0.05384136671266482,0.4266666666666667,0.8879490810299098,0.448695009763964,29.781106618073732,0.9763762972123786
2.4000000000000004,0.2695614146225448,5,0,-0.05384136671266482,0.4266666666666667,0.8879490810299098,0.448695009763964,29.781106618073732,0.9763762972123786
2.5000000000000004,0.2695614146225448,5,0,-0.05384136671266482,0.4266666666666667,0.8879490810299098,0.448695009763964,29.781106618073732,0.9763762972123786
2.6,0.2695614146225448,5,0,-0.05384136671266482,0.4266666666666667,0.8879490810299098,0.448695009763964,29.781106618073732,0.9763762972123786
2.7,0.2695614146225448,5,0,-0.05384136671266482,0.4266666666666667,0.8879490810299098,0.448695009763964,29.781106618073732,0.9763762972123786
2.8000000000000003,0.2695614146225448,5,0,-0.05384136671266482,0.4266666666666667,0.8879490810299098,0.448695009763964,29.781106618073732,0.9763762972123786
2.9000000000000004,0.2695614146225448,5,0,-0.05384136671266482,0.4266666666666667,0.8879490810299098,0.448695009763964,29.781106618073732,0.9763762972123786
3.0000000000000004,0.2695614146225448,5,0,-0.05384136671266482,0.4266666666666667,0.8879490810299098,0.448695009763964,29.781106618073732,0.9763762972123786
3.1,0.2695614146225448,5,0,-0.05384136671266482,0.4266666666666667,0.8879490810299098,0.448695009763964,29.781106618073732,0.9763762972123786
3.2,0.2695614146225448,5,0,-0.05384136671266482,0.4266666666666667,0.8879490810299098,0.448695009763964,29.781106618073732,0.9763762972123786
3.3000000000000003,0.2695614146225448,5,0,-0.05384136671266482,0.4266666666666667,0.8879490810299098,0.448695009763964,29.781106618073732,0.9763762972123786
3.4000000000000004,0.2695614146225448,5,0,-0.05384136671266482,0.4266666666666667,0.8879490810299098,0.448695009763964,29.781106618073732,0.9763762972123786
3.5000000000000004,0.2695614146225448,5,0,-0.05384136671266482,0.4266666666666667,0.8879490810299098,0.448695009763964,29.781106618073732,0.9763762972123786
3.6,0.2695614146225448,5,0,-0.05384136671266482,0.4266666666666667,0.8879490810299098,0.448695009763964,29.781106618073732,0.9763762972123786
3.7,0.2695614146225448,5,0,-0.05384136671266482,0.4266666666666667,0.8879490810299098,0.448695009763964,29.781106618073732,0.9763762972123786
3.8000000000000003,0.2695614146225448,5,0,-0.05384136671266482,0.4266666666666667,0.8879490810299098,0.448695009763964,29.781106618073732,0.9763762972123786
3.9000000000000004,0.2695614146225448,5,0,-0.05384136671266482,0.4266666666666667,0.8879490810299098,0.448695009763964,29.781106618073732,0.9763762972123786
4.0,0.2695614146225448,5,0,-0.05384136671266482,0.4266666666666667,0.8879490810299098,0.448695009763964,29.781106618073732,0.9763762972123786
4.1,0.2695614146225448,5,0,-0.05384136671266482,0.4266666666666667,0.8879490810299098,0.448695009763964,29.781106618073732,0.9763762972123786
4.2,0.2695614146225448,5,0,-0.05384136671266482,0.4266666666666667,0.8879490810299098,0.448695009763964,29.781106618073732,0.9763762972123786
4.3,0.2695614146225448,5,0,-0.05384136671266482,0.4266666666666667,0.8879490810299098,0.448695009763964,29.781106618073732,0.9763762972123786
4.3999999999999995,0.2695614146225448,5,0,-0.05384136671266482,0.4266666666666667,0.8879490810299098,0.448695009763964,29.781106618073732,0.9763762972123786
4.5,0.2695614146225448,5,0,-0.05384136671266482,0.4266666666666667,0.8879490810299098,0.448695009763964,29.781106618073732,0.9763762972123786
4.6,0.2695614146225448,5,0,-0.05384136671266482,0.4266666666666667,0.8879490810299098,0.448695009763964,29.781106618073732,0.9763762972123786
4.7,0.2695614146225448,5,0,-0.05384136671266482,0.4266666666666667,0.8879490810299098,0.448695009763964,29.781106618073732,0.9763762972123786
4.8,0.2695614146225448,5,0,-0.05384136671266482,0.4266666666666667,0.8879490810299098,0.448695009763964,29.781106618073732,0.9763762972123786
4.9,0.2695614146225448,5,0,-0.05384136671266482,0.4266666666666667,0.8879490810299098,0.448695009763964,29.781106618073732,0.9763762972123786
5.0,0.2695614146225448,5,0,-0.05384136671266482,0.4266666666666667,0.8879490810299098,0.448695009763964,29.781106618073732,0.9763762972123786
0.1,0.5083476358750283,5,41,-0.055194075170928114,0.44,0.8885405178729644,0.5261154455616907,40.22690003919849,0.985924878870465
0.2,0.5186515585946607,5,34,-0.055194075170928114,0.44,0.8885405178729644,0.5261154455616907,40.22593698954796,0.985924014531064
0.30000000000000004,0.5179090641434456,5,30,-0.055194075170928114,0.44,0.8885405178729644,0.5261154455616907,40.225780688151445,0.9859238734725357
0.4,0.5082210304592671,5,25,-0.055194075170928114,0.44,0.8885405178729644,0.5261154455616907,40.22486800975378,0.9859230450297015
0.5,0.5082210304592671,5,20,-0.055194075170928114,0.44,0.8885405178729644,0.5261154455616907,40.22486800975378,0.9859230450297015
0.6,0.5152968877597452,5,15,-0.055194075170928114,0.44,0.8885405178729644,0.5261154455616907,40.22457332770193,0.9859227756833019
0.7000000000000001,0.501209033535783,5,12,-0.055194075170928114,0.44,0.8885405178729644,0.5261154455616907,40.25890078444552,0.9859515411443099
0.8,0.501209033535783,5,6,-0.055194075170928114,0.44,0.8885405178729644,0.5261154455616907,40.25890078444552,0.9859515411443099
0.9,0.49080727923317263,5,6,-0.055194075170928114,0.44,0.8885405178729644,0.5261154455616907,40.5408796072137,0.9861642783840546
1.0,0.49080727923317263,5,2,-0.055194075170928114,0.44,0.8885405178729644,0.5261154455616907,40.5408796072137,0.9861642783840546
1.1,0.48840602774570974,5,1,-0.055194075170928114,0.44,0.8885405178729644,0.5261154455616907,40.58830285845886,0.9861990600959177
1.2000000000000002,0.005244661140004436,4,0,-0.055194075170928114,0.44,0.8885405178729644,0.5261154455616907,37.0407377639043,0.9834263791792035
1.3000000000000003,0.005244661140004436,4,0,-0.055194075170928114,0.44,0.8885405178729644,0.5261154455616907,37.0407377639043,0.9834263791792035
1.4000000000000001,0.005244661140004436,4,0,-0.055194075170928114,0.44,0.8885405178729644,0.5261154455616907,37.0407377639043,0.9834263791792035
1.5000000000000002,0.005244661140004436,4,0,-0.055194075170928114,0.44,0.8885405178729644,0.5261154455616907,37.0407377639043,0.9834263791792035
1.6,0.005244661140004436,4,0,-0.055194075170928114,0.44,0.8885405178729644,0.5261154455616907,37.0407377639043,0.9834263791792035
1.7000000000000002,0.005244661140004436,4,0,-0.055194075170928114,0.44,0.8885405178729644,0.5261154455616907,37.0407377639043,0.9834263791792035
1.8000000000000003,0.005244661140004436,4,0,-0.055194075170928114,0.44,0.8885405178729644,0.5261154455616907,37.0407377639043,0.9834263791792035
1.9000000000000001,0.005244661140004436,4,0,-0.055194075170928114,0.44,0.8885405178729644,0.5261154455616907,37.0407377639043,0.9834263791792035
2.0,0.005244661140004436,4,0,-0.055194075170928114,0.44,0.8885405178729644,0.5261154455616907,37.0407377639043,0.9834263791792035
2.1,0.005244661140004436,4,0,-0.055194075170928114,0.44,0.8885405178729644,0.5261154455616907,37.0407377639043,0.9834263791792035
2.2,0.005244661140004436,4,0,-0.055194075170928114,0.44,0.8885405178729644,0.5261154455616907,37.0407377639043,0.9834263791792035
2.3000000000000003,0.005244661140004436,4,0,-0.055194075170928114,0.44,0.8885405178729644,0.5261154455616907,37.0407377639043,0.9834263791792035
2.4000000000000004,0.005244661140004436,4,0,-0.055194075170928114,0.44,0.8885405178729644,0.5261154455616907,37.0407377639043,0.9834263791792035
2.5000000000000004,0.005244661140004436,4,0,-0.055194075170928114,0.44,0.8885405178729644,0.5261154455616907,37.0407377639043,0.9834263791792035
2.6,0.005244661140004436,4,0,-0.055194075170928114,0.44,0.8885405178729644,0.5261154455616907,37.0407377639043,0.9834263791792035
2.7,0.005244661140004436,4,0,-0.055194075170928114,0.44,0.8885405178729644,0.5261154455616907,37.0407377639043,0.9834263791792035
2.8000000000000003,0.005244661140004436,4,0,-0.055194075170928114,0.44,0.8885405178729644,0.5261154455616907,37.0407377639043,0.9834263791792035
2.9000000000000004,0.005244661140004436,4,0,-0.055194075170928114,0.44,0.8885405178729644,0.5261154455616907,37.0407377639043,0.9834263791792035
3.0000000000000004,0.005244661140004436,4,0,-0.055194075170928114,0.44,0.8885405178729644,0.5261154455616907,37.0407377639043,0.9834263791792035
3.1,0.005244661140004436,4,0,-0.055194075170928114,0.44,0.8885405178729644,0.5261154455616907,37.0407377639043,0.9834263791792035
3.2,0.005244661140004436,4,0,-0.055194075170928114,0.44,0.8885405178729644,0.5261154455616907,37.0407377639043,0.9834263791792035
3.3000000000000003,0.005244661140004436,4,0,-0.055194075170928114,0.44,0.8885405178729644,0.5261154455616907,37.0407377639043,0.9834263791792035
3.4000000000000004,0.005244661140004436,4,0,-0.055194075170928114,0.44,0.8885405178729644,0.5261154455616907,37.0407377639043,0.9834263791792035
3.5000000000000004,0.005244661140004436,4,0,-0.055194075170928114,0.44,0.8885405178729644,0.5261154455616907,37.0407377639043,0.9834263791792035
3.6,0.005244661140004436,4,0,-0.055194075170928114,0.44,0.8885405178729644,0.5261154455616907,37.0407377639043,0.9834263791792035
3.7,0.005244661140004436,4,0,-0.055194075170928114,0.44,0.8885405178729644,0.5261154455616907,37.0407377639043,0.9834263791792035
3.8000000000000003,0.005244661140004436,4,0,-0.055194075170928114,0.44,0.8885405178729644,0.5261154455616907,37.0407377639043,0.9834263791792035
3.9000000000000004,0.005244661140004436,4,0,-0.055194075170928114,0.44,0.8885405178729644,0.5261154455616907,37.0407377639043,0.9834263791792035
4.0,0.005244661140004436,4,0,-0.055194075170928114,0.44,0.8885405178729644,0.5261154455616907,37.0407377639043,0.9834263791792035
4.1,0.005244661140004436,4,0,-0.055194075170928114,0.44,0.8885405178729644,0.5261154455616907,37.0407377639043,0.9834263791792035
4.2,0.005244661140004436,4,0,-0.055194075170928114,0.44,0.8885405178729644,0.5261154455616907,37.0407377639043,0.9834263791792035
4.3,0.005244661140004436,4,0,-0.055194075170928114,0.44,0.8885405178729644,0.5261154455616907,37.0407377639043,0.9834263791792035
4.3999999999999995,0.005244661140004436,4,0,-0.055194075170928114,0.44,0.8885405178729644,0.5261154455616907,37.0407377639043,0.9834263791792035
4.5,0.005244661140004436,4,0,-0.055194075170928114,0.44,0.8885405178729644,0.5261154455616907,37.0407377639043,0.9834263791792035
4.6,0.005244661140004436,4,0,-0.055194075170928114,0.44,0.8885405178729644,0.5261154455616907,37.0407377639043,0.9834263791792035
4.7,0.005244661140004436,4,0,-0.055194075170928114,0.44,0.8885405178729644,0.5261154455616907,37.0407377639043,0.9834263791792035
4.8,0.005244661140004436,4,0,-0.055194075170928114,0.44,0.8885405178729644,0.5261154455616907,37.0407377639043,0.9834263791792035
4.9,0.005244661140004436,4,0,-0.055194075170928114,0.44,0.8885405178729644,0.5261154455616907,37.0407377639043,0.9834263791792035
5.0,0.005244661140004436,4,0,-0.055194075170928114,0.44,0.8885405178729644,0.5261154455616907,37.0407377639043,0.9834263791792035
0.1,0.25266646711699015,5,40,-0.020222472640906985,0.49333333333333335,0.9606226384637127,0.3893557487319919,89.52561479721342,0.9981484230657859
0.2,0.25266646711699015,5,35,-0.020222472640906985,0.49333333333333335,0.9606226384637127,0.3893557487319919,89.52561479721342,0.9981484230657859
0.30000000000000004,0.25266646711699015,5,30,-0.020222472640906985,0.49333333333333335,0.9606226384637127,0.3893557487319919,89.52561479721342,0.9981484230657859
0.4,0.25266646711699015,5,27,-0.020222472640906985,0.49333333333333335,0.9606226384637127,0.3893557487319919,89.52561479721342,0.9981484230657859
0.5,0.25266646711699015,5,22,-0.020222472640906985,0.49333333333333335,0.9606226384637127,0.3893557487319919,89.52561479721342,0.9981484230657859
0.6,0.25266646711699015,5,17,-0.020222472640906985,0.49333333333333335,0.9606226384637127,0.3893557487319919,89.52561479721342,0.9981484230657859
0.7000000000000001,0.25266646711699015,5,14,-0.020222472640906985,0.49333333333333335,0.9606226384637127,0.3893557487319919,89.52561479721342,0.9981484230657859
0.8,0.25266646711699015,5,8,-0.020222472640906985,0.49333333333333335,0.9606226384637127,0.3893557487319919,89.52561479721342,0.9981484230657859
0.9,0.5065203338675229,5,5,-0.020222472640906985,0.49333333333333335,0.9606226384637127,0.3893557487319919,88.48698712145368,0.9980613113611035
1.0,0.5065203338675229,5,3,-0.020222472640906985,0.49333333333333335,0.9606226384637127,0.3893557487319919,88.48698712145368,0.9980613113611035
1.1,0.5065203338675229,5,2,-0.020222472640906985,0.49333333333333335,0.9606226384637127,0.3893557487319919,88.48698712145368,0.9980613113611035
1.2000000000000002,0.4949658289834904,5,1,-0.020222472640906985,0.49333333333333335,0.9606226384637127,0.3893557487319919,90.39817036687447,0.9981983096987647
1.3000000000000003,0.4950473588538635,5,1,-0.020222472640906985,0.49333333333333335,0.9606226384637127,0.3893557487319919,90.39043910033156,0.9981977888035474
1.4000000000000001,0.4950473588538635,5,1,-0.020222472640906985,0.49333333333333335,0.9606226384637127,0.3893557487319919,90.39043910033156,0.9981977888035474
1.5000000000000002,0.4950473588538635,5,1,-0.020222472640906985,0.49333333333333335,0.9606226384637127,0.3893557487319919,90.39043910033156,0.9981977888035474
1.6,0.4950473588538635,5,1,-0.020222472640906985,0.49333333333333335,0.9606226384637127,0.3893557487319919,90.39043910033156,0.9981977888035474
1.7000000000000002,0.25266646711699015,5,0,-0.020222472640906985,0.49333333333333335,0.9606226384637127,0.3893557487319919,89.52561479721342,0.9981484230657859
1.8000000000000003,0.25266646711699015,5,0,-0.020222472640906985,0.49333333333333335,0.9606226384637127,0.3893557487319919,89.52561479721342,0.9981484230657859
1.9000000000000001,0.25266646711699015,5,0,-0.020222472640906985,0.49333333333333335,0.9606226384637127,0.3893557487319919,89.52561479721342,0.9981484230657859
2.0,0.25266646711699015,5,0,-0.020222472640906985,0.49333333333333335,0.9606226384637127,0.3893557487319919,89.52561479721342,0.9981484230657859
2.1,0.25266646711699015,5,0,-0.020222472640906985,0.49333333333333335,0.9606226384637127,0.3893557487319919,89.52561479721342,0.9981484230657859
2.2,0.25266646711699015,5,0,-0.020222472640906985,0.49333333333333335,0.9606226384637127,0.3893557487319919,89.52561479721342,0.9981484230657859
2.3000000000000003,0.25266646711699015,5,0,-0.020222472640906985,0.49333333333333335,0.9606226384637127,0.3893557487319919,89.52561479721342,0.9981484230657859
2.4000000000000004,0.25266646711699015,5,0,-0.020222472640906985,0.49333333333333335,0.9606226384637127,0.3893557487319919,89.52561479721342,0.9981484230657859
2.5000000000000004,0.25266646711699015,5,0,-0.020222472640906985,0.49333333333333335,0.9606226384637127,0.3893557487319919,89.52561479721342,0.9981484230657859
2.6,0.25266646711699015,5,0,-0.020222472640906985,0.49333333333333335,0.9606226384637127,0.3893557487319919,89.52561479721342,0.9981484230657859
2.7,0.25266646711699015,5,0,-0.020222472640906985,0.49333333333333335,0.9606226384637127,0.3893557487319919,89.52561479721342,0.9981484230657859
2.8000000000000003,0.25266646711699015,5,0,-0.020222472640906985,0.49333333333333335,0.9606226384637127,0.3893557487319919,89.52561479721342,0.9981484230657859
2.9000000000000004,0.25266646711699015,5,0,-0.020222472640906985,0.49333333333333335,0.9606226384637127,0.3893557487319919,89.52561479721342,0.9981484230657859
3.0000000000000004,0.25266646711699015,5,0,-0.020222472640906985,0.49333333333333335,0.9606226384637127,0.3893557487319919,89.52561479721342,0.9981484230657859
3.1,0.25266646711699015,5,0,-0.020222472640906985,0.49333333333333335,0.9606226384637127,0.3893557487319919,89.52561479721342,0.9981484230657859
3.2,0.25266646711699015,5,0,-0.020222472640906985,0.49333333333333335,0.9606226384637127,0.3893557487319919,89.52561479721342,0.9981484230657859
3.3000000000000003,0.25266646711699015,5,0,-0.020222472640906985,0.49333333333333335,0.9606226384637127,0.3893557487319919,89.52561479721342,0.9981484230657859
3.4000000000000004,0.25266646711699015,5,0,-0.020222472640906985,0.49333333333333335,0.9606226384637127,0.3893557487319919,89.52561479721342,0.9981484230657859
3.5000000000000004,0.25266646711699015,5,0,-0.020222472640906985,0.49333333333333335,0.9606226384637127,0.3893557487319919,89.52561479721342,0.9981484230657859
3.6,0.25266646711699015,5,0,-0.020222472640906985,0.49333333333333335,0.9606226384637127,0.3893557487319919,89.52561479721342,0.9981484230657859
3.7,0.25266646711699015,5,0,-0.020222472640906985,0.49333333333333335,0.9606226384637127,0.3893557487319919,89.52561479721342,0.9981484230657859
3.8000000000000003,0.25266646711699015,5,0,-0.020222472640906985,0.49333333333333335,0.9606226384637127,0.3893557487319919,89.52561479721342,0.9981484230657859
3.9000000000000004,0.25266646711699015,5,0,-0.020222472640906985,0.49333333333333335,0.9606226384637127,0.3893557487319919,89.52561479721342,0.9981484230657859
4.0,0.25266646711699015,5,0,-0.020222472640906985,0.49333333333333335,0.9606226384637127,0.3893557487319919,89.52561479721342,0.9981484230657859
4.1,0.25266646711699015,5,0,-0.020222472640906985,0.49333333333333335,0.9606226384637127,0.3893557487319919,89.52561479721342,0.9981484230657859
4.2,0.25266646711699015,5,0,-0.020222472640906985,0.49333333333333335,0.9606226384637127,0.3893557487319919,89.52561479721342,0.9981484230657859
4.3,0.25266646711699015,5,0,-0.020222472640906985,0.49333333333333335,0.9606226384637127,0.3893557487319919,89.52561479721342,0.9981484230657859
4.3999999999999995,0.25266646711699015,5,0,-0.020222472640906985,0.49333333333333335,0.9606226384637127,0.3893557487319919,89.52561479721342,0.9981484230657859
4.5,0.25266646711699015,5,0,-0.020222472640906985,0.49333333333333335,0.9606226384637127,0.3893557487319919,89.52561479721342,0.9981484230657859
4.6,0.25266646711699015,5,0,-0.020222472640906985,0.49333333333333335,0.9606226384637127,0.3893557487319919,89.52561479721342,0.9981484230657859
4.7,0.25266646711699015,5,0,-0.020222472640906985,0.49333333333333335,0.9606226384637127,0.3893557487319919,89.52561479721342,0.9981484230657859
4.8,0.25266646711699015,5,0,-0.020222472640906985,0.49333333333333335,0.9606226384637127,0.3893557487319919,89.52561479721342,0.9981484230657859
4.9,0.25266646711699015,5,0,-0.020222472640906985,0.49333333333333335,0.9606226384637127,0.3893557487319919,89.52561479721342,0.9981484230657859
5.0,0.25266646711699015,5,0,-0.020222472640906985,0.49333333333333335,0.9606226384637127,0.3893557487319919,89.52561479721342,0.9981484230657859
0.1,0.18794021637517977,5,45,0.012847395143404494,0.49333333333333335,1.0267383374252381,0.4360068439896981,16.135819755690395,0.969781099630442
0.4,0.18794021637517977,5,24,0.012847395143404494,0.49333333333333335,1.0267383374252381,0.4360068439896981,16.135819755690395,0.969781099630442
0.5,0.5063527105593728,5,19,0.012847395143404494,0.49333333333333335,1.0267383374252381,0.4360068439896981,21.972390679721546,0.9820827163194197
0.6,0.5063527105593728,5,15,0.012847395143404494,0.49333333333333335,1.0267383374252381,0.4360068439896981,21.972390679721546,0.9820827163194197
0.7000000000000001,0.5065371447777083,5,13,0.012847395143404494,0.49333333333333335,1.0267383374252381,0.4360068439896981,21.9712356659351,0.9820807901878962
0.8,0.5017114831653839,5,7,0.012847395143404494,0.49333333333333335,1.0267383374252381,0.4360068439896981,22.055651528568028,0.9822195112617926
0.9,0.5017114831653839,5,4,0.012847395143404494,0.49333333333333335,1.0267383374252381,0.4360068439896981,22.055651528568028,0.9822195112617926
1.0,0.5017114831653839,5,2,0.012847395143404494,0.49333333333333335,1.0267383374252381,0.4360068439896981,22.055651528568028,0.9822195112617926
1.1,0.18794021637517977,5,0,0.012847395143404494,0.49333333333333335,1.0267383374252381,0.4360068439896981,16.135819755690395,0.969781099630442
1.2000000000000002,0.18794021637517977,5,0,0.012847395143404494,0.49333333333333335,1.0267383374252381,0.4360068439896981,16.135819755690395,0.969781099630442
1.3000000000000003,0.18794021637517977,5,0,0.012847395143404494,0.49333333333333335,1.0267383374252381,0.4360068439896981,16.135819755690395,0.969781099630442
1.4000000000000001,0.18794021637517977,5,0,0.012847395143404494,0.49333333333333335,1.0267383374252381,0.4360068439896981,16.135819755690395,0.969781099630442
1.5000000000000002,0.18794021637517977,5,0,0.012847395143404494,0.49333333333333335,1.0267383374252381,0.4360068439896981,16.135819755690395,0.969781099630442
1.6,0.18794021637517977,5,0,0.012847395143404494,0.49333333333333335,1.0267383374252381,0.4360068439896981,16.135819755690395,0.969781099630442
1.7000000000000002,0.18794021637517977,5,0,0.012847395143404494,0.49333333333333335,1.0267383374252381,0.4360068439896981,16.135819755690395,0.969781099630442
1.8000000000000003,0.18794021637517977,5,0,0.012847395143404494,0.49333333333333335,1.0267383374252381,0.4360068439896981,16.135819755690395,0.969781099630442
1.9000000000000001,0.18794021637517977,5,0,0.012847395143404494,0.49333333333333335,1.0267383374252381,0.4360068439896981,16.135819755690395,0.969781099630442
2.0,0.18794021637517977,5,0,0.012847395143404494,0.49333333333333335,1.0267383374252381,0.4360068439896981,16.135819755690395,0.969781099630442
2.1,0.18794021637517977,5,0,0.012847395143404494,0.49333333333333335,1.0267383374252381,0.4360068439896981,16.135819755690395,0.969781099630442
2.2,0.18794021637517977,5,0,0.012847395143404494,0.49333333333333335,1.0267383374252381,0.4360068439896981,16.135819755690395,0.969781099630442
2.3000000000000003,0.18794021637517977,5,0,0.012847395143404494,0.49333333333333335,1.0267383374252381,0.4360068439896981,16.135819755690395,0.969781099630442
2.4000000000000004,0.18794021637517977,5,0,0.012847395143404494,0.49333333333333335,1.0267383374252381,0.4360068439896981,16.135819755690395,0.969781099630442
2.5000000000000004,0.18794021637517977,5,0,0.012847395143404494,0.49333333333333335,1.0267383374252381,0.4360068439896981,16.135819755690395,0.969781099630442
2.6,0.18794021637517977,5,0,0.012847395143404494,0.49333333333333335,1.0267383374252381,0.4360068439896981,16.135819755690395,0.969781099630442
2.7,0.18794021637517977,5,0,0.012847395143404494,0.49333333333333335,1.0267383374252381,0.4360068439896981,16.135819755690395,0.969781099630442
2.8000000000000003,0.18794021637517977,5,0,0.012847395143404494,0.49333333333333335,1.0267383374252381,0.4360068439896981,16.135819755690395,0.969781099630442
2.9000000000000004,0.18794021637517977,5,0,0.012847395143404494,0.49333333333333335,1.0267383374252381,0.4360068439896981,16.135819755690395,0.969781099630442
3.0000000000000004,0.18794021637517977,5,0,0.012847395143404494,0.49333333333333335,1.0267383374252381,0.4360068439896981,16.135819755690395,0.969781099630442
3.1,0.18794021637517977,5,0,0.012847395143404494,0.49333333333333335,1.0267383374252381,0.4360068439896981,16.135819755690395,0.969781099630442
3.2,0.18794021637517977,5,0,0.012847395143404494,0.49333333333333335,1.0267383374252381,0.4360068439896981,16.135819755690395,0.969781099630442
3.3000000000000003,0.18794021637517977,5,0,0.012847395143404494,0.49333333333333335,1.0267383374252381,0.4360068439896981,16.135819755690395,0.969781099630442
3.4000000000000004,0.18794021637517977,5,0,0.012847395143404494,0.49333333333333335,1.0267383374252381,0.4360068439896981,16.135819755690395,0.969781099630442
3.5000000000000004,0.18794021637517977,5,0,0.012847395143404494,0.49333333333333335,1.0267383374252381,0.4360068439896981,16.135819755690395,0.969781099630442
3.6,0.18794021637517977,5,0,0.012847395143404494,0.49333333333333335,1.0267383374252381,0.4360068439896981,16.135819755690395,0.969781099630442
3.7,0.18794021637517977,5,0,0.012847395143404494,0.49333333333333335,1.0267383374252381,0.4360068439896981,16.135819755690395,0.969781099630442
3.8000000000000003,0.18794021637517977,5,0,0.012847395143404494,0.49333333333333335,1.0267383374252381,0.4360068439896981,16.135819755690395,0.969781099630442
3.9000000000000004,0.18794021637517977,5,0,0.012847395143404494,0.49333333333333335,1.0267383374252381,0.4360068439896981,16.135819755690395,0.969781099630442
4.0,0.18794021637517977,5,0,0.012847395143404494,0.49333333333333335,1.0267383374252381,0.4360068439896981,16.135819755690395,0.969781099630442
4.1,0.18794021637517977,5,0,0.012847395143404494,0.49333333333333335,1.0267383374252381,0.4360068439896981,16.135819755690395,0.969781099630442
4.2,0.18794021637517977,5,0,0.012847395143404494,0.49333333333333335,1.0267383374252381,0.4360068439896981,16.135819755690395,0.969781099630442
4.3,0.18794021637517977,5,0,0.012847395143404494,0.49333333333333335,1.0267383374252381,0.4360068439896981,16.135819755690395,0.969781099630442
4.3999999999999995,0.18794021637517977,5,0,0.012847395143404494,0.49333333333333335,1.0267383374252381,0.4360068439896981,16.135819755690395,0.969781099630442
4.5,0.18794021637517977,5,0,0.012847395143404494,0.49333333333333335,1.0267383374252381,0.4360068439896981,16.135819755690395,0.969781099630442
4.6,0.18794021637517977,5,0,0.012847395143404494,0.49333333333333335,1.0267383374252381,0.4360068439896981,16.135819755690395,0.969781099630442
4.7,0.18794021637517977,5,0,0.012847395143404494,0.49333333333333335,1.0267383374252381,0.4360068439896981,16.135819755690395,0.969781099630442
4.8,0.18794021637517977,5,0,0.012847395143404494,0.49333333333333335,1.0267383374252381,0.4360068439896981,16.135819755690395,0.969781099630442
4.9,0.18794021637517977,5,0,0.012847395143404494,0.49333333333333335,1.0267383374252381,0.4360068439896981,16.135819755690395,0.969781099630442
5.0,0.18794021637517977,5,0,0.012847395143404494,0.49333333333333335,1.0267383374252381,0.4360068439896981,16.135819755690395,0.969781099630442
0.2,0.05320419238568197,4,40,-0.14933328277233376,0.44,0.7466063988956435,0.5613822099107959,38.80099590362985,0.9790619405343367
0.30000000000000004,0.5338306785132404,5,33,-0.14933328277233376,0.44,0.7466063988956435,0.5613822099107959,40.496092104948545,0.981578003353464
0.4,0.5338306785132404,5,28,-0.14933328277233376,0.44,0.7466063988956435,0.5613822099107959,40.496092104948545,0.981578003353464
0.5,0.5338306785132404,5,22,-0.14933328277233376,0.44,0.7466063988956435,0.5613822099107959,40.496092104948545,0.981578003353464
0.6,0.5338306785132404,5,17,-0.14933328277233376,0.44,0.7466063988956435,0.5613822099107959,40.496092104948545,0.981578003353464
0.7000000000000001,0.5307986769048869,5,13,-0.14933328277233376,0.44,0.7466063988956435,0.5613822099107959,40.49605095636319,0.9815779318720442
0.8,0.5307986769048869,5,8,-0.14933328277233376,0.44,0.7466063988956435,0.5613822099107959,40.49605095636319,0.9815779318720442
1.1,0.45992871751257364,5,2,-0.14933328277233376,0.44,0.7466063988956435,0.5613822099107959,40.58964105624114,0.9817156214558382
1.2000000000000002,0.05320419238568197,4,0,-0.14933328277233376,0.44,0.7466063988956435,0.5613822099107959,38.80099590362985,0.9790619405343367
1.3000000000000003,0.05320419238568197,4,0,-0.14933328277233376,0.44,0.7466063988956435,0.5613822099107959,38.80099590362985,0.9790619405343367
1.4000000000000001,0.05320419238568197,4,0,-0.14933328277233376,0.44,0.7466063988956435,0.5613822099107959,38.80099590362985,0.9790619405343367
1.5000000000000002,0.05320419238568197,4,0,-0.14933328277233376,0.44,0.7466063988956435,0.5613822099107959,38.80099590362985,0.9790619405343367
1.6,0.05320419238568197,4,0,-0.14933328277233376,0.44,0.7466063988956435,0.5613822099107959,38.80099590362985,0.9790619405343367
1.7000000000000002,0.05320419238568197,4,0,-0.14933328277233376,0.44,0.7466063988956435,0.5613822099107959,38.80099590362985,0.9790619405343367
1.8000000000000003,0.05320419238568197,4,0,-0.14933328277233376,0.44,0.7466063988956435,0.5613822099107959,38.80099590362985,0.9790619405343367
1.9000000000000001,0.05320419238568197,4,0,-0.14933328277233376,0.44,0.7466063988956435,0.5613822099107959,38.80099590362985,0.9790619405343367
2.0,0.05320419238568197,4,0,-0.14933328277233376,0.44,0.7466063988956435,0.5613822099107959,38.80099590362985,0.9790619405343367
2.1,0.05320419238568197,4,0,-0.14933328277233376,0.44,0.7466063988956435,0.5613822099107959,38.80099590362985,0.9790619405343367
2.2,0.05320419238568197,4,0,-0.14933328277233376,0.44,0.7466063988956435,0.5613822099107959,38.80099590362985,0.9790619405343367
2.3000000000000003,0.05320419238568197,4,0,-0.14933328277233376,0.44,0.7466063988956435,0.5613822099107959,38.80099590362985,0.9790619405343367
2.4000000000000004,0.05320419238568197,4,0,-0.14933328277233376,0.44,0.7466063988956435,0.5613822099107959,38.80099590362985,0.9790619405343367
2.5000000000000004,0.05320419238568197,4,0,-0.14933328277233376,0.44,0.7466063988956435,0.5613822099107959,38.80099590362985,0.9790619405343367
2.6,0.05320419238568197,4,0,-0.14933328277233376,0.44,0.7466063988956435,0.5613822099107959,38.80099590362985,0.9790619405343367
2.7,0.05320419238568197,4,0,-0.14933328277233376,0.44,0.7466063988956435,0.5613822099107959,38.80099590362985,0.9790619405343367
2.8000000000000003,0.05320419238568197,4,0,-0.14933328277233376,0.44,0.7466063988956435,0.5613822099107959,38.80099590362985,0.9790619405343367
2.9000000000000004,0.05320419238568197,4,0,-0.14933328277233376,0.44,0.7466063988956435,0.5613822099107959,38.80099590362985,0.9790619405343367
3.0000000000000004,0.05320419238568197,4,0,-0.14933328277233376,0.44,0.7466063988956435,0.5613822099107959,38.80099590362985,0.9790619405343367
3.1,0.05320419238568197,4,0,-0.14933328277233376,0.44,0.7466063988956435,0.5613822099107959,38.80099590362985,0.9790619405343367
3.2,0.05320419238568197,4,0,-0.14933328277233376,0.44,0.7466063988956435,0.5613822099107959,38.80099590362985,0.9790619405343367
3.3000000000000003,0.05320419238568197,4,0,-0.14933328277233376,0.44,0.7466063988956435,0.5613822099107959,38.80099590362985,0.9790619405343367
3.4000000000000004,0.05320419238568197,4,0,-0.14933328277233376,0.44,0.7466063988956435,0.5613822099107959,38.80099590362985,0.9790619405343367
3.5000000000000004,0.05320419238568197,4,0,-0.14933328277233376,0.44,0.7466063988956435,0.5613822099107959,38.80099590362985,0.9790619405343367
3.6,0.05320419238568197,4,0,-0.14933328277233376,0.44,0.7466063988956435,0.5613822099107959,38.80099590362985,0.9790619405343367
3.7,0.05320419238568197,4,0,-0.14933328277233376,0.44,0.7466063988956435,0.5613822099107959,38.80099590362985,0.9790619405343367
3.8000000000000003,0.05320419238568197,4,0,-0.14933328277233376,0.44,0.7466063988956435,0.5613822099107959,38.80099590362985,0.9790619405343367
3.9000000000000004,0.05320419238568197,4,0,-0.14933328277233376,0.44,0.7466063988956435,0.5613822099107959,38.80099590362985,0.9790619405343367
4.0,0.05320419238568197,4,0,-0.14933328277233376,0.44,0.7466063988956435,0.5613822099107959,38.80099590362985,0.9790619405343367
4.1,0.05320419238568197,4,0,-0.14933328277233376,0.44,0.7466063988956435,0.5613822099107959,38.80099590362985,0.9790619405343367
4.2,0.05320419238568197,4,0,-0.14933328277233376,0.44,0.7466063988956435,0.5613822099107959,38.80099590362985,0.9790619405343367
4.3,0.05320419238568197,4,0,-0.14933328277233376,0.44,0.7466063988956435,0.5613822099107959,38.80099590362985,0.9790619405343367
4.3999999999999995,0.05320419238568197,4,0,-0.14933328277233376,0.44,0.7466063988956435,0.5613822099107959,38.80099590362985,0.9790619405343367
4.5,0.05320419238568197,4,0,-0.14933328277233376,0.44,0.7466063988956435,0.5613822099107959,38.80099590362985,0.9790619405343367
4.6,0.05320419238568197,4,0,-0.14933328277233376,0.44,0.7466063988956435,0.5613822099107959,38.80099590362985,0.9790619405343367
4.7,0.05320419238568197,4,0,-0.14933328277233376,0.44,0.7466063988956435,0.5613822099107959,38.80099590362985,0.9790619405343367
4.8,0.05320419238568197,4,0,-0.14933328277233376,0.44,0.7466063988956435,0.5613822099107959,38.80099590362985,0.9790619405343367
4.9,0.05320419238568197,4,0,-0.14933328277233376,0.44,0.7466063988956435,0.5613822099107959,38.80099590362985,0.9790619405343367
5.0,0.05320419238568197,4,0,-0.14933328277233376,0.44,0.7466063988956435,0.5613822099107959,38.80099590362985,0.9790619405343367
1.1,0.3603267878602019,5,1,0.04070115506985794,0.5266666666666666,1.083753176097045,0.4132001044884728,14.71336202461426,0.9553256457029584
1.2000000000000002,0.3603267878602019,5,1,0.04070115506985794,0.5266666666666666,1.083753176097045,0.4132001044884728,14.71336202461426,0.9553256457029584
1.3000000000000003,0.36066913417469204,5,1,0.04070115506985794,0.5266666666666666,1.083753176097045,0.4132001044884728,14.71360942958057,0.9553234873239355
1.4000000000000001,0.0016769531209526178,4,0,0.04070115506985794,0.5266666666666666,1.083753176097045,0.4132001044884728,15.327891674332363,0.9505454592547508
1.5000000000000002,0.0016769531209526178,4,0,0.04070115506985794,0.5266666666666666,1.083753176097045,0.4132001044884728,15.327891674332363,0.9505454592547508
1.6,0.0016769531209526178,4,0,0.04070115506985794,0.5266666666666666,1.083753176097045,0.4132001044884728,15.327891674332363,0.9505454592547508
1.7000000000000002,0.0016769531209526178,4,0,0.04070115506985794,0.5266666666666666,1.083753176097045,0.4132001044884728,15.327891674332363,0.9505454592547508
1.8000000000000003,0.0016769531209526178,4,0,0.04070115506985794,0.5266666666666666,1.083753176097045,0.4132001044884728,15.327891674332363,0.9505454592547508
1.9000000000000001,0.0016769531209526178,4,0,0.04070115506985794,0.5266666666666666,1.083753176097045,0.4132001044884728,15.327891674332363,0.9505454592547508
2.0,0.0016769531209526178,4,0,0.04070115506985794,0.5266666666666666,1.083753176097045,0.4132001044884728,15.327891674332363,0.9505454592547508
2.1,0.0016769531209526178,4,0,0.04070115506985794,0.5266666666666666,1.083753176097045,0.4132001044884728,15.327891674332363,0.9505454592547508
2.2,0.0016769531209526178,4,0,0.04070115506985794,0.5266666666666666,1.083753176097045,0.4132001044884728,15.327891674332363,0.9505454592547508
2.3000000000000003,0.0016769531209526178,4,0,0.04070115506985794,0.5266666666666666,1.083753176097045,0.4132001044884728,15.327891674332363,0.9505454592547508
2.4000000000000004,0.0016769531209526178,4,0,0.04070115506985794,0.5266666666666666,1.083753176097045,0.4132001044884728,15.327891674332363,0.9505454592547508
2.5000000000000004,0.0016769531209526178,4,0,0.04070115506985794,0.5266666666666666,1.083753176097045,0.4132001044884728,15.327891674332363,0.9505454592547508
2.6,0.0016769531209526178,4,0,0.04070115506985794,0.5266666666666666,1.083753176097045,0.4132001044884728,15.327891674332363,0.9505454592547508
2.7,0.0016769531209526178,4,0,0.04070115506985794,0.5266666666666666,1.083753176097045,0.4132001044884728,15.327891674332363,0.9505454592547508
2.8000000000000003,0.0016769531209526178,4,0,0.04070115506985794,0.5266666666666666,1.083753176097045,0.4132001044884728,15.327891674332363,0.9505454592547508
2.9000000000000004,0.0016769531209526178,4,0,0.04070115506985794,0.5266666666666666,1.083753176097045,0.4132001044884728,15.327891674332363,0.9505454592547508
3.0000000000000004,0.0016769531209526178,4,0,0.04070115506985794,0.5266666666666666,1.083753176097045,0.4132001044884728,15.327891674332363,0.9505454592547508
3.1,0.0016769531209526178,4,0,0.04070115506985794,0.5266666666666666,1.083753176097045,0.4132001044884728,15.327891674332363,0.9505454592547508
3.2,0.0016769531209526178,4,0,0.04070115506985794,0.5266666666666666,1.083753176097045,0.4132001044884728,15.327891674332363,0.9505454592547508
3.3000000000000003,0.0016769531209526178,4,0,0.04070115506985794,0.5266666666666666,1.083753176097045,0.4132001044884728,15.327891674332363,0.9505454592547508
3.4000000000000004,0.0016769531209526178,4,0,0.04070115506985794,0.5266666666666666,1.083753176097045,0.4132001044884728,15.327891674332363,0.9505454592547508
3.5000000000000004,0.0016769531209526178,4,0,0.04070115506985794,0.5266666666666666,1.083753176097045,0.4132001044884728,15.327891674332363,0.9505454592547508
3.6,0.0016769531209526178,4,0,0.04070115506985794,0.5266666666666666,1.083753176097045,0.4132001044884728,15.327891674332363,0.9505454592547508
3.7,0.0016769531209526178,4,0,0.04070115506985794,0.5266666666666666,1.083753176097045,0.4132001044884728,15.327891674332363,0.9505454592547508
3.8000000000000003,0.0016769531209526178,4,0,0.04070115506985794,0.5266666666666666,1.083753176097045,0.4132001044884728,15.327891674332363,0.9505454592547508
3.9000000000000004,0.0016769531209526178,4,0,0.04070115506985794,0.5266666666666666,1.083753176097045,0.4132001044884728,15.327891674332363,0.9505454592547508
4.0,0.0016769531209526178,4,0,0.04070115506985794,0.5266666666666666,1.083753176097045,0.4132001044884728,15.327891674332363,0.9505454592547508
4.1,0.0016769531209526178,4,0,0.04070115506985794,0.5266666666666666,1.083753176097045,0.4132001044884728,15.327891674332363,0.9505454592547508
4.2,0.0016769531209526178,4,0,0.04070115506985794,0.5266666666666666,1.083753176097045,0.4132001044884728,15.327891674332363,0.9505454592547508
4.3,0.0016769531209526178,4,0,0.04070115506985794,0.5266666666666666,1.083753176097045,0.4132001044884728,15.327891674332363,0.9505454592547508
4.3999999999999995,0.0016769531209526178,4,0,0.04070115506985794,0.5266666666666666,1.083753176097045,0.4132001044884728,15.327891674332363,0.9505454592547508
4.5,0.0016769531209526178,4,0,0.04070115506985794,0.5266666666666666,1.083753176097045,0.4132001044884728,15.327891674332363,0.9505454592547508
4.6,0.0016769531209526178,4,0,0.04070115506985794,0.5266666666666666,1.083753176097045,0.4132001044884728,15.327891674332363,0.9505454592547508
4.7,0.0016769531209526178,4,0,0.04070115506985794,0.5266666666666666,1.083753176097045,0.4132001044884728,15.327891674332363,0.9505454592547508
4.8,0.0016769531209526178,4,0,0.04070115506985794,0.5266666666666666,1.083753176097045,0.4132001044884728,15.327891674332363,0.9505454592547508
4.9,0.0016769531209526178,4,0,0.04070115506985794,0.5266666666666666,1.083753176097045,0.4132001044884728,15.327891674332363,0.9505454592547508
5.0,0.0016769531209526178,4,0,0.04070115506985794,0.5266666666666666,1.083753176097045,0.4132001044884728,15.327891674332363,0.9505454592547508
0.1,0.013968729081258624,4,42,0.1865900427947506,0.5866666666666667,1.4663857662788295,0.31407884342322184,13.34557504405528,0.9640934357344301
0.2,0.013968729081258624,4,36,0.1865900427947506,0.5866666666666667,1.4663857662788295,0.31407884342322184,13.34557504405528,0.9640934357344301
0.4,0.24874663199746477,4,26,0.1865900427947506,0.5866666666666667,1.4663857662788295,0.31407884342322184,15.615218055491853,0.9699754046724723
0.5,0.24874663199746477,4,19,0.1865900427947506,0.5866666666666667,1.4663857662788295,0.31407884342322184,15.615218055491853,0.9699754046724723
0.6,0.24874663199746477,4,16,0.1865900427947506,0.5866666666666667,1.4663857662788295,0.31407884342322184,15.615218055491853,0.9699754046724723
0.7000000000000001,0.24874663199746477,4,15,0.1865900427947506,0.5866666666666667,1.4663857662788295,0.31407884342322184,15.615218055491853,0.9699754046724723
0.8,0.24874663199746477,4,14,0.1865900427947506,0.5866666666666667,1.4663857662788295,0.31407884342322184,15.615218055491853,0.9699754046724723
0.9,-0.0042027606268650874,3,12,0.1865900427947506,0.5866666666666667,1.4663857662788295,0.31407884342322184,12.849781478504916,0.9626302570845943
1.0,-0.0042027606268650874,3,11,0.1865900427947506,0.5866666666666667,1.4663857662788295,0.31407884342322184,12.849781478504916,0.9626302570845943
1.1,0.2699089985400826,5,5,0.1865900427947506,0.5866666666666667,1.4663857662788295,0.31407884342322184,12.711548049898516,0.9622634000207729
1.2000000000000002,0.26687459540411806,5,5,0.1865900427947506,0.5866666666666667,1.4663857662788295,0.31407884342322184,12.711465457582793,0.9622634222472087
1.3000000000000003,0.26687459540411806,5,5,0.1865900427947506,0.5866666666666667,1.4663857662788295,0.31407884342322184,12.711465457582793,0.9622634222472087
1.4000000000000001,0.26687459540411806,5,4,0.1865900427947506,0.5866666666666667,1.4663857662788295,0.31407884342322184,12.711465457582793,0.9622634222472087
1.5000000000000002,0.26687459540411806,5,1,0.1865900427947506,0.5866666666666667,1.4663857662788295,0.31407884342322184,12.711465457582793,0.9622634222472087
1.6,0.24374841170844574,5,1,0.1865900427947506,0.5866666666666667,1.4663857662788295,0.31407884342322184,12.710695528304933,0.9622629855068717
1.7000000000000002,0.24874663199746477,4,0,0.1865900427947506,0.5866666666666667,1.4663857662788295,0.31407884342322184,15.615218055491853,0.9699754046724723
1.8000000000000003,0.24874663199746477,4,0,0.1865900427947506,0.5866666666666667,1.4663857662788295,0.31407884342322184,15.615218055491853,0.9699754046724723
1.9000000000000001,0.24874663199746477,4,0,0.1865900427947506,0.5866666666666667,1.4663857662788295,0.31407884342322184,15.615218055491853,0.9699754046724723
2.0,0.24874663199746477,4,0,0.1865900427947506,0.5866666666666667,1.4663857662788295,0.31407884342322184,15.615218055491853,0.9699754046724723
2.1,0.24874663199746477,4,0,0.1865900427947506,0.5866666666666667,1.4663857662788295,0.31407884342322184,15.615218055491853,0.9699754046724723
2.2,0.24874663199746477,4,0,0.1865900427947506,0.5866666666666667,1.4663857662788295,0.31407884342322184,15.615218055491853,0.9699754046724723
2.3000000000000003,0.24874663199746477,4,0,0.1865900427947506,0.5866666666666667,1.4663857662788295,0.31407884342322184,15.615218055491853,0.9699754046724723
2.4000000000000004,0.24874663199746477,4,0,0.1865900427947506,0.5866666666666667,1.4663857662788295,0.31407884342322184,15.615218055491853,0.9699754046724723
2.5000000000000004,0.24874663199746477,4,0,0.1865900427947506,0.5866666666666667,1.4663857662788295,0.31407884342322184,15.615218055491853,0.9699754046724723
2.6,0.24874663199746477,4,0,0.1865900427947506,0.5866666666666667,1.4663857662788295,0.31407884342322184,15.615218055491853,0.9699754046724723
2.7,0.24874663199746477,4,0,0.1865900427947506,0.5866666666666667,1.4663857662788295,0.31407884342322184,15.615218055491853,0.9699754046724723
2.8000000000000003,0.24874663199746477,4,0,0.1865900427947506,0.5866666666666667,1.4663857662788295,0.31407884342322184,15.615218055491853,0.9699754046724723
2.9000000000000004,0.24874663199746477,4,0,0.1865900427947506,0.5866666666666667,1.4663857662788295,0.31407884342322184,15.615218055491853,0.9699754046724723
3.0000000000000004,0.24874663199746477,4,0,0.1865900427947506,0.5866666666666667,1.4663857662788295,0.31407884342322184,15.615218055491853,0.9699754046724723
3.1,0.24874663199746477,4,0,0.1865900427947506,0.5866666666666667,1.4663857662788295,0.31407884342322184,15.615218055491853,0.9699754046724723
3.2,0.24874663199746477,4,0,0.1865900427947506,0.5866666666666667,1.4663857662788295,0.31407884342322184,15.615218055491853,0.9699754046724723
3.3000000000000003,0.24874663199746477,4,0,0.1865900427947506,0.5866666666666667,1.4663857662788295,0.31407884342322184,15.615218055491853,0.9699754046724723
3.4000000000000004,0.24874663199746477,4,0,0.1865900427947506,0.5866666666666667,1.4663857662788295,0.31407884342322184,15.615218055491853,0.9699754046724723
3.5000000000000004,0.24874663199746477,4,0,0.1865900427947506,0.5866666666666667,1.4663857662788295,0.31407884342322184,15.615218055491853,0.9699754046724723
3.6,0.24874663199746477,4,0,0.1865900427947506,0.5866666666666667,1.4663857662788295,0.31407884342322184,15.615218055491853,0.9699754046724723
3.7,0.24874663199746477,4,0,0.1865900427947506,0.5866666666666667,1.4663857662788295,0.31407884342322184,15.615218055491853,0.9699754046724723
3.8000000000000003,0.24874663199746477,4,0,0.1865900427947506,0.5866666666666667,1.4663857662788295,0.31407884342322184,15.615218055491853,0.9699754046724723
3.9000000000000004,0.24874663199746477,4,0,0.1865900427947506,0.5866666666666667,1.4663857662788295,0.31407884342322184,15.615218055491853,0.9699754046724723
4.0,0.24874663199746477,4,0,0.1865900427947506,0.5866666666666667,1.4663857662788295,0.31407884342322184,15.615218055491853,0.9699754046724723
4.1,0.24874663199746477,4,0,0.1865900427947506,0.5866666666666667,1.4663857662788295,0.31407884342322184,15.615218055491853,0.9699754046724723
4.2,0.24874663199746477,4,0,0.1865900427947506,0.5866666666666667,1.4663857662788295,0.31407884342322184,15.615218055491853,0.9699754046724723
4.3,0.24874663199746477,4,0,0.1865900427947506,0.5866666666666667,1.4663857662788295,0.31407884342322184,15.615218055491853,0.9699754046724723
4.3999999999999995,0.24874663199746477,4,0,0.1865900427947506,0.5866666666666667,1.4663857662788295,0.31407884342322184,15.615218055491853,0.9699754046724723
4.5,0.24874663199746477,4,0,0.1865900427947506,0.5866666666666667,1.4663857662788295,0.31407884342322184,15.615218055491853,0.9699754046724723
4.6,0.24874663199746477,4,0,0.1865900427947506,0.5866666666666667,1.4663857662788295,0.31407884342322184,15.615218055491853,0.9699754046724723
4.7,0.24874663199746477,4,0,0.1865900427947506,0.5866666666666667,1.4663857662788295,0.31407884342322184,15.615218055491853,0.9699754046724723
4.8,0.24874663199746477,4,0,0.1865900427947506,0.5866666666666667,1.4663857662788295,0.31407884342322184,15.615218055491853,0.9699754046724723
4.9,0.24874663199746477,4,0,0.1865900427947506,0.5866666666666667,1.4663857662788295,0.31407884342322184,15.615218055491853,0.9699754046724723
5.0,0.24874663199746477,4,0,0.1865900427947506,0.5866666666666667,1.4663857662788295,0.31407884342322184,15.615218055491853,0.9699754046724723
0.6,0.5016353787245805,5,16,-0.13011675935080524,0.43333333333333335,0.7690713675616578,0.5543091888008964,225.1518494280085,0.9995181508289945
0.7000000000000001,0.4992535958229486,5,12,-0.13011675935080524,0.43333333333333335,0.7690713675616578,0.5543091888008964,226.479059562036,0.9995271369112856
0.8,0.4994827370592543,5,9,-0.13011675935080524,0.43333333333333335,0.7690713675616578,0.5543091888008964,226.46374991832226,0.9995270349684273
0.9,0.4994827370592543,5,4,-0.13011675935080524,0.43333333333333335,0.7690713675616578,0.5543091888008964,226.46374991832226,0.9995270349684273
1.0,0.4994827370592543,5,4,-0.13011675935080524,0.43333333333333335,0.7690713675616578,0.5543091888008964,226.46374991832226,0.9995270349684273
1.1,0.4983483427132318,5,3,-0.13011675935080524,0.43333333333333335,0.7690713675616578,0.5543091888008964,227.3041998739648,0.9995325787206197
1.2000000000000002,0.4983483427132318,5,2,-0.13011675935080524,0.43333333333333335,0.7690713675616578,0.5543091888008964,227.3041998739648,0.9995325787206197
1.3000000000000003,0.4804736427141309,5,1,-0.13011675935080524,0.43333333333333335,0.7690713675616578,0.5543091888008964,235.7245881615418,0.9995832288126423
1.4000000000000001,0.11551425225879458,4,0,-0.13011675935080524,0.43333333333333335,0.7690713675616578,0.5543091888008964,208.68706983933026,0.9993905644341685
1.5000000000000002,0.11551425225879458,4,0,-0.13011675935080524,0.43333333333333335,0.7690713675616578,0.5543091888008964,208.68706983933026,0.9993905644341685
1.6,0.11551425225879458,4,0,-0.13011675935080524,0.43333333333333335,0.7690713675616578,0.5543091888008964,208.68706983933026,0.9993905644341685
1.7000000000000002,0.11551425225879458,4,0,-0.13011675935080524,0.43333333333333335,0.7690713675616578,0.5543091888008964,208.68706983933026,0.9993905644341685
1.8000000000000003,0.11551425225879458,4,0,-0.13011675935080524,0.43333333333333335,0.7690713675616578,0.5543091888008964,208.68706983933026,0.9993905644341685
1.9000000000000001,0.11551425225879458,4,0,-0.13011675935080524,0.43333333333333335,0.7690713675616578,0.5543091888008964,208.68706983933026,0.9993905644341685
2.0,0.11551425225879458,4,0,-0.13011675935080524,0.43333333333333335,0.7690713675616578,0.5543091888008964,208.68706983933026,0.9993905644341685
2.1,0.11551425225879458,4,0,-0.13011675935080524,0.43333333333333335,0.7690713675616578,0.5543091888008964,208.68706983933026,0.9993905644341685
2.2,0.11551425225879458,4,0,-0.13011675935080524,0.43333333333333335,0.7690713675616578,0.5543091888008964,208.68706983933026,0.9993905644341685
2.3000000000000003,0.11551425225879458,4,0,-0.13011675935080524,0.43333333333333335,0.7690713675616578,0.5543091888008964,208.68706983933026,0.9993905644341685
2.4000000000000004,0.11551425225879458,4,0,-0.13011675935080524,0.43333333333333335,0.7690713675616578,0.5543091888008964,208.68706983933026,0.9993905644341685
2.5000000000000004,0.11551425225879458,4,0,-0.13011675935080524,0.43333333333333335,0.7690713675616578,0.5543091888008964,208.68706983933026,0.9993905644341685
2.6,0.11551425225879458,4,0,-0.13011675935080524,0.43333333333333335,0.7690713675616578,0.5543091888008964,208.68706983933026,0.9993905644341685
2.7,0.11551425225879458,4,0,-0.13011675935080524,0.43333333333333335,0.7690713675616578,0.5543091888008964,208.68706983933026,0.9993905644341685
2.8000000000000003,0.11551425225879458,4,0,-0.13011675935080524,0.43333333333333335,0.7690713675616578,0.5543091888008964,208.68706983933026,0.9993905644341685
2.9000000000000004,0.11551425225879458,4,0,-0.13011675935080524,0.43333333333333335,0.7690713675616578,0.5543091888008964,208.68706983933026,0.9993905644341685
3.0000000000000004,0.11551425225879458,4,0,-0.13011675935080524,0.43333333333333335,0.7690713675616578,0.5543091888008964,208.68706983933026,0.9993905644341685
3.1,0.11551425225879458,4,0,-0.13011675935080524,0.43333333333333335,0.7690713675616578,0.5543091888008964,208.68706983933026,0.9993905644341685
3.2,0.11551425225879458,4,0,-0.13011675935080524,0.43333333333333335,0.7690713675616578,0.5543091888008964,208.68706983933026,0.9993905644341685
3.3000000000000003,0.11551425225879458,4,0,-0.13011675935080524,0.43333333333333335,0.7690713675616578,0.5543091888008964,208.68706983933026,0.9993905644341685
3.4000000000000004,0.11551425225879458,4,0,-0.13011675935080524,0.43333333333333335,0.7690713675616578,0.5543091888008964,208.68706983933026,0.9993905644341685
3.5000000000000004,0.11551425225879458,4,0,-0.13011675935080524,0.43333333333333335,0.7690713675616578,0.5543091888008964,208.68706983933026,0.9993905644341685
3.6,0.11551425225879458,4,0,-0.13011675935080524,0.43333333333333335,0.7690713675616578,0.5543091888008964,208.68706983933026,0.9993905644341685
3.7,0.11551425225879458,4,0,-0.13011675935080524,0.43333333333333335,0.7690713675616578,0.5543091888008964,208.68706983933026,0.9993905644341685
3.8000000000000003,0.11551425225879458,4,0,-0.13011675935080524,0.43333333333333335,0.7690713675616578,0.5543091888008964,208.68706983933026,0.9993905644341685
3.9000000000000004,0.11551425225879458,4,0,-0.13011675935080524,0.43333333333333335,0.7690713675616578,0.5543091888008964,208.68706983933026,0.9993905644341685
4.0,0.11551425225879458,4,0,-0.13011675935080524,0.43333333333333335,0.7690713675616578,0.5543091888008964,208.68706983933026,0.9993905644341685
4.1,0.11551425225879458,4,0,-0.13011675935080524,0.43333333333333335,0.7690713675616578,0.5543091888008964,208.68706983933026,0.9993905644341685
4.2,0.11551425225879458,4,0,-0.13011675935080524,0.43333333333333335,0.7690713675616578,0.5543091888008964,208.68706983933026,0.9993905644341685
4.3,0.11551425225879458,4,0,-0.13011675935080524,0.43333333333333335,0.7690713675616578,0.5543091888008964,208.68706983933026,0.9993905644341685
4.3999999999999995,0.11551425225879458,4,0,-0.13011675935080524,0.43333333333333335,0.7690713675616578,0.5543091888008964,208.68706983933026,0.9993905644341685
4.5,0.11551425225879458,4,0,-0.13011675935080524,0.43333333333333335,0.7690713675616578,0.5543091888008964,208.68706983933026,0.9993905644341685
4.6,0.11551425225879458,4,0,-0.13011675935080524,0.43333333333333335,0.7690713675616578,0.5543091888008964,208.68706983933026,0.9993905644341685
4.7,0.11551425225879458,4,0,-0.13011675935080524,0.43333333333333335,0.7690713675616578,0.5543091888008964,208.68706983933026,0.9993905644341685
4.8,0.11551425225879458,4,0,-0.13011675935080524,0.43333333333333335,0.7690713675616578,0.5543091888008964,208.68706983933026,0.9993905644341685
4.9,0.11551425225879458,4,0,-0.13011675935080524,0.43333333333333335,0.7690713675616578,0.5543091888008964,208.68706983933026,0.9993905644341685
5.0,0.11551425225879458,4,0,-0.13011675935080524,0.43333333333333335,0.7690713675616578,0.5543091888008964,208.68706983933026,0.9993905644341685
0.30000000000000004,-3.191941884484135,3,28,-0.03571366504910606,0.43333333333333335,0.9238590905127448,0.5292508830060471,25.343338814656992,0.9774184384488185
0.4,-3.191941884484135,3,26,-0.03571366504910606,0.43333333333333335,0.9238590905127448,0.5292508830060471,25.343338814656992,0.9774184384488185
0.5,-3.3284237582310725,3,20,-0.03571366504910606,0.43333333333333335,0.9238590905127448,0.5292508830060471,25.343338814656992,0.9774184384488185
0.6,-3.7802428674606796,3,16,-0.03571366504910606,0.43333333333333335,0.9238590905127448,0.5292508830060471,25.343338814656992,0.9774184384488185
0.7000000000000001,-3.9460390921158592,3,13,-0.03571366504910606,0.43333333333333335,0.9238590905127448,0.5292508830060471,25.343338814656992,0.9774184384488185
0.8,-0.6775231642179614,3,9,-0.03571366504910606,0.43333333333333335,0.9238590905127448,0.5292508830060471,25.343338814656992,0.9774184384488185
0.9,0.01846011130516123,4,5,-0.03571366504910606,0.43333333333333335,0.9238590905127448,0.5292508830060471,25.203467474521528,0.9772364453269832
1.0,0.01846011130516123,4,4,-0.03571366504910606,0.43333333333333335,0.9238590905127448,0.5292508830060471,25.203467474521528,0.9772364453269832
1.1,0.01846011130516123,4,3,-0.03571366504910606,0.43333333333333335,0.9238590905127448,0.5292508830060471,25.203467474521528,0.9772364453269832
1.2000000000000002,0.01846011130516123,4,1,-0.03571366504910606,0.43333333333333335,0.9238590905127448,0.5292508830060471,25.203467474521528,0.9772364453269832
1.3000000000000003,0.01846011130516123,4,1,-0.03571366504910606,0.43333333333333335,0.9238590905127448,0.5292508830060471,25.203467474521528,0.9772364453269832
1.4000000000000001,0.01846011130516123,4,1,-0.03571366504910606,0.43333333333333335,0.9238590905127448,0.5292508830060471,25.203467474521528,0.9772364453269832
1.5000000000000002,0.01846011130516123,4,1,-0.03571366504910606,0.43333333333333335,0.9238590905127448,0.5292508830060471,25.203467474521528,0.9772364453269832
1.6,0.01846011130516123,4,1,-0.03571366504910606,0.43333333333333335,0.9238590905127448,0.5292508830060471,25.203467474521528,0.9772364453269832
1.7000000000000002,0.01846011130516123,4,1,-0.03571366504910606,0.43333333333333335,0.9238590905127448,0.5292508830060471,25.203467474521528,0.9772364453269832
1.8000000000000003,0.4390871777724269,5,0,-0.03571366504910606,0.43333333333333335,0.9238590905127448,0.5292508830060471,25.971757134844957,0.9781958050820571
1.9000000000000001,0.4390871777724269,5,0,-0.03571366504910606,0.43333333333333335,0.9238590905127448,0.5292508830060471,25.971757134844957,0.9781958050820571
2.0,0.4390871777724269,5,0,-0.03571366504910606,0.43333333333333335,0.9238590905127448,0.5292508830060471,25.971757134844957,0.9781958050820571
2.1,0.4390871777724269,5,0,-0.03571366504910606,0.43333333333333335,0.9238590905127448,0.5292508830060471,25.971757134844957,0.9781958050820571
2.2,0.4390871777724269,5,0,-0.03571366504910606,0.43333333333333335,0.9238590905127448,0.5292508830060471,25.971757134844957,0.9781958050820571
2.3000000000000003,0.4390871777724269,5,0,-0.03571366504910606,0.43333333333333335,0.9238590905127448,0.5292508830060471,25.971757134844957,0.9781958050820571
2.4000000000000004,0.4390871777724269,5,0,-0.03571366504910606,0.43333333333333335,0.9238590905127448,0.5292508830060471,25.971757134844957,0.9781958050820571
2.5000000000000004,0.4390871777724269,5,0,-0.03571366504910606,0.43333333333333335,0.9238590905127448,0.5292508830060471,25.971757134844957,0.9781958050820571
2.6,0.4390871777724269,5,0,-0.03571366504910606,0.43333333333333335,0.9238590905127448,0.5292508830060471,25.971757134844957,0.9781958050820571
2.7,0.4390871777724269,5,0,-0.03571366504910606,0.43333333333333335,0.9238590905127448,0.5292508830060471,25.971757134844957,0.9781958050820571
2.8000000000000003,0.4390871777724269,5,0,-0.03571366504910606,0.43333333333333335,0.9238590905127448,0.5292508830060471,25.971757134844957,0.9781958050820571
2.9000000000000004,0.4390871777724269,5,0,-0.03571366504910606,0.43333333333333335,0.9238590905127448,0.5292508830060471,25.971757134844957,0.9781958050820571
3.0000000000000004,0.4390871777724269,5,0,-0.03571366504910606,0.43333333333333335,0.9238590905127448,0.5292508830060471,25.971757134844957,0.9781958050820571
3.1,0.4390871777724269,5,0,-0.03571366504910606,0.43333333333333335,0.9238590905127448,0.5292508830060471,25.971757134844957,0.9781958050820571
3.2,0.4390871777724269,5,0,-0.03571366504910606,0.43333333333333335,0.9238590905127448,0.5292508830060471,25.971757134844957,0.9781958050820571
3.3000000000000003,0.4390871777724269,5,0,-0.03571366504910606,0.43333333333333335,0.9238590905127448,0.5292508830060471,25.971757134844957,0.9781958050820571
3.4000000000000004,0.4390871777724269,5,0,-0.03571366504910606,0.43333333333333335,0.9238590905127448,0.5292508830060471,25.971757134844957,0.9781958050820571
3.5000000000000004,0.4390871777724269,5,0,-0.03571366504910606,0.43333333333333335,0.9238590905127448,0.5292508830060471,25.971757134844957,0.9781958050820571
3.6,0.4390871777724269,5,0,-0.03571366504910606,0.43333333333333335,0.9238590905127448,0.5292508830060471,25.971757134844957,0.9781958050820571
3.7,0.4390871777724269,5,0,-0.03571366504910606,0.43333333333333335,0.9238590905127448,0.5292508830060471,25.971757134844957,0.9781958050820571
3.8000000000000003,0.4390871777724269,5,0,-0.03571366504910606,0.43333333333333335,0.9238590905127448,0.5292508830060471,25.971757134844957,0.9781958050820571
3.9000000000000004,0.4390871777724269,5,0,-0.03571366504910606,0.43333333333333335,0.9238590905127448,0.5292508830060471,25.971757134844957,0.9781958050820571
4.0,0.4390871777724269,5,0,-0.03571366504910606,0.43333333333333335,0.9238590905127448,0.5292508830060471,25.971757134844957,0.9781958050820571
4.1,0.4390871777724269,5,0,-0.03571366504910606,0.43333333333333335,0.9238590905127448,0.5292508830060471,25.971757134844957,0.9781958050820571
4.2,0.4390871777724269,5,0,-0.03571366504910606,0.43333333333333335,0.9238590905127448,0.5292508830060471,25.971757134844957,0.9781958050820571
4.3,0.4390871777724269,5,0,-0.03571366504910606,0.43333333333333335,0.9238590905127448,0.5292508830060471,25.971757134844957,0.9781958050820571
4.3999999999999995,0.4390871777724269,5,0,-0.03571366504910606,0.43333333333333335,0.9238590905127448,0.5292508830060471,25.971757134844957,0.9781958050820571
4.5,0.4390871777724269,5,0,-0.03571366504910606,0.43333333333333335,0.9238590905127448,0.5292508830060471,25.971757134844957,0.9781958050820571
4.6,0.4390871777724269,5,0,-0.03571366504910606,0.43333333333333335,0.9238590905127448,0.5292508830060471,25.971757134844957,0.9781958050820571
4.7,0.4390871777724269,5,0,-0.03571366504910606,0.43333333333333335,0.9238590905127448,0.5292508830060471,25.971757134844957,0.9781958050820571
4.8,0.4390871777724269,5,0,-0.03571366504910606,0.43333333333333335,0.9238590905127448,0.5292508830060471,25.971757134844957,0.9781958050820571
4.9,0.4390871777724269,5,0,-0.03571366504910606,0.43333333333333335,0.9238590905127448,0.5292508830060471,25.971757134844957,0.9781958050820571
5.0,0.4390871777724269,5,0,-0.03571366504910606,0.43333333333333335,0.9238590905127448,0.5292508830060471,25.971757134844957,0.9781958050820571
0.1,0.27128653413196047,5,48,0.02145436654599564,0.46,1.048921628467761,0.3342262188226667,32.74801385700471,0.9519112271635729
1.1,0.3250432775694701,5,4,0.02145436654599564,0.46,1.048921628467761,0.3342262188226667,44.91465122616383,0.9851653066951769
1.2000000000000002,0.2082441503336701,5,2,0.02145436654599564,0.46,1.048921628467761,0.3342262188226667,42.327437126074074,0.9810958841458326
1.3000000000000003,0.21050836573707005,5,1,0.02145436654599564,0.46,1.048921628467761,0.3342262188226667,42.38957618061897,0.9812090514195342
1.4000000000000001,0.27128653413196047,5,0,0.02145436654599564,0.46,1.048921628467761,0.3342262188226667,32.74801385700471,0.9519112271635729
1.5000000000000002,0.27128653413196047,5,0,0.02145436654599564,0.46,1.048921628467761,0.3342262188226667,32.74801385700471,0.9519112271635729
1.6,0.27128653413196047,5,0,0.02145436654599564,0.46,1.048921628467761,0.3342262188226667,32.74801385700471,0.9519112271635729
1.7000000000000002,0.27128653413196047,5,0,0.02145436654599564,0.46,1.048921628467761,0.3342262188226667,32.74801385700471,0.9519112271635729
1.8000000000000003,0.27128653413196047,5,0,0.02145436654599564,0.46,1.048921628467761,0.3342262188226667,32.74801385700471,0.9519112271635729
1.9000000000000001,0.27128653413196047,5,0,0.02145436654599564,0.46,1.048921628467761,0.3342262188226667,32.74801385700471,0.9519112271635729
2.0,0.27128653413196047,5,0,0.02145436654599564,0.46,1.048921628467761,0.3342262188226667,32.74801385700471,0.9519112271635729
2.1,0.27128653413196047,5,0,0.02145436654599564,0.46,1.048921628467761,0.3342262188226667,32.74801385700471,0.9519112271635729
2.2,0.27128653413196047,5,0,0.02145436654599564,0.46,1.048921628467761,0.3342262188226667,32.74801385700471,0.9519112271635729
2.3000000000000003,0.27128653413196047,5,0,0.02145436654599564,0.46,1.048921628467761,0.3342262188226667,32.74801385700471,0.9519112271635729
2.4000000000000004,0.27128653413196047,5,0,0.02145436654599564,0.46,1.048921628467761,0.3342262188226667,32.74801385700471,0.9519112271635729
2.5000000000000004,0.27128653413196047,5,0,0.02145436654599564,0.46,1.048921628467761,0.3342262188226667,32.74801385700471,0.9519112271635729
2.6,0.27128653413196047,5,0,0.02145436654599564,0.46,1.048921628467761,0.3342262188226667,32.74801385700471,0.9519112271635729
2.7,0.27128653413196047,5,0,0.02145436654599564,0.46,1.048921628467761,0.3342262188226667,32.74801385700471,0.9519112271635729
2.8000000000000003,0.27128653413196047,5,0,0.02145436654599564,0.46,1.048921628467761,0.3342262188226667,32.74801385700471,0.9519112271635729
2.9000000000000004,0.27128653413196047,5,0,0.02145436654599564,0.46,1.048921628467761,0.3342262188226667,32.74801385700471,0.9519112271635729
3.0000000000000004,0.27128653413196047,5,0,0.02145436654599564,0.46,1.048921628467761,0.3342262188226667,32.74801385700471,0.9519112271635729
3.1,0.27128653413196047,5,0,0.02145436654599564,0.46,1.048921628467761,0.3342262188226667,32.74801385700471,0.9519112271635729
3.2,0.27128653413196047,5,0,0.02145436654599564,0.46,1.048921628467761,0.3342262188226667,32.74801385700471,0.9519112271635729
3.3000000000000003,0.27128653413196047,5,0,0.02145436654599564,0.46,1.048921628467761,0.3342262188226667,32.74801385700471,0.9519112271635729
3.4000000000000004,0.27128653413196047,5,0,0.02145436654599564,0.46,1.048921628467761,0.3342262188226667,32.74801385700471,0.9519112271635729
3.5000000000000004,0.27128653413196047,5,0,0.02145436654599564,0.46,1.048921628467761,0.3342262188226667,32.74801385700471,0.9519112271635729
3.6,0.27128653413196047,5,0,0.02145436654599564,0.46,1.048921628467761,0.3342262188226667,32.74801385700471,0.9519112271635729
3.7,0.27128653413196047,5,0,0.02145436654599564,0.46,1.048921628467761,0.3342262188226667,32.74801385700471,0.9519112271635729
3.8000000000000003,0.27128653413196047,5,0,0.02145436654599564,0.46,1.048921628467761,0.3342262188226667,32.74801385700471,0.9519112271635729
3.9000000000000004,0.27128653413196047,5,0,0.02145436654599564,0.46,1.048921628467761,0.3342262188226667,32.74801385700471,0.9519112271635729
4.0,0.27128653413196047,5,0,0.02145436654599564,0.46,1.048921628467761,0.3342262188226667,32.74801385700471,0.9519112271635729
4.1,0.27128653413196047,5,0,0.02145436654599564,0.46,1.048921628467761,0.3342262188226667,32.74801385700471,0.9519112271635729
4.2,0.27128653413196047,5,0,0.02145436654599564,0.46,1.048921628467761,0.3342262188226667,32.74801385700471,0.9519112271635729
4.3,0.27128653413196047,5,0,0.02145436654599564,0.46,1.048921628467761,0.3342262188226667,32.74801385700471,0.9519112271635729
4.3999999999999995,0.27128653413196047,5,0,0.02145436654599564,0.46,1.048921628467761,0.3342262188226667,32.74801385700471,0.9519112271635729
4.5,0.27128653413196047,5,0,0.02145436654599564,0.46,1.048921628467761,0.3342262188226667,32.74801385700471,0.9519112271635729
4.6,0.27128653413196047,5,0,0.02145436654599564,0.46,1.048921628467761,0.3342262188226667,32.74801385700471,0.9519112271635729
4.7,0.27128653413196047,5,0,0.02145436654599564,0.46,1.048921628467761,0.3342262188226667,32.74801385700471,0.9519112271635729
4.8,0.27128653413196047,5,0,0.02145436654599564,0.46,1.048921628467761,0.3342262188226667,32.74801385700471,0.9519112271635729
4.9,0.27128653413196047,5,0,0.02145436654599564,0.46,1.048921628467761,0.3342262188226667,32.74801385700471,0.9519112271635729
5.0,0.27128653413196047,5,0,0.02145436654599564,0.46,1.048921628467761,0.3342262188226667,32.74801385700471,0.9519112271635729
0.4,0.0035266012103462585,4,30,-0.05177607410466484,0.47333333333333333,0.9013994543398496,0.5527632610176657,16.471833907493338,0.9799554091657392
0.5,0.0001326491527925966,4,22,-0.05177607410466484,0.47333333333333333,0.9013994543398496,0.5527632610176657,16.4799717084155,0.9799652762353
0.6,0.0001326491527925966,4,17,-0.05177607410466484,0.47333333333333333,0.9013994543398496,0.5527632610176657,16.4799717084155,0.9799652762353
0.7000000000000001,0.49654018322219334,5,10,-0.05177607410466484,0.47333333333333333,0.9013994543398496,0.5527632610176657,16.41031004655221,0.9798797995188373
0.8,0.49654018322219334,5,6,-0.05177607410466484,0.47333333333333333,0.9013994543398496,0.5527632610176657,16.41031004655221,0.9798797995188373
0.9,0.49654018322219334,5,6,-0.05177607410466484,0.47333333333333333,0.9013994543398496,0.5527632610176657,16.41031004655221,0.9798797995188373
1.0,0.4929257783632087,5,3,-0.05177607410466484,0.47333333333333333,0.9013994543398496,0.5527632610176657,16.42083778162209,0.97989267152497
1.1,0.48409181326492073,5,2,-0.05177607410466484,0.47333333333333333,0.9013994543398496,0.5527632610176657,16.435891768523717,0.9799110479296438
1.2000000000000002,0.4841269391809011,5,2,-0.05177607410466484,0.47333333333333333,0.9013994543398496,0.5527632610176657,16.43565676054064,0.9799107612389407
1.3000000000000003,0.4841269391809011,5,1,-0.05177607410466484,0.47333333333333333,0.9013994543398496,0.5527632610176657,16.43565676054064,0.9799107612389407
1.4000000000000001,0.4846031417683702,5,1,-0.05177607410466484,0.47333333333333333,0.9013994543398496,0.5527632610176657,16.435187932744803,0.9799101892926129
1.5000000000000002,0.14038928117632188,4,0,-0.05177607410466484,0.47333333333333333,0.9013994543398496,0.5527632610176657,15.073191214561065,0.9781727919481196
1.6,0.14038928117632188,4,0,-0.05177607410466484,0.47333333333333333,0.9013994543398496,0.5527632610176657,15.073191214561065,0.9781727919481196
1.7000000000000002,0.14038928117632188,4,0,-0.05177607410466484,0.47333333333333333,0.9013994543398496,0.5527632610176657,15.073191214561065,0.9781727919481196
1.8000000000000003,0.14038928117632188,4,0,-0.05177607410466484,0.47333333333333333,0.9013994543398496,0.5527632610176657,15.073191214561065,0.9781727919481196
1.9000000000000001,0.14038928117632188,4,0,-0.05177607410466484,0.47333333333333333,0.9013994543398496,0.5527632610176657,15.073191214561065,0.9781727919481196
2.0,0.14038928117632188,4,0,-0.05177607410466484,0.47333333333333333,0.9013994543398496,0.5527632610176657,15.073191214561065,0.9781727919481196
2.1,0.14038928117632188,4,0,-0.05177607410466484,0.47333333333333333,0.9013994543398496,0.5527632610176657,15.073191214561065,0.9781727919481196
2.2,0.14038928117632188,4,0,-0.05177607410466484,0.47333333333333333,0.9013994543398496,0.5527632610176657,15.073191214561065,0.9781727919481196
2.3000000000000003,0.14038928117632188,4,0,-0.05177607410466484,0.47333333333333333,0.9013994543398496,0.5527632610176657,15.073191214561065,0.9781727919481196
2.4000000000000004,0.14038928117632188,4,0,-0.05177607410466484,0.47333333333333333,0.9013994543398496,0.5527632610176657,15.073191214561065,0.9781727919481196
2.5000000000000004,0.14038928117632188,4,0,-0.05177607410466484,0.47333333333333333,0.9013994543398496,0.5527632610176657,15.073191214561065,0.9781727919481196
2.6,0.14038928117632188,4,0,-0.05177607410466484,0.47333333333333333,0.9013994543398496,0.5527632610176657,15.073191214561065,0.9781727919481196
2.7,0.14038928117632188,4,0,-0.05177607410466484,0.47333333333333333,0.9013994543398496,0.5527632610176657,15.073191214561065,0.9781727919481196
2.8000000000000003,0.14038928117632188,4,0,-0.05177607410466484,0.47333333333333333,0.9013994543398496,0.5527632610176657,15.073191214561065,0.9781727919481196
2.9000000000000004,0.14038928117632188,4,0,-0.05177607410466484,0.47333333333333333,0.9013994543398496,0.5527632610176657,15.073191214561065,0.9781727919481196
3.0000000000000004,0.14038928117632188,4,0,-0.05177607410466484,0.47333333333333333,0.9013994543398496,0.5527632610176657,15.073191214561065,0.9781727919481196
3.1,0.14038928117632188,4,0,-0.05177607410466484,0.47333333333333333,0.9013994543398496,0.5527632610176657,15.073191214561065,0.9781727919481196
3.2,0.14038928117632188,4,0,-0.05177607410466484,0.47333333333333333,0.9013994543398496,0.5527632610176657,15.073191214561065,0.9781727919481196
3.3000000000000003,0.14038928117632188,4,0,-0.05177607410466484,0.47333333333333333,0.9013994543398496,0.5527632610176657,15.073191214561065,0.9781727919481196
3.4000000000000004,0.14038928117632188,4,0,-0.05177607410466484,0.47333333333333333,0.9013994543398496,0.5527632610176657,15.073191214561065,0.9781727919481196
3.5000000000000004,0.14038928117632188,4,0,-0.05177607410466484,0.47333333333333333,0.9013994543398496,0.5527632610176657,15.073191214561065,0.9781727919481196
3.6,0.14038928117632188,4,0,-0.05177607410466484,0.47333333333333333,0.9013994543398496,0.5527632610176657,15.073191214561065,0.9781727919481196
3.7,0.14038928117632188,4,0,-0.05177607410466484,0.47333333333333333,0.9013994543398496,0.5527632610176657,15.073191214561065,0.9781727919481196
3.8000000000000003,0.14038928117632188,4,0,-0.05177607410466484,0.47333333333333333,0.9013994543398496,0.5527632610176657,15.073191214561065,0.9781727919481196
3.9000000000000004,0.14038928117632188,4,0,-0.05177607410466484,0.47333333333333333,0.9013994543398496,0.5527632610176657,15.073191214561065,0.9781727919481196
4.0,0.14038928117632188,4,0,-0.05177607410466484,0.47333333333333333,0.9013994543398496,0.5527632610176657,15.073191214561065,0.9781727919481196
4.1,0.14038928117632188,4,0,-0.05177607410466484,0.47333333333333333,0.9013994543398496,0.5527632610176657,15.073191214561065,0.9781727919481196
4.2,0.14038928117632188,4,0,-0.05177607410466484,0.47333333333333333,0.9013994543398496,0.5527632610176657,15.073191214561065,0.9781727919481196
4.3,0.14038928117632188,4,0,-0.05177607410466484,0.47333333333333333,0.9013994543398496,0.5527632610176657,15.073191214561065,0.9781727919481196
4.3999999999999995,0.14038928117632188,4,0,-0.05177607410466484,0.47333333333333333,0.9013994543398496,0.5527632610176657,15.073191214561065,0.9781727919481196
4.5,0.14038928117632188,4,0,-0.05177607410466484,0.47333333333333333,0.9013994543398496,0.5527632610176657,15.073191214561065,0.9781727919481196
4.6,0.14038928117632188,4,0,-0.05177607410466484,0.47333333333333333,0.9013994543398496,0.5527632610176657,15.073191214561065,0.9781727919481196
4.7,0.14038928117632188,4,0,-0.05177607410466484,0.47333333333333333,0.9013994543398496,0.5527632610176657,15.073191214561065,0.9781727919481196
4.8,0.14038928117632188,4,0,-0.05177607410466484,0.47333333333333333,0.9013994543398496,0.5527632610176657,15.073191214561065,0.9781727919481196
4.9,0.14038928117632188,4,0,-0.05177607410466484,0.47333333333333333,0.9013994543398496,0.5527632610176657,15.073191214561065,0.9781727919481196
5.0,0.14038928117632188,4,0,-0.05177607410466484,0.47333333333333333,0.9013994543398496,0.5527632610176657,15.073191214561065,0.9781727919481196
0.2,0.07427099528745479,5,41,0.01677656443299813,0.47333333333333333,1.0367458453707876,0.4624668107015836,27.388956000253728,0.9839894110941582
0.4,0.07427099528745479,5,28,0.01677656443299813,0.47333333333333333,1.0367458453707876,0.4624668107015836,27.388956000253728,0.9839894110941582
0.5,0.07427099528745479,5,22,0.01677656443299813,0.47333333333333333,1.0367458453707876,0.4624668107015836,27.388956000253728,0.9839894110941582
0.6,0.07427099528745479,5,14,0.01677656443299813,0.47333333333333333,1.0367458453707876,0.4624668107015836,27.388956000253728,0.9839894110941582
1.0,0.49586005022020135,5,2,0.01677656443299813,0.47333333333333333,1.0367458453707876,0.4624668107015836,35.948725446378404,0.990639207038607
1.1,0.49586005022020135,5,2,0.01677656443299813,0.47333333333333333,1.0367458453707876,0.4624668107015836,35.948725446378404,0.990639207038607
1.2000000000000002,0.4958770871917941,5,1,0.01677656443299813,0.47333333333333333,1.0367458453707876,0.4624668107015836,35.945169028490994,0.9906371574424157
1.3000000000000003,0.4958770871917941,5,1,0.01677656443299813,0.47333333333333333,1.0367458453707876,0.4624668107015836,35.945169028490994,0.9906371574424157
1.4000000000000001,0.4958770871917941,5,1,0.01677656443299813,0.47333333333333333,1.0367458453707876,0.4624668107015836,35.945169028490994,0.9906371574424157
1.5000000000000002,0.07427099528745479,5,0,0.01677656443299813,0.47333333333333333,1.0367458453707876,0.4624668107015836,27.388956000253728,0.9839894110941582
1.6,0.07427099528745479,5,0,0.01677656443299813,0.47333333333333333,1.0367458453707876,0.4624668107015836,27.388956000253728,0.9839894110941582
1.7000000000000002,0.07427099528745479,5,0,0.01677656443299813,0.47333333333333333,1.0367458453707876,0.4624668107015836,27.388956000253728,0.9839894110941582
1.8000000000000003,0.07427099528745479,5,0,0.01677656443299813,0.47333333333333333,1.0367458453707876,0.4624668107015836,27.388956000253728,0.9839894110941582
1.9000000000000001,0.07427099528745479,5,0,0.01677656443299813,0.47333333333333333,1.0367458453707876,0.4624668107015836,27.388956000253728,0.9839894110941582
2.0,0.07427099528745479,5,0,0.01677656443299813,0.47333333333333333,1.0367458453707876,0.4624668107015836,27.388956000253728,0.9839894110941582
2.1,0.07427099528745479,5,0,0.01677656443299813,0.47333333333333333,1.0367458453707876,0.4624668107015836,27.388956000253728,0.9839894110941582
2.2,0.07427099528745479,5,0,0.01677656443299813,0.47333333333333333,1.0367458453707876,0.4624668107015836,27.388956000253728,0.9839894110941582
2.3000000000000003,0.07427099528745479,5,0,0.01677656443299813,0.47333333333333333,1.0367458453707876,0.4624668107015836,27.388956000253728,0.9839894110941582
2.4000000000000004,0.07427099528745479,5,0,0.01677656443299813,0.47333333333333333,1.0367458453707876,0.4624668107015836,27.388956000253728,0.9839894110941582
2.5000000000000004,0.07427099528745479,5,0,0.01677656443299813,0.47333333333333333,1.0367458453707876,0.4624668107015836,27.388956000253728,0.9839894110941582
2.6,0.07427099528745479,5,0,0.01677656443299813,0.47333333333333333,1.0367458453707876,0.4624668107015836,27.388956000253728,0.9839894110941582
2.7,0.07427099528745479,5,0,0.01677656443299813,0.47333333333333333,1.0367458453707876,0.4624668107015836,27.388956000253728,0.9839894110941582
2.8000000000000003,0.07427099528745479,5,0,0.01677656443299813,0.47333333333333333,1.0367458453707876,0.4624668107015836,27.388956000253728,0.9839894110941582
2.9000000000000004,0.07427099528745479,5,0,0.01677656443299813,0.47333333333333333,1.0367458453707876,0.4624668107015836,27.388956000253728,0.9839894110941582
3.0000000000000004,0.07427099528745479,5,0,0.01677656443299813,0.47333333333333333,1.0367458453707876,0.4624668107015836,27.388956000253728,0.9839894110941582
3.1,0.07427099528745479,5,0,0.01677656443299813,0.47333333333333333,1.0367458453707876,0.4624668107015836,27.388956000253728,0.9839894110941582
3.2,0.07427099528745479,5,0,0.01677656443299813,0.47333333333333333,1.0367458453707876,0.4624668107015836,27.388956000253728,0.9839894110941582
3.3000000000000003,0.07427099528745479,5,0,0.01677656443299813,0.47333333333333333,1.0367458453707876,0.4624668107015836,27.388956000253728,0.9839894110941582
3.4000000000000004,0.07427099528745479,5,0,0.01677656443299813,0.47333333333333333,1.0367458453707876,0.4624668107015836,27.388956000253728,0.9839894110941582
3.5000000000000004,0.07427099528745479,5,0,0.01677656443299813,0.47333333333333333,1.0367458453707876,0.4624668107015836,27.388956000253728,0.9839894110941582
3.6,0.07427099528745479,5,0,0.01677656443299813,0.47333333333333333,1.0367458453707876,0.4624668107015836,27.388956000253728,0.9839894110941582
3.7,0.07427099528745479,5,0,0.01677656443299813,0.47333333333333333,1.0367458453707876,0.4624668107015836,27.388956000253728,0.9839894110941582
3.8000000000000003,0.07427099528745479,5,0,0.01677656443299813,0.47333333333333333,1.0367458453707876,0.4624668107015836,27.388956000253728,0.9839894110941582
3.9000000000000004,0.07427099528745479,5,0,0.01677656443299813,0.47333333333333333,1.0367458453707876,0.4624668107015836,27.388956000253728,0.9839894110941582
4.0,0.07427099528745479,5,0,0.01677656443299813,0.47333333333333333,1.0367458453707876,0.4624668107015836,27.388956000253728,0.9839894110941582
4.1,0.07427099528745479,5,0,0.01677656443299813,0.47333333333333333,1.0367458453707876,0.4624668107015836,27.388956000253728,0.9839894110941582
4.2,0.07427099528745479,5,0,0.01677656443299813,0.47333333333333333,1.0367458453707876,0.4624668107015836,27.388956000253728,0.9839894110941582
4.3,0.07427099528745479,5,0,0.01677656443299813,0.47333333333333333,1.0367458453707876,0.4624668107015836,27.388956000253728,0.9839894110941582
4.3999999999999995,0.07427099528745479,5,0,0.01677656443299813,0.47333333333333333,1.0367458453707876,0.4624668107015836,27.388956000253728,0.9839894110941582
4.5,0.07427099528745479,5,0,0.01677656443299813,0.47333333333333333,1.0367458453707876,0.4624668107015836,27.388956000253728,0.9839894110941582
4.6,0.07427099528745479,5,0,0.01677656443299813,0.47333333333333333,1.0367458453707876,0.4624668107015836,27.388956000253728,0.9839894110941582
4.7,0.07427099528745479,5,0,0.01677656443299813,0.47333333333333333,1.0367458453707876,0.4624668107015836,27.388956000253728,0.9839894110941582
4.8,0.07427099528745479,5,0,0.01677656443299813,0.47333333333333333,1.0367458453707876,0.4624668107015836,27.388956000253728,0.9839894110941582
4.9,0.07427099528745479,5,0,0.01677656443299813,0.47333333333333333,1.0367458453707876,0.4624668107015836,27.388956000253728,0.9839894110941582
5.0,0.07427099528745479,5,0,0.01677656443299813,0.47333333333333333,1.0367458453707876,0.4624668107015836,27.388956000253728,0.9839894110941582
0.1,0.5246897646431148,5,41,-0.05066009997465637,0.48,0.904533806146202,0.46587065790062887,101.67567929591495,0.995994143463127
0.2,0.5220549528212173,5,38,-0.05066009997465637,0.48,0.904533806146202,0.46587065790062887,101.67794344749781,0.9959945761222568
0.30000000000000004,0.5150318827213605,5,30,-0.05066009997465637,0.48,0.904533806146202,0.46587065790062887,101.68751740723458,0.9959963959067
0.4,0.5246897646431148,5,27,-0.05066009997465637,0.48,0.904533806146202,0.46587065790062887,101.67567929591495,0.995994143463127
0.5,0.518417734256639,5,23,-0.05066009997465637,0.48,0.904533806146202,0.46587065790062887,101.68668787725319,0.9959962387982869
0.6,0.518417734256639,5,17,-0.05066009997465637,0.48,0.904533806146202,0.46587065790062887,101.68668787725319,0.9959962387982869
0.7000000000000001,0.518417734256639,5,16,-0.05066009997465637,0.48,0.904533806146202,0.46587065790062887,101.68668787725319,0.9959962387982869
0.8,0.518417734256639,5,10,-0.05066009997465637,0.48,0.904533806146202,0.46587065790062887,101.68668787725319,0.9959962387982869
0.9,0.518417734256639,5,8,-0.05066009997465637,0.48,0.904533806146202,0.46587065790062887,101.68668787725319,0.9959962387982869
1.0,0.5022320316251093,5,4,-0.05066009997465637,0.48,0.904533806146202,0.46587065790062887,101.80157549543014,0.9960174522590051
1.1,0.5022320316251093,5,2,-0.05066009997465637,0.48,0.904533806146202,0.46587065790062887,101.80157549543014,0.9960174522590051
1.2000000000000002,0.5034087069390678,5,2,-0.05066009997465637,0.48,0.904533806146202,0.46587065790062887,101.8001477281737,0.9960171928994372
1.3000000000000003,0.5034087069390678,5,2,-0.05066009997465637,0.48,0.904533806146202,0.46587065790062887,101.8001477281737,0.9960171928994372
1.4000000000000001,0.5030639040212466,5,1,-0.05066009997465637,0.48,0.904533806146202,0.46587065790062887,101.79872601021647,0.9960169345649666
1.5000000000000002,0.5030639040212466,5,1,-0.05066009997465637,0.48,0.904533806146202,0.46587065790062887,101.79872601021647,0.9960169345649666
1.6,0.5030639040212466,5,1,-0.05066009997465637,0.48,0.904533806146202,0.46587065790062887,101.79872601021647,0.9960169345649666
1.7000000000000002,0.5030639040212466,5,1,-0.05066009997465637,0.48,0.904533806146202,0.46587065790062887,101.79872601021647,0.9960169345649666
1.8000000000000003,0.5030639040212466,5,1,-0.05066009997465637,0.48,0.904533806146202,0.46587065790062887,101.79872601021647,0.9960169345649666
1.9000000000000001,0.008864562556640532,5,0,-0.05066009997465637,0.48,0.904533806146202,0.46587065790062887,95.0968056002298,0.9946341083982123
2.0,0.008864562556640532,5,0,-0.05066009997465637,0.48,0.904533806146202,0.46587065790062887,95.0968056002298,0.9946341083982123
2.1,0.008864562556640532,5,0,-0.05066009997465637,0.48,0.904533806146202,0.46587065790062887,95.0968056002298,0.9946341083982123
2.2,0.008864562556640532,5,0,-0.05066009997465637,0.48,0.904533806146202,0.46587065790062887,95.0968056002298,0.9946341083982123
2.3000000000000003,0.008864562556640532,5,0,-0.05066009997465637,0.48,0.904533806146202,0.46587065790062887,95.0968056002298,0.9946341083982123
2.4000000000000004,0.008864562556640532,5,0,-0.05066009997465637,0.48,0.904533806146202,0.46587065790062887,95.0968056002298,0.9946341083982123
2.5000000000000004,0.008864562556640532,5,0,-0.05066009997465637,0.48,0.904533806146202,0.46587065790062887,95.0968056002298,0.9946341083982123
2.6,0.008864562556640532,5,0,-0.05066009997465637,0.48,0.904533806146202,0.46587065790062887,95.0968056002298,0.9946341083982123
2.7,0.008864562556640532,5,0,-0.05066009997465637,0.48,0.904533806146202,0.46587065790062887,95.0968056002298,0.9946341083982123
2.8000000000000003,0.008864562556640532,5,0,-0.05066009997465637,0.48,0.904533806146202,0.46587065790062887,95.0968056002298,0.9946341083982123
2.9000000000000004,0.008864562556640532,5,0,-0.05066009997465637,0.48,0.904533806146202,0.46587065790062887,95.0968056002298,0.9946341083982123
3.0000000000000004,0.008864562556640532,5,0,-0.05066009997465637,0.48,0.904533806146202,0.46587065790062887,95.0968056002298,0.9946341083982123
3.1,0.008864562556640532,5,0,-0.05066009997465637,0.48,0.904533806146202,0.46587065790062887,95.0968056002298,0.9946341083982123
3.2,0.008864562556640532,5,0,-0.05066009997465637,0.48,0.904533806146202,0.46587065790062887,95.0968056002298,0.9946341083982123
3.3000000000000003,0.008864562556640532,5,0,-0.05066009997465637,0.48,0.904533806146202,0.46587065790062887,95.0968056002298,0.9946341083982123
3.4000000000000004,0.008864562556640532,5,0,-0.05066009997465637,0.48,0.904533806146202,0.46587065790062887,95.0968056002298,0.9946341083982123
3.5000000000000004,0.008864562556640532,5,0,-0.05066009997465637,0.48,0.904533806146202,0.46587065790062887,95.0968056002298,0.9946341083982123
3.6,0.008864562556640532,5,0,-0.05066009997465637,0.48,0.904533806146202,0.46587065790062887,95.0968056002298,0.9946341083982123
3.7,0.008864562556640532,5,0,-0.05066009997465637,0.48,0.904533806146202,0.46587065790062887,95.0968056002298,0.9946341083982123
3.8000000000000003,0.008864562556640532,5,0,-0.05066009997465637,0.48,0.904533806146202,0.46587065790062887,95.0968056002298,0.9946341083982123
3.9000000000000004,0.008864562556640532,5,0,-0.05066009997465637,0.48,0.904533806146202,0.46587065790062887,95.0968056002298,0.9946341083982123
4.0,0.008864562556640532,5,0,-0.05066009997465637,0.48,0.904533806146202,0.46587065790062887,95.0968056002298,0.9946341083982123
4.1,0.008864562556640532,5,0,-0.05066009997465637,0.48,0.904533806146202,0.46587065790062887,95.0968056002298,0.9946341083982123
4.2,0.008864562556640532,5,0,-0.05066009997465637,0.48,0.904533806146202,0.46587065790062887,95.0968056002298,0.9946341083982123
4.3,0.008864562556640532,5,0,-0.05066009997465637,0.48,0.904533806146202,0.46587065790062887,95.0968056002298,0.9946341083982123
4.3999999999999995,0.008864562556640532,5,0,-0.05066009997465637,0.48,0.904533806146202,0.46587065790062887,95.0968056002298,0.9946341083982123
4.5,0.008864562556640532,5,0,-0.05066009997465637,0.48,0.904533806146202,0.46587065790062887,95.0968056002298,0.9946341083982123
4.6,0.008864562556640532,5,0,-0.05066009997465637,0.48,0.904533806146202,0.46587065790062887,95.0968056002298,0.9946341083982123
4.7,0.008864562556640532,5,0,-0.05066009997465637,0.48,0.904533806146202,0.46587065790062887,95.0968056002298,0.9946341083982123
4.8,0.008864562556640532,5,0,-0.05066009997465637,0.48,0.904533806146202,0.46587065790062887,95.0968056002298,0.9946341083982123
4.9,0.008864562556640532,5,0,-0.05066009997465637,0.48,0.904533806146202,0.46587065790062887,95.0968056002298,0.9946341083982123
5.0,0.008864562556640532,5,0,-0.05066009997465637,0.48,0.904533806146202,0.46587065790062887,95.0968056002298,0.9946341083982123
0.1,0.0274250651267397,4,43,-1.6123073389273657e-05,0.47333333333333333,0.9999659383291329,0.41855099480339397,9.986219612901753,0.9414208515453419
0.2,0.014067595946120393,4,42,-0.008384932095081399,0.5266666666666666,0.984328741163495,0.5152046336443533,12.415814472098205,0.9532800410489832
0.30000000000000004,0.014814637355169635,4,31,-0.028166326266176767,0.52,0.9486171898627354,0.5559062496581088,12.470878274728491,0.9535220602952182
0.4,0.0274250651267397,4,27,-1.6123073389273657e-05,0.47333333333333333,0.9999659383291329,0.41855099480339397,9.986219612901753,0.9414208515453419
0.5,0.5027527113062172,5,20,-0.06074801988113476,0.54,0.898879367270899,0.6091976015114683,13.508311833215386,0.958693649345263
0.6,0.5027527113062172,5,16,-0.06074801988113476,0.54,0.898879367270899,0.6091976015114683,13.508311833215386,0.958693649345263
0.7000000000000001,0.5027527113062172,5,14,-0.06074801988113476,0.54,0.898879367270899,0.6091976015114683,13.508311833215386,0.958693649345263
0.8,0.5043058063272887,5,10,-0.06074801988113476,0.54,0.898879367270899,0.6091976015114683,13.477618949397174,0.9585453879096539
0.9,0.5043058063272887,5,5,-0.06074801988113476,0.54,0.898879367270899,0.6091976015114683,13.477618949397174,0.9585453879096539
1.0,0.5056589242385456,5,5,-0.06074801988113476,0.54,0.898879367270899,0.6091976015114683,13.47582726644973,0.958536689137545
1.1,0.5056589242385456,5,5,-0.06074801988113476,0.54,0.898879367270899,0.6091976015114683,13.47582726644973,0.958536689137545
1.2000000000000002,0.4930179624928711,5,2,-0.05912775226038036,0.56,0.9044983009653335,0.6035504707827994,14.126411904140273,0.9614892681815935
1.3000000000000003,0.4930179624928711,5,2,-0.05912775226038036,0.56,0.9044983009653335,0.6035504707827994,14.126411904140273,0.9614892681815935
1.4000000000000001,0.49303547449294893,5,2,-0.05912775226038036,0.56,0.9044983009653335,0.6035504707827994,14.120661176630184,0.9614641593894688
1.5000000000000002,0.49303547449294893,5,2,-0.05912775226038036,0.56,0.9044983009653335,0.6035504707827994,14.120661176630184,0.9614641593894688
1.6,0.0274250651267397,4,0,-1.6123073389273657e-05,0.47333333333333333,0.9999659383291329,0.41855099480339397,9.986219612901753,0.9414208515453419
1.7000000000000002,0.0274250651267397,4,0,-1.6123073389273657e-05,0.47333333333333333,0.9999659383291329,0.41855099480339397,9.986219612901753,0.9414208515453419
1.8000000000000003,0.0274250651267397,4,0,-1.6123073389273657e-05,0.47333333333333333,0.9999659383291329,0.41855099480339397,9.986219612901753,0.9414208515453419
1.9000000000000001,0.0274250651267397,4,0,-1.6123073389273657e-05,0.47333333333333333,0.9999659383291329,0.41855099480339397,9.986219612901753,0.9414208515453419
2.0,0.0274250651267397,4,0,-1.6123073389273657e-05,0.47333333333333333,0.9999659383291329,0.41855099480339397,9.986219612901753,0.9414208515453419
2.1,0.0274250651267397,4,0,-1.6123073389273657e-05,0.47333333333333333,0.9999659383291329,0.41855099480339397,9.986219612901753,0.9414208515453419
2.2,0.0274250651267397,4,0,-1.6123073389273657e-05,0.47333333333333333,0.9999659383291329,0.41855099480339397,9.986219612901753,0.9414208515453419
2.3000000000000003,0.0274250651267397,4,0,-1.6123073389273657e-05,0.47333333333333333,0.9999659383291329,0.41855099480339397,9.986219612901753,0.9414208515453419
2.4000000000000004,0.0274250651267397,4,0,-1.6123073389273657e-05,0.47333333333333333,0.9999659383291329,0.41855099480339397,9.986219612901753,0.9414208515453419
2.5000000000000004,0.0274250651267397,4,0,-1.6123073389273657e-05,0.47333333333333333,0.9999659383291329,0.41855099480339397,9.986219612901753,0.9414208515453419
2.6,0.0274250651267397,4,0,-1.6123073389273657e-05,0.47333333333333333,0.9999659383291329,0.41855099480339397,9.986219612901753,0.9414208515453419
2.7,0.0274250651267397,4,0,-1.6123073389273657e-05,0.47333333333333333,0.9999659383291329,0.41855099480339397,9.986219612901753,0.9414208515453419
2.8000000000000003,0.0274250651267397,4,0,-1.6123073389273657e-05,0.47333333333333333,0.9999659383291329,0.41855099480339397,9.986219612901753,0.9414208515453419
2.9000000000000004,0.0274250651267397,4,0,-1.6123073389273657e-05,0.47333333333333333,0.9999659383291329,0.41855099480339397,9.986219612901753,0.9414208515453419
3.0000000000000004,0.0274250651267397,4,0,-1.6123073389273657e-05,0.47333333333333333,0.9999659383291329,0.41855099480339397,9.986219612901753,0.9414208515453419
3.1,0.0274250651267397,4,0,-1.6123073389273657e-05,0.47333333333333333,0.9999659383291329,0.41855099480339397,9.986219612901753,0.9414208515453419
3.2,0.0274250651267397,4,0,-1.6123073389273657e-05,0.47333333333333333,0.9999659383291329,0.41855099480339397,9.986219612901753,0.9414208515453419
3.3000000000000003,0.0274250651267397,4,0,-1.6123073389273657e-05,0.47333333333333333,0.9999659383291329,0.41855099480339397,9.986219612901753,0.9414208515453419
3.4000000000000004,0.0274250651267397,4,0,-1.6123073389273657e-05,0.47333333333333333,0.9999659383291329,0.41855099480339397,9.986219612901753,0.9414208515453419
3.5000000000000004,0.0274250651267397,4,0,-1.6123073389273657e-05,0.47333333333333333,0.9999659383291329,0.41855099480339397,9.986219612901753,0.9414208515453419
3.6,0.0274250651267397,4,0,-1.6123073389273657e-05,0.47333333333333333,0.9999659383291329,0.41855099480339397,9.986219612901753,0.9414208515453419
3.7,0.0274250651267397,4,0,-1.6123073389273657e-05,0.47333333333333333,0.9999659383291329,0.41855099480339397,9.986219612901753,0.9414208515453419
3.8000000000000003,0.0274250651267397,4,0,-1.6123073389273657e-05,0.47333333333333333,0.9999659383291329,0.41855099480339397,9.986219612901753,0.9414208515453419
3.9000000000000004,0.0274250651267397,4,0,-1.6123073389273657e-05,0.47333333333333333,0.9999659383291329,0.41855099480339397,9.986219612901753,0.9414208515453419
4.0,0.0274250651267397,4,0,-1.6123073389273657e-05,0.47333333333333333,0.9999659383291329,0.41855099480339397,9.986219612901753,0.9414208515453419
4.1,0.0274250651267397,4,0,-1.6123073389273657e-05,0.47333333333333333,0.9999659383291329,0.41855099480339397,9.986219612901753,0.9414208515453419
4.2,0.0274250651267397,4,0,-1.6123073389273657e-05,0.47333333333333333,0.9999659383291329,0.41855099480339397,9.986219612901753,0.9414208515453419
4.3,0.0274250651267397,4,0,-1.6123073389273657e-05,0.47333333333333333,0.9999659383291329,0.41855099480339397,9.986219612901753,0.9414208515453419
4.3999999999999995,0.0274250651267397,4,0,-1.6123073389273657e-05,0.47333333333333333,0.9999659383291329,0.41855099480339397,9.986219612901753,0.9414208515453419
4.5,0.0274250651267397,4,0,-1.6123073389273657e-05,0.47333333333333333,0.9999659383291329,0.41855099480339397,9.986219612901753,0.9414208515453419
4.6,0.0274250651267397,4,0,-1.6123073389273657e-05,0.47333333333333333,0.9999659383291329,0.41855099480339397,9.986219612901753,0.9414208515453419
4.7,0.0274250651267397,4,0,-1.6123073389273657e-05,0.47333333333333333,0.9999659383291329,0.41855099480339397,9.986219612901753,0.9414208515453419
4.8,0.0274250651267397,4,0,-1.6123073389273657e-05,0.47333333333333333,0.9999659383291329,0.41855099480339397,9.986219612901753,0.9414208515453419
4.9,0.0274250651267397,4,0,-1.6123073389273657e-05,0.47333333333333333,0.9999659383291329,0.41855099480339397,9.986219612901753,0.9414208515453419
5.0,0.0274250651267397,4,0,-1.6123073389273657e-05,0.47333333333333333,0.9999659383291329,0.41855099480339397,9.986219612901753,0.9414208515453419
1.4000000000000001,0.0026053551775324646,4,0,0.00992267252147172,0.47333333333333333,1.0214122663990681,0.5584613803185078,15.774417458670765,0.9804963746275497
1.5000000000000002,0.0026053551775324646,4,0,0.00992267252147172,0.47333333333333333,1.0214122663990681,0.5584613803185078,15.774417458670765,0.9804963746275497
1.6,0.0026053551775324646,4,0,0.00992267252147172,0.47333333333333333,1.0214122663990681,0.5584613803185078,15.774417458670765,0.9804963746275497
1.7000000000000002,0.0026053551775324646,4,0,0.00992267252147172,0.47333333333333333,1.0214122663990681,0.5584613803185078,15.774417458670765,0.9804963746275497
1.8000000000000003,0.0026053551775324646,4,0,0.00992267252147172,0.47333333333333333,1.0214122663990681,0.5584613803185078,15.774417458670765,0.9804963746275497
1.9000000000000001,0.0026053551775324646,4,0,0.00992267252147172,0.47333333333333333,1.0214122663990681,0.5584613803185078,15.774417458670765,0.9804963746275497
2.0,0.0026053551775324646,4,0,0.00992267252147172,0.47333333333333333,1.0214122663990681,0.5584613803185078,15.774417458670765,0.9804963746275497
2.1,0.0026053551775324646,4,0,0.00992267252147172,0.47333333333333333,1.0214122663990681,0.5584613803185078,15.774417458670765,0.9804963746275497
2.2,0.0026053551775324646,4,0,0.00992267252147172,0.47333333333333333,1.0214122663990681,0.5584613803185078,15.774417458670765,0.9804963746275497
2.3000000000000003,0.0026053551775324646,4,0,0.00992267252147172,0.47333333333333333,1.0214122663990681,0.5584613803185078,15.774417458670765,0.9804963746275497
2.4000000000000004,0.0026053551775324646,4,0,0.00992267252147172,0.47333333333333333,1.0214122663990681,0.5584613803185078,15.774417458670765,0.9804963746275497
2.5000000000000004,0.0026053551775324646,4,0,0.00992267252147172,0.47333333333333333,1.0214122663990681,0.5584613803185078,15.774417458670765,0.9804963746275497
2.6,0.0026053551775324646,4,0,0.00992267252147172,0.47333333333333333,1.0214122663990681,0.5584613803185078,15.774417458670765,0.9804963746275497
2.7,0.0026053551775324646,4,0,0.00992267252147172,0.47333333333333333,1.0214122663990681,0.5584613803185078,15.774417458670765,0.9804963746275497
2.8000000000000003,0.0026053551775324646,4,0,0.00992267252147172,0.47333333333333333,1.0214122663990681,0.5584613803185078,15.774417458670765,0.9804963746275497
2.9000000000000004,0.0026053551775324646,4,0,0.00992267252147172,0.47333333333333333,1.0214122663990681,0.5584613803185078,15.774417458670765,0.9804963746275497
3.0000000000000004,0.0026053551775324646,4,0,0.00992267252147172,0.47333333333333333,1.0214122663990681,0.5584613803185078,15.774417458670765,0.9804963746275497
3.1,0.0026053551775324646,4,0,0.00992267252147172,0.47333333333333333,1.0214122663990681,0.5584613803185078,15.774417458670765,0.9804963746275497
3.2,0.0026053551775324646,4,0,0.00992267252147172,0.47333333333333333,1.0214122663990681,0.5584613803185078,15.774417458670765,0.9804963746275497
3.3000000000000003,0.0026053551775324646,4,0,0.00992267252147172,0.47333333333333333,1.0214122663990681,0.5584613803185078,15.774417458670765,0.9804963746275497
3.4000000000000004,0.0026053551775324646,4,0,0.00992267252147172,0.47333333333333333,1.0214122663990681,0.5584613803185078,15.774417458670765,0.9804963746275497
3.5000000000000004,0.0026053551775324646,4,0,0.00992267252147172,0.47333333333333333,1.0214122663990681,0.5584613803185078,15.774417458670765,0.9804963746275497
3.6,0.0026053551775324646,4,0,0.00992267252147172,0.47333333333333333,1.0214122663990681,0.5584613803185078,15.774417458670765,0.9804963746275497
3.7,0.0026053551775324646,4,0,0.00992267252147172,0.47333333333333333,1.0214122663990681,0.5584613803185078,15.774417458670765,0.9804963746275497
3.8000000000000003,0.0026053551775324646,4,0,0.00992267252147172,0.47333333333333333,1.0214122663990681,0.5584613803185078,15.774417458670765,0.9804963746275497
3.9000000000000004,0.0026053551775324646,4,0,0.00992267252147172,0.47333333333333333,1.0214122663990681,0.5584613803185078,15.774417458670765,0.9804963746275497
4.0,0.0026053551775324646,4,0,0.00992267252147172,0.47333333333333333,1.0214122663990681,0.5584613803185078,15.774417458670765,0.9804963746275497
4.1,0.0026053551775324646,4,0,0.00992267252147172,0.47333333333333333,1.0214122663990681,0.5584613803185078,15.774417458670765,0.9804963746275497
4.2,0.0026053551775324646,4,0,0.00992267252147172,0.47333333333333333,1.0214122663990681,0.5584613803185078,15.774417458670765,0.9804963746275497
4.3,0.0026053551775324646,4,0,0.00992267252147172,0.47333333333333333,1.0214122663990681,0.5584613803185078,15.774417458670765,0.9804963746275497
4.3999999999999995,0.0026053551775324646,4,0,0.00992267252147172,0.47333333333333333,1.0214122663990681,0.5584613803185078,15.774417458670765,0.9804963746275497
4.5,0.0026053551775324646,4,0,0.00992267252147172,0.47333333333333333,1.0214122663990681,0.5584613803185078,15.774417458670765,0.9804963746275497
4.6,0.0026053551775324646,4,0,0.00992267252147172,0.47333333333333333,1.0214122663990681,0.5584613803185078,15.774417458670765,0.9804963746275497
4.7,0.0026053551775324646,4,0,0.00992267252147172,0.47333333333333333,1.0214122663990681,0.5584613803185078,15.774417458670765,0.9804963746275497
4.8,0.0026053551775324646,4,0,0.00992267252147172,0.47333333333333333,1.0214122663990681,0.5584613803185078,15.774417458670765,0.9804963746275497
4.9,0.0026053551775324646,4,0,0.00992267252147172,0.47333333333333333,1.0214122663990681,0.5584613803185078,15.774417458670765,0.9804963746275497
5.0,0.0026053551775324646,4,0,0.00992267252147172,0.47333333333333333,1.0214122663990681,0.5584613803185078,15.774417458670765,0.9804963746275497
0.30000000000000004,0.09477068536406308,5,38,-0.008234378093087302,0.4866666666666667,0.9833615665590588,0.5526003522187078,28.46022277622431,0.991464840159866
1.4000000000000001,0.09477068536406308,5,0,-0.008234378093087302,0.4866666666666667,0.9833615665590588,0.5526003522187078,28.46022277622431,0.991464840159866
1.5000000000000002,0.09477068536406308,5,0,-0.008234378093087302,0.4866666666666667,0.9833615665590588,0.5526003522187078,28.46022277622431,0.991464840159866
1.6,0.09477068536406308,5,0,-0.008234378093087302,0.4866666666666667,0.9833615665590588,0.5526003522187078,28.46022277622431,0.991464840159866
1.7000000000000002,0.09477068536406308,5,0,-0.008234378093087302,0.4866666666666667,0.9833615665590588,0.5526003522187078,28.46022277622431,0.991464840159866
1.8000000000000003,0.09477068536406308,5,0,-0.008234378093087302,0.4866666666666667,0.9833615665590588,0.5526003522187078,28.46022277622431,0.991464840159866
1.9000000000000001,0.09477068536406308,5,0,-0.008234378093087302,0.4866666666666667,0.9833615665590588,0.5526003522187078,28.46022277622431,0.991464840159866
2.0,0.09477068536406308,5,0,-0.008234378093087302,0.4866666666666667,0.9833615665590588,0.5526003522187078,28.46022277622431,0.991464840159866
2.1,0.09477068536406308,5,0,-0.008234378093087302,0.4866666666666667,0.9833615665590588,0.5526003522187078,28.46022277622431,0.991464840159866
2.2,0.09477068536406308,5,0,-0.008234378093087302,0.4866666666666667,0.9833615665590588,0.5526003522187078,28.46022277622431,0.991464840159866
2.3000000000000003,0.09477068536406308,5,0,-0.008234378093087302,0.4866666666666667,0.9833615665590588,0.5526003522187078,28.46022277622431,0.991464840159866
2.4000000000000004,0.09477068536406308,5,0,-0.008234378093087302,0.4866666666666667,0.9833615665590588,0.5526003522187078,28.46022277622431,0.991464840159866
2.5000000000000004,0.09477068536406308,5,0,-0.008234378093087302,0.4866666666666667,0.9833615665590588,0.5526003522187078,28.46022277622431,0.991464840159866
2.6,0.09477068536406308,5,0,-0.008234378093087302,0.4866666666666667,0.9833615665590588,0.5526003522187078,28.46022277622431,0.991464840159866
2.7,0.09477068536406308,5,0,-0.008234378093087302,0.4866666666666667,0.9833615665590588,0.5526003522187078,28.46022277622431,0.991464840159866
2.8000000000000003,0.09477068536406308,5,0,-0.008234378093087302,0.4866666666666667,0.9833615665590588,0.5526003522187078,28.46022277622431,0.991464840159866
2.9000000000000004,0.09477068536406308,5,0,-0.008234378093087302,0.4866666666666667,0.9833615665590588,0.5526003522187078,28.46022277622431,0.991464840159866
3.0000000000000004,0.09477068536406308,5,0,-0.008234378093087302,0.4866666666666667,0.9833615665590588,0.5526003522187078,28.46022277622431,0.991464840159866
3.1,0.09477068536406308,5,0,-0.008234378093087302,0.4866666666666667,0.9833615665590588,0.5526003522187078,28.46022277622431,0.991464840159866
3.2,0.09477068536406308,5,0,-0.008234378093087302,0.4866666666666667,0.9833615665590588,0.5526003522187078,28.46022277622431,0.991464840159866
3.3000000000000003,0.09477068536406308,5,0,-0.008234378093087302,0.4866666666666667,0.9833615665590588,0.5526003522187078,28.46022277622431,0.991464840159866
3.4000000000000004,0.09477068536406308,5,0,-0.008234378093087302,0.4866666666666667,0.9833615665590588,0.5526003522187078,28.46022277622431,0.991464840159866
3.5000000000000004,0.09477068536406308,5,0,-0.008234378093087302,0.4866666666666667,0.9833615665590588,0.5526003522187078,28.46022277622431,0.991464840159866
3.6,0.09477068536406308,5,0,-0.008234378093087302,0.4866666666666667,0.9833615665590588,0.5526003522187078,28.46022277622431,0.991464840159866
3.7,0.09477068536406308,5,0,-0.008234378093087302,0.4866666666666667,0.9833615665590588,0.5526003522187078,28.46022277622431,0.991464840159866
3.8000000000000003,0.09477068536406308,5,0,-0.008234378093087302,0.4866666666666667,0.9833615665590588,0.5526003522187078,28.46022277622431,0.991464840159866
3.9000000000000004,0.09477068536406308,5,0,-0.008234378093087302,0.4866666666666667,0.9833615665590588,0.5526003522187078,28.46022277622431,0.991464840159866
4.0,0.09477068536406308,5,0,-0.008234378093087302,0.4866666666666667,0.9833615665590588,0.5526003522187078,28.46022277622431,0.991464840159866
4.1,0.09477068536406308,5,0,-0.008234378093087302,0.4866666666666667,0.9833615665590588,0.5526003522187078,28.46022277622431,0.991464840159866
4.2,0.09477068536406308,5,0,-0.008234378093087302,0.4866666666666667,0.9833615665590588,0.5526003522187078,28.46022277622431,0.991464840159866
4.3,0.09477068536406308,5,0,-0.008234378093087302,0.4866666666666667,0.9833615665590588,0.5526003522187078,28.46022277622431,0.991464840159866
4.3999999999999995,0.09477068536406308,5,0,-0.008234378093087302,0.4866666666666667,0.9833615665590588,0.5526003522187078,28.46022277622431,0.991464840159866
4.5,0.09477068536406308,5,0,-0.008234378093087302,0.4866666666666667,0.9833615665590588,0.5526003522187078,28.46022277622431,0.991464840159866
4.6,0.09477068536406308,5,0,-0.008234378093087302,0.4866666666666667,0.9833615665590588,0.5526003522187078,28.46022277622431,0.991464840159866
4.7,0.09477068536406308,5,0,-0.008234378093087302,0.4866666666666667,0.9833615665590588,0.5526003522187078,28.46022277622431,0.991464840159866
4.8,0.09477068536406308,5,0,-0.008234378093087302,0.4866666666666667,0.9833615665590588,0.5526003522187078,28.46022277622431,0.991464840159866
4.9,0.09477068536406308,5,0,-0.008234378093087302,0.4866666666666667,0.9833615665590588,0.5526003522187078,28.46022277622431,0.991464840159866
5.0,0.09477068536406308,5,0,-0.008234378093087302,0.4866666666666667,0.9833615665590588,0.5526003522187078,28.46022277622431,0.991464840159866
0.1,0.5007140770692822,5,42,0.1363885404557929,0.52,1.3555382329241277,0.4796962621969526,13.63667170290778,0.9772058681535475
0.2,0.5007140770692822,5,35,0.1363885404557929,0.52,1.3555382329241277,0.4796962621969526,13.63667170290778,0.9772058681535475
0.30000000000000004,0.5007140770692822,5,27,0.1363885404557929,0.52,1.3555382329241277,0.4796962621969526,13.63667170290778,0.9772058681535475
0.4,0.5017889911261167,5,23,0.1363885404557929,0.52,1.3555382329241277,0.4796962621969526,13.636783173229784,0.9772049482972334
0.5,0.094963911964066,5,14,0.1363885404557929,0.52,1.3555382329241277,0.4796962621969526,17.561766674304693,0.9812647541094186
0.6,0.094963911964066,5,12,0.1363885404557929,0.52,1.3555382329241277,0.4796962621969526,17.561766674304693,0.9812647541094186
0.7000000000000001,0.5049357125823737,5,7,0.1363885404557929,0.52,1.3555382329241277,0.4796962621969526,13.63637813465337,0.9772080508423311
0.8,0.5088195426896047,5,6,0.1363885404557929,0.52,1.3555382329241277,0.4796962621969526,13.636509701096191,0.9772071090714843
0.9,0.5088195426896047,5,6,0.1363885404557929,0.52,1.3555382329241277,0.4796962621969526,13.636509701096191,0.9772071090714843
1.0,0.5088195426896047,5,6,0.1363885404557929,0.52,1.3555382329241277,0.4796962621969526,13.636509701096191,0.9772071090714843
1.1,0.4746842272840236,5,2,0.1363885404557929,0.52,1.3555382329241277,0.4796962621969526,13.554484178114345,0.9778137997495888
1.2000000000000002,0.094963911964066,5,0,0.1363885404557929,0.52,1.3555382329241277,0.4796962621969526,17.561766674304693,0.9812647541094186
1.3000000000000003,0.094963911964066,5,0,0.1363885404557929,0.52,1.3555382329241277,0.4796962621969526,17.561766674304693,0.9812647541094186
1.4000000000000001,0.094963911964066,5,0,0.1363885404557929,0.52,1.3555382329241277,0.4796962621969526,17.561766674304693,0.9812647541094186
1.5000000000000002,0.094963911964066,5,0,0.1363885404557929,0.52,1.3555382329241277,0.4796962621969526,17.561766674304693,0.9812647541094186
1.6,0.094963911964066,5,0,0.1363885404557929,0.52,1.3555382329241277,0.4796962621969526,17.561766674304693,0.9812647541094186
1.7000000000000002,0.094963911964066,5,0,0.1363885404557929,0.52,1.3555382329241277,0.4796962621969526,17.561766674304693,0.9812647541094186
1.8000000000000003,0.094963911964066,5,0,0.1363885404557929,0.52,1.3555382329241277,0.4796962621969526,17.561766674304693,0.9812647541094186
1.9000000000000001,0.094963911964066,5,0,0.1363885404557929,0.52,1.3555382329241277,0.4796962621969526,17.561766674304693,0.9812647541094186
2.0,0.094963911964066,5,0,0.1363885404557929,0.52,1.3555382329241277,0.4796962621969526,17.561766674304693,0.9812647541094186
2.1,0.094963911964066,5,0,0.1363885404557929,0.52,1.3555382329241277,0.4796962621969526,17.561766674304693,0.9812647541094186
2.2,0.094963911964066,5,0,0.1363885404557929,0.52,1.3555382329241277,0.4796962621969526,17.561766674304693,0.9812647541094186
2.3000000000000003,0.094963911964066,5,0,0.1363885404557929,0.52,1.3555382329241277,0.4796962621969526,17.561766674304693,0.9812647541094186
2.4000000000000004,0.094963911964066,5,0,0.1363885404557929,0.52,1.3555382329241277,0.4796962621969526,17.561766674304693,0.9812647541094186
2.5000000000000004,0.094963911964066,5,0,0.1363885404557929,0.52,1.3555382329241277,0.4796962621969526,17.561766674304693,0.9812647541094186
2.6,0.094963911964066,5,0,0.1363885404557929,0.52,1.3555382329241277,0.4796962621969526,17.561766674304693,0.9812647541094186
2.7,0.094963911964066,5,0,0.1363885404557929,0.52,1.3555382329241277,0.4796962621969526,17.561766674304693,0.9812647541094186
2.8000000000000003,0.094963911964066,5,0,0.1363885404557929,0.52,1.3555382329241277,0.4796962621969526,17.561766674304693,0.9812647541094186
2.9000000000000004,0.094963911964066,5,0,0.1363885404557929,0.52,1.3555382329241277,0.4796962621969526,17.561766674304693,0.9812647541094186
3.0000000000000004,0.094963911964066,5,0,0.1363885404557929,0.52,1.3555382329241277,0.4796962621969526,17.561766674304693,0.9812647541094186
3.1,0.094963911964066,5,0,0.1363885404557929,0.52,1.3555382329241277,0.4796962621969526,17.561766674304693,0.9812647541094186
3.2,0.094963911964066,5,0,0.1363885404557929,0.52,1.3555382329241277,0.4796962621969526,17.561766674304693,0.9812647541094186
3.3000000000000003,0.094963911964066,5,0,0.1363885404557929,0.52,1.3555382329241277,0.4796962621969526,17.561766674304693,0.9812647541094186
3.4000000000000004,0.094963911964066,5,0,0.1363885404557929,0.52,1.3555382329241277,0.4796962621969526,17.561766674304693,0.9812647541094186
3.5000000000000004,0.094963911964066,5,0,0.1363885404557929,0.52,1.3555382329241277,0.4796962621969526,17.561766674304693,0.9812647541094186
3.6,0.094963911964066,5,0,0.1363885404557929,0.52,1.3555382329241277,0.4796962621969526,17.561766674304693,0.9812647541094186
3.7,0.094963911964066,5,0,0.1363885404557929,0.52,1.3555382329241277,0.4796962621969526,17.561766674304693,0.9812647541094186
3.8000000000000003,0.094963911964066,5,0,0.1363885404557929,0.52,1.3555382329241277,0.4796962621969526,17.561766674304693,0.9812647541094186
3.9000000000000004,0.094963911964066,5,0,0.1363885404557929,0.52,1.3555382329241277,0.4796962621969526,17.561766674304693,0.9812647541094186
4.0,0.094963911964066,5,0,0.1363885404557929,0.52,1.3555382329241277,0.4796962621969526,17.561766674304693,0.9812647541094186
4.1,0.094963911964066,5,0,0.1363885404557929,0.52,1.3555382329241277,0.4796962621969526,17.561766674304693,0.9812647541094186
4.2,0.094963911964066,5,0,0.1363885404557929,0.52,1.3555382329241277,0.4796962621969526,17.561766674304693,0.9812647541094186
4.3,0.094963911964066,5,0,0.1363885404557929,0.52,1.3555382329241277,0.4796962621969526,17.561766674304693,0.9812647541094186
4.3999999999999995,0.094963911964066,5,0,0.1363885404557929,0.52,1.3555382329241277,0.4796962621969526,17.561766674304693,0.9812647541094186
4.5,0.094963911964066,5,0,0.1363885404557929,0.52,1.3555382329241277,0.4796962621969526,17.561766674304693,0.9812647541094186
4.6,0.094963911964066,5,0,0.1363885404557929,0.52,1.3555382329241277,0.4796962621969526,17.561766674304693,0.9812647541094186
4.7,0.094963911964066,5,0,0.1363885404557929,0.52,1.3555382329241277,0.4796962621969526,17.561766674304693,0.9812647541094186
4.8,0.094963911964066,5,0,0.1363885404557929,0.52,1.3555382329241277,0.4796962621969526,17.561766674304693,0.9812647541094186
4.9,0.094963911964066,5,0,0.1363885404557929,0.52,1.3555382329241277,0.4796962621969526,17.561766674304693,0.9812647541094186
5.0,0.094963911964066,5,0,0.1363885404557929,0.52,1.3555382329241277,0.4796962621969526,17.561766674304693,0.9812647541094186
1.4000000000000001,0.017033213083496257,4,0,-0.1099201938958157,0.47333333333333333,0.8115395985378581,0.4863303683174007,27.858572008406295,0.9803187244672379
1.5000000000000002,0.017033213083496257,4,0,-0.1099201938958157,0.47333333333333333,0.8115395985378581,0.4863303683174007,27.858572008406295,0.9803187244672379
1.6,0.017033213083496257,4,0,-0.1099201938958157,0.47333333333333333,0.8115395985378581,0.4863303683174007,27.858572008406295,0.9803187244672379
1.7000000000000002,0.017033213083496257,4,0,-0.1099201938958157,0.47333333333333333,0.8115395985378581,0.4863303683174007,27.858572008406295,0.9803187244672379
1.8000000000000003,0.017033213083496257,4,0,-0.1099201938958157,0.47333333333333333,0.8115395985378581,0.4863303683174007,27.858572008406295,0.9803187244672379
1.9000000000000001,0.017033213083496257,4,0,-0.1099201938958157,0.47333333333333333,0.8115395985378581,0.4863303683174007,27.858572008406295,0.9803187244672379
2.0,0.017033213083496257,4,0,-0.1099201938958157,0.47333333333333333,0.8115395985378581,0.4863303683174007,27.858572008406295,0.9803187244672379
2.1,0.017033213083496257,4,0,-0.1099201938958157,0.47333333333333333,0.8115395985378581,0.4863303683174007,27.858572008406295,0.9803187244672379
2.2,0.017033213083496257,4,0,-0.1099201938958157,0.47333333333333333,0.8115395985378581,0.4863303683174007,27.858572008406295,0.9803187244672379
2.3000000000000003,0.017033213083496257,4,0,-0.1099201938958157,0.47333333333333333,0.8115395985378581,0.4863303683174007,27.858572008406295,0.9803187244672379
2.4000000000000004,0.017033213083496257,4,0,-0.1099201938958157,0.47333333333333333,0.8115395985378581,0.4863303683174007,27.858572008406295,0.9803187244672379
2.5000000000000004,0.017033213083496257,4,0,-0.1099201938958157,0.47333333333333333,0.8115395985378581,0.4863303683174007,27.858572008406295,0.9803187244672379
2.6,0.017033213083496257,4,0,-0.1099201938958157,0.47333333333333333,0.8115395985378581,0.4863303683174007,27.858572008406295,0.9803187244672379
2.7,0.017033213083496257,4,0,-0.1099201938958157,0.47333333333333333,0.8115395985378581,0.4863303683174007,27.858572008406295,0.9803187244672379
2.8000000000000003,0.017033213083496257,4,0,-0.1099201938958157,0.47333333333333333,0.8115395985378581,0.4863303683174007,27.858572008406295,0.9803187244672379
2.9000000000000004,0.017033213083496257,4,0,-0.1099201938958157,0.47333333333333333,0.8115395985378581,0.4863303683174007,27.858572008406295,0.9803187244672379
3.0000000000000004,0.017033213083496257,4,0,-0.1099201938958157,0.47333333333333333,0.8115395985378581,0.4863303683174007,27.858572008406295,0.9803187244672379
3.1,0.017033213083496257,4,0,-0.1099201938958157,0.47333333333333333,0.8115395985378581,0.4863303683174007,27.858572008406295,0.9803187244672379
3.2,0.017033213083496257,4,0,-0.1099201938958157,0.47333333333333333,0.8115395985378581,0.4863303683174007,27.858572008406295,0.9803187244672379
3.3000000000000003,0.017033213083496257,4,0,-0.1099201938958157,0.47333333333333333,0.8115395985378581,0.4863303683174007,27.858572008406295,0.9803187244672379
3.4000000000000004,0.017033213083496257,4,0,-0.1099201938958157,0.47333333333333333,0.8115395985378581,0.4863303683174007,27.858572008406295,0.9803187244672379
3.5000000000000004,0.017033213083496257,4,0,-0.1099201938958157,0.47333333333333333,0.8115395985378581,0.4863303683174007,27.858572008406295,0.9803187244672379
3.6,0.017033213083496257,4,0,-0.1099201938958157,0.47333333333333333,0.8115395985378581,0.4863303683174007,27.858572008406295,0.9803187244672379
3.7,0.017033213083496257,4,0,-0.1099201938958157,0.47333333333333333,0.8115395985378581,0.4863303683174007,27.858572008406295,0.9803187244672379
3.8000000000000003,0.017033213083496257,4,0,-0.1099201938958157,0.47333333333333333,0.8115395985378581,0.4863303683174007,27.858572008406295,0.9803187244672379
3.9000000000000004,0.017033213083496257,4,0,-0.1099201938958157,0.47333333333333333,0.8115395985378581,0.4863303683174007,27.858572008406295,0.9803187244672379
4.0,0.017033213083496257,4,0,-0.1099201938958157,0.47333333333333333,0.8115395985378581,0.4863303683174007,27.858572008406295,0.9803187244672379
4.1,0.017033213083496257,4,0,-0.1099201938958157,0.47333333333333333,0.8115395985378581,0.4863303683174007,27.858572008406295,0.9803187244672379
4.2,0.017033213083496257,4,0,-0.1099201938958157,0.47333333333333333,0.8115395985378581,0.4863303683174007,27.858572008406295,0.9803187244672379
4.3,0.017033213083496257,4,0,-0.1099201938958157,0.47333333333333333,0.8115395985378581,0.4863303683174007,27.858572008406295,0.9803187244672379
4.3999999999999995,0.017033213083496257,4,0,-0.1099201938958157,0.47333333333333333,0.8115395985378581,0.4863303683174007,27.858572008406295,0.9803187244672379
4.5,0.017033213083496257,4,0,-0.1099201938958157,0.47333333333333333,0.8115395985378581,0.4863303683174007,27.858572008406295,0.9803187244672379
4.6,0.017033213083496257,4,0,-0.1099201938958157,0.47333333333333333,0.8115395985378581,0.4863303683174007,27.858572008406295,0.9803187244672379
4.7,0.017033213083496257,4,0,-0.1099201938958157,0.47333333333333333,0.8115395985378581,0.4863303683174007,27.858572008406295,0.9803187244672379
4.8,0.017033213083496257,4,0,-0.1099201938958157,0.47333333333333333,0.8115395985378581,0.4863303683174007,27.858572008406295,0.9803187244672379
4.9,0.017033213083496257,4,0,-0.1099201938958157,0.47333333333333333,0.8115395985378581,0.4863303683174007,27.858572008406295,0.9803187244672379
5.0,0.017033213083496257,4,0,-0.1099201938958157,0.47333333333333333,0.8115395985378581,0.4863303683174007,27.858572008406295,0.9803187244672379
0.1,0.507267774591559,5,45,0.1520865093963239,0.5266666666666666,1.406018595604785,0.4444455250409161,39.03369612814088,0.9861645854854626
0.2,0.01681911138295039,5,41,0.1520865093963239,0.5266666666666666,1.406018595604785,0.4444455250409161,27.459163408735133,0.9841305985436241
0.30000000000000004,0.5016421250037375,5,34,0.1520865093963239,0.5266666666666666,1.406018595604785,0.4444455250409161,39.113804844438555,0.9862231054036801
0.4,0.5016421250037375,5,26,0.1520865093963239,0.5266666666666666,1.406018595604785,0.4444455250409161,39.113804844438555,0.9862231054036801
0.5,0.5021438250836678,5,20,0.1520865093963239,0.5266666666666666,1.406018595604785,0.4444455250409161,39.07540743170499,0.9861950986225678
0.6,0.5021438250836678,5,17,0.1520865093963239,0.5266666666666666,1.406018595604785,0.4444455250409161,39.07540743170499,0.9861950986225678
0.7000000000000001,0.5056018366759527,5,13,0.1520865093963239,0.5266666666666666,1.406018595604785,0.4444455250409161,39.073633334658695,0.9861938032633505
0.8,0.5056018366759527,5,10,0.1520865093963239,0.5266666666666666,1.406018595604785,0.4444455250409161,39.073633334658695,0.9861938032633505
0.9,0.5056018366759527,5,8,0.1520865093963239,0.5266666666666666,1.406018595604785,0.4444455250409161,39.073633334658695,0.9861938032633505
1.0,0.5056018366759527,5,5,0.1520865093963239,0.5266666666666666,1.406018595604785,0.4444455250409161,39.073633334658695,0.9861938032633505
1.1,0.4992209566686047,5,2,0.1520865093963239,0.5266666666666666,1.406018595604785,0.4444455250409161,39.43808512592816,0.986459710232984
1.2000000000000002,0.01681911138295039,5,0,0.1520865093963239,0.5266666666666666,1.406018595604785,0.4444455250409161,27.459163408735133,0.9841305985436241
1.3000000000000003,0.01681911138295039,5,0,0.1520865093963239,0.5266666666666666,1.406018595604785,0.4444455250409161,27.459163408735133,0.9841305985436241
1.4000000000000001,0.01681911138295039,5,0,0.1520865093963239,0.5266666666666666,1.406018595604785,0.4444455250409161,27.459163408735133,0.9841305985436241
1.5000000000000002,0.01681911138295039,5,0,0.1520865093963239,0.5266666666666666,1.406018595604785,0.4444455250409161,27.459163408735133,0.9841305985436241
1.6,0.01681911138295039,5,0,0.1520865093963239,0.5266666666666666,1.406018595604785,0.4444455250409161,27.459163408735133,0.9841305985436241
1.7000000000000002,0.01681911138295039,5,0,0.1520865093963239,0.5266666666666666,1.406018595604785,0.4444455250409161,27.459163408735133,0.9841305985436241
1.8000000000000003,0.01681911138295039,5,0,0.1520865093963239,0.5266666666666666,1.406018595604785,0.4444455250409161,27.459163408735133,0.9841305985436241
1.9000000000000001,0.01681911138295039,5,0,0.1520865093963239,0.5266666666666666,1.406018595604785,0.4444455250409161,27.459163408735133,0.9841305985436241
2.0,0.01681911138295039,5,0,0.1520865093963239,0.5266666666666666,1.406018595604785,0.4444455250409161,27.459163408735133,0.9841305985436241
2.1,0.01681911138295039,5,0,0.1520865093963239,0.5266666666666666,1.406018595604785,0.4444455250409161,27.459163408735133,0.9841305985436241
2.2,0.01681911138295039,5,0,0.1520865093963239,0.5266666666666666,1.406018595604785,0.4444455250409161,27.459163408735133,0.9841305985436241
2.3000000000000003,0.01681911138295039,5,0,0.1520865093963239,0.5266666666666666,1.406018595604785,0.4444455250409161,27.459163408735133,0.9841305985436241
2.4000000000000004,0.01681911138295039,5,0,0.1520865093963239,0.5266666666666666,1.406018595604785,0.4444455250409161,27.459163408735133,0.9841305985436241
2.5000000000000004,0.01681911138295039,5,0,0.1520865093963239,0.5266666666666666,1.406018595604785,0.4444455250409161,27.459163408735133,0.9841305985436241
2.6,0.01681911138295039,5,0,0.1520865093963239,0.5266666666666666,1.406018595604785,0.4444455250409161,27.459163408735133,0.9841305985436241
2.7,0.01681911138295039,5,0,0.1520865093963239,0.5266666666666666,1.406018595604785,0.4444455250409161,27.459163408735133,0.9841305985436241
2.8000000000000003,0.01681911138295039,5,0,0.1520865093963239,0.5266666666666666,1.406018595604785,0.4444455250409161,27.459163408735133,0.9841305985436241
2.9000000000000004,0.01681911138295039,5,0,0.1520865093963239,0.5266666666666666,1.406018595604785,0.4444455250409161,27.459163408735133,0.9841305985436241
3.0000000000000004,0.01681911138295039,5,0,0.1520865093963239,0.5266666666666666,1.406018595604785,0.4444455250409161,27.459163408735133,0.9841305985436241
3.1,0.01681911138295039,5,0,0.1520865093963239,0.5266666666666666,1.406018595604785,0.4444455250409161,27.459163408735133,0.9841305985436241
3.2,0.01681911138295039,5,0,0.1520865093963239,0.5266666666666666,1.406018595604785,0.4444455250409161,27.459163408735133,0.9841305985436241
3.3000000000000003,0.01681911138295039,5,0,0.1520865093963239,0.5266666666666666,1.406018595604785,0.4444455250409161,27.459163408735133,0.9841305985436241
3.4000000000000004,0.01681911138295039,5,0,0.1520865093963239,0.5266666666666666,1.406018595604785,0.4444455250409161,27.459163408735133,0.9841305985436241
3.5000000000000004,0.01681911138295039,5,0,0.1520865093963239,0.5266666666666666,1.406018595604785,0.4444455250409161,27.459163408735133,0.9841305985436241
3.6,0.01681911138295039,5,0,0.1520865093963239,0.5266666666666666,1.406018595604785,0.4444455250409161,27.459163408735133,0.9841305985436241
3.7,0.01681911138295039,5,0,0.1520865093963239,0.5266666666666666,1.406018595604785,0.4444455250409161,27.459163408735133,0.9841305985436241
3.8000000000000003,0.01681911138295039,5,0,0.1520865093963239,0.5266666666666666,1.406018595604785,0.4444455250409161,27.459163408735133,0.9841305985436241
3.9000000000000004,0.01681911138295039,5,0,0.1520865093963239,0.5266666666666666,1.406018595604785,0.4444455250409161,27.459163408735133,0.9841305985436241
4.0,0.01681911138295039,5,0,0.1520865093963239,0.5266666666666666,1.406018595604785,0.4444455250409161,27.459163408735133,0.9841305985436241
4.1,0.01681911138295039,5,0,0.1520865093963239,0.5266666666666666,1.406018595604785,0.4444455250409161,27.459163408735133,0.9841305985436241
4.2,0.01681911138295039,5,0,0.1520865093963239,0.5266666666666666,1.406018595604785,0.4444455250409161,27.459163408735133,0.9841305985436241
4.3,0.01681911138295039,5,0,0.1520865093963239,0.5266666666666666,1.406018595604785,0.4444455250409161,27.459163408735133,0.9841305985436241
4.3999999999999995,0.01681911138295039,5,0,0.1520865093963239,0.5266666666666666,1.406018595604785,0.4444455250409161,27.459163408735133,0.9841305985436241
4.5,0.01681911138295039,5,0,0.1520865093963239,0.5266666666666666,1.406018595604785,0.4444455250409161,27.459163408735133,0.9841305985436241
4.6,0.01681911138295039,5,0,0.1520865093963239,0.5266666666666666,1.406018595604785,0.4444455250409161,27.459163408735133,0.9841305985436241
4.7,0.01681911138295039,5,0,0.1520865093963239,0.5266666666666666,1.406018595604785,0.4444455250409161,27.459163408735133,0.9841305985436241
4.8,0.01681911138295039,5,0,0.1520865093963239,0.5266666666666666,1.406018595604785,0.4444455250409161,27.459163408735133,0.9841305985436241
4.9,0.01681911138295039,5,0,0.1520865093963239,0.5266666666666666,1.406018595604785,0.4444455250409161,27.459163408735133,0.9841305985436241
5.0,0.01681911138295039,5,0,0.1520865093963239,0.5266666666666666,1.406018595604785,0.4444455250409161,27.459163408735133,0.9841305985436241
0.1,0.036709728894974314,4,43,0.08303026919428025,0.5266666666666666,1.1871583794011142,0.43960485311641834,41.04566220173576,0.9764618577054495
0.2,0.027762494002105953,4,38,0.08303026919428025,0.5266666666666666,1.1871583794011142,0.43960485311641834,41.02455893877666,0.9764492528923899
0.30000000000000004,0.036709728894974314,4,31,0.08303026919428025,0.5266666666666666,1.1871583794011142,0.43960485311641834,41.04566220173576,0.9764618577054495
0.4,0.038982857538759186,4,28,0.08303026919428025,0.5266666666666666,1.1871583794011142,0.43960485311641834,41.05097884263412,0.9764650391628624
0.5,0.038982857538759186,4,24,0.08303026919428025,0.5266666666666666,1.1871583794011142,0.43960485311641834,41.05097884263412,0.9764650391628624
0.6,0.038982857538759186,4,16,0.08303026919428025,0.5266666666666666,1.1871583794011142,0.43960485311641834,41.05097884263412,0.9764650391628624
0.7000000000000001,0.4831448166893548,5,11,0.08303026919428025,0.5266666666666666,1.1871583794011142,0.43960485311641834,41.0610557870161,0.9764516497176754
0.8,0.4665029383530195,5,8,0.08303026919428025,0.5266666666666666,1.1871583794011142,0.43960485311641834,40.949927931497335,0.9763882223694742
0.9,0.45239898183455857,5,6,0.08303026919428025,0.5266666666666666,1.1871583794011142,0.43960485311641834,40.88152415902891,0.976349520933784
1.0,0.45239898183455857,5,6,0.08303026919428025,0.5266666666666666,1.1871583794011142,0.43960485311641834,40.88152415902891,0.976349520933784
1.1,0.4526530974980628,5,4,0.08303026919428025,0.5266666666666666,1.1871583794011142,0.43960485311641834,40.88257292315164,0.9763501116986798
1.2000000000000002,0.4526530974980628,5,2,0.08303026919428025,0.5266666666666666,1.1871583794011142,0.43960485311641834,40.88257292315164,0.9763501116986798
1.3000000000000003,0.4526530974980628,5,2,0.08303026919428025,0.5266666666666666,1.1871583794011142,0.43960485311641834,40.88257292315164,0.9763501116986798
1.4000000000000001,0.41731851178623314,5,1,0.08303026919428025,0.5266666666666666,1.1871583794011142,0.43960485311641834,40.771286130520664,0.9762879434796711
1.5000000000000002,0.2233413592885905,5,0,0.08303026919428025,0.5266666666666666,1.1871583794011142,0.43960485311641834,44.32451726472516,0.978820328310404
1.6,0.2233413592885905,5,0,0.08303026919428025,0.5266666666666666,1.1871583794011142,0.43960485311641834,44.32451726472516,0.978820328310404
1.7000000000000002,0.2233413592885905,5,0,0.08303026919428025,0.5266666666666666,1.1871583794011142,0.43960485311641834,44.32451726472516,0.978820328310404
1.8000000000000003,0.2233413592885905,5,0,0.08303026919428025,0.5266666666666666,1.1871583794011142,0.43960485311641834,44.32451726472516,0.978820328310404
1.9000000000000001,0.2233413592885905,5,0,0.08303026919428025,0.5266666666666666,1.1871583794011142,0.43960485311641834,44.32451726472516,0.978820328310404
2.0,0.2233413592885905,5,0,0.08303026919428025,0.5266666666666666,1.1871583794011142,0.43960485311641834,44.32451726472516,0.978820328310404
2.1,0.2233413592885905,5,0,0.08303026919428025,0.5266666666666666,1.1871583794011142,0.43960485311641834,44.32451726472516,0.978820328310404
2.2,0.2233413592885905,5,0,0.08303026919428025,0.5266666666666666,1.1871583794011142,0.43960485311641834,44.32451726472516,0.978820328310404
2.3000000000000003,0.2233413592885905,5,0,0.08303026919428025,0.5266666666666666,1.1871583794011142,0.43960485311641834,44.32451726472516,0.978820328310404
2.4000000000000004,0.2233413592885905,5,0,0.08303026919428025,0.5266666666666666,1.1871583794011142,0.43960485311641834,44.32451726472516,0.978820328310404
2.5000000000000004,0.2233413592885905,5,0,0.08303026919428025,0.5266666666666666,1.1871583794011142,0.43960485311641834,44.32451726472516,0.978820328310404
2.6,0.2233413592885905,5,0,0.08303026919428025,0.5266666666666666,1.1871583794011142,0.43960485311641834,44.32451726472516,0.978820328310404
2.7,0.2233413592885905,5,0,0.08303026919428025,0.5266666666666666,1.1871583794011142,0.43960485311641834,44.32451726472516,0.978820328310404
2.8000000000000003,0.2233413592885905,5,0,0.08303026919428025,0.5266666666666666,1.1871583794011142,0.43960485311641834,44.32451726472516,0.978820328310404
2.9000000000000004,0.2233413592885905,5,0,0.08303026919428025,0.5266666666666666,1.1871583794011142,0.43960485311641834,44.32451726472516,0.978820328310404
3.0000000000000004,0.2233413592885905,5,0,0.08303026919428025,0.5266666666666666,1.1871583794011142,0.43960485311641834,44.32451726472516,0.978820328310404
3.1,0.2233413592885905,5,0,0.08303026919428025,0.5266666666666666,1.1871583794011142,0.43960485311641834,44.32451726472516,0.978820328310404
3.2,0.2233413592885905,5,0,0.08303026919428025,0.5266666666666666,1.1871583794011142,0.43960485311641834,44.32451726472516,0.978820328310404
3.3000000000000003,0.2233413592885905,5,0,0.08303026919428025,0.5266666666666666,1.1871583794011142,0.43960485311641834,44.32451726472516,0.978820328310404
3.4000000000000004,0.2233413592885905,5,0,0.08303026919428025,0.5266666666666666,1.1871583794011142,0.43960485311641834,44.32451726472516,0.978820328310404
3.5000000000000004,0.2233413592885905,5,0,0.08303026919428025,0.5266666666666666,1.1871583794011142,0.43960485311641834,44.32451726472516,0.978820328310404
3.6,0.2233413592885905,5,0,0.08303026919428025,0.5266666666666666,1.1871583794011142,0.43960485311641834,44.32451726472516,0.978820328310404
3.7,0.2233413592885905,5,0,0.08303026919428025,0.5266666666666666,1.1871583794011142,0.43960485311641834,44.32451726472516,0.978820328310404
3.8000000000000003,0.2233413592885905,5,0,0.08303026919428025,0.5266666666666666,1.1871583794011142,0.43960485311641834,44.32451726472516,0.978820328310404
3.9000000000000004,0.2233413592885905,5,0,0.08303026919428025,0.5266666666666666,1.1871583794011142,0.43960485311641834,44.32451726472516,0.978820328310404
4.0,0.2233413592885905,5,0,0.08303026919428025,0.5266666666666666,1.1871583794011142,0.43960485311641834,44.32451726472516,0.978820328310404
4.1,0.2233413592885905,5,0,0.08303026919428025,0.5266666666666666,1.1871583794011142,0.43960485311641834,44.32451726472516,0.978820328310404
4.2,0.2233413592885905,5,0,0.08303026919428025,0.5266666666666666,1.1871583794011142,0.43960485311641834,44.32451726472516,0.978820328310404
4.3,0.2233413592885905,5,0,0.08303026919428025,0.5266666666666666,1.1871583794011142,0.43960485311641834,44.32451726472516,0.978820328310404
4.3999999999999995,0.2233413592885905,5,0,0.08303026919428025,0.5266666666666666,1.1871583794011142,0.43960485311641834,44.32451726472516,0.978820328310404
4.5,0.2233413592885905,5,0,0.08303026919428025,0.5266666666666666,1.1871583794011142,0.43960485311641834,44.32451726472516,0.978820328310404
4.6,0.2233413592885905,5,0,0.08303026919428025,0.5266666666666666,1.1871583794011142,0.43960485311641834,44.32451726472516,0.978820328310404
4.7,0.2233413592885905,5,0,0.08303026919428025,0.5266666666666666,1.1871583794011142,0.43960485311641834,44.32451726472516,0.978820328310404
4.8,0.2233413592885905,5,0,0.08303026919428025,0.5266666666666666,1.1871583794011142,0.43960485311641834,44.32451726472516,0.978820328310404
4.9,0.2233413592885905,5,0,0.08303026919428025,0.5266666666666666,1.1871583794011142,0.43960485311641834,44.32451726472516,0.978820328310404
5.0,0.2233413592885905,5,0,0.08303026919428025,0.5266666666666666,1.1871583794011142,0.43960485311641834,44.32451726472516,0.978820328310404
0.1,0.5027161418465054,5,47,-0.17157824997701554,0.4666666666666667,0.7311717719910901,0.6662235549091156,170.39621212426184,0.9981512038352492
0.2,0.5003242538124573,5,40,-0.17157824997701554,0.4666666666666667,0.7311717719910901,0.6662235549091156,170.40209104329674,0.9981514556029046
0.30000000000000004,0.5072274663914489,5,33,-0.17157824997701554,0.4666666666666667,0.7311717719910901,0.6662235549091156,170.39592503192006,0.9981511914577399
0.4,0.5072274663914489,5,26,-0.17157824997701554,0.4666666666666667,0.7311717719910901,0.6662235549091156,170.39592503192006,0.9981511914577399
0.5,0.003943435711590948,5,22,-0.17157824997701554,0.4666666666666667,0.7311717719910901,0.6662235549091156,164.65152904266048,0.9979075907971238
0.6,0.5003242538124573,5,15,-0.17157824997701554,0.4666666666666667,0.7311717719910901,0.6662235549091156,170.40209104329674,0.9981514556029046
0.7000000000000001,0.003943435711590948,5,11,-0.17157824997701554,0.4666666666666667,0.7311717719910901,0.6662235549091156,164.65152904266048,0.9979075907971238
0.8,0.49967213337070604,5,8,-0.17157824997701554,0.4666666666666667,0.7311717719910901,0.6662235549091156,170.53332679004188,0.9981568492800075
0.9,0.49967213337070604,5,7,-0.17157824997701554,0.4666666666666667,0.7311717719910901,0.6662235549091156,170.53332679004188,0.9981568492800075
1.0,0.499559989413182,5,4,-0.17157824997701554,0.4666666666666667,0.7311717719910901,0.6662235549091156,170.55551994534798,0.9981577465720357
1.1,0.49967213337070604,5,2,-0.17157824997701554,0.4666666666666667,0.7311717719910901,0.6662235549091156,170.53332679004188,0.9981568492800075
1.2000000000000002,0.49967213337070604,5,2,-0.17157824997701554,0.4666666666666667,0.7311717719910901,0.6662235549091156,170.53332679004188,0.9981568492800075
1.3000000000000003,0.49967213337070604,5,2,-0.17157824997701554,0.4666666666666667,0.7311717719910901,0.6662235549091156,170.53332679004188,0.9981568492800075
1.4000000000000001,0.4996927297496731,5,1,-0.17157824997701554,0.4666666666666667,0.7311717719910901,0.6662235549091156,170.5325790077553,0.9981568190058315
1.5000000000000002,0.4996927297496731,5,1,-0.17157824997701554,0.4666666666666667,0.7311717719910901,0.6662235549091156,170.5325790077553,0.9981568190058315
1.6,0.4996927297496731,5,1,-0.17157824997701554,0.4666666666666667,0.7311717719910901,0.6662235549091156,170.5325790077553,0.9981568190058315
1.7000000000000002,0.4996927297496731,5,1,-0.17157824997701554,0.4666666666666667,0.7311717719910901,0.6662235549091156,170.5325790077553,0.9981568190058315
1.8000000000000003,0.003943435711590948,5,0,-0.17157824997701554,0.4666666666666667,0.7311717719910901,0.6662235549091156,164.65152904266048,0.9979075907971238
1.9000000000000001,0.003943435711590948,5,0,-0.17157824997701554,0.4666666666666667,0.7311717719910901,0.6662235549091156,164.65152904266048,0.9979075907971238
2.0,0.003943435711590948,5,0,-0.17157824997701554,0.4666666666666667,0.7311717719910901,0.6662235549091156,164.65152904266048,0.9979075907971238
2.1,0.003943435711590948,5,0,-0.17157824997701554,0.4666666666666667,0.7311717719910901,0.6662235549091156,164.65152904266048,0.9979075907971238
2.2,0.003943435711590948,5,0,-0.17157824997701554,0.4666666666666667,0.7311717719910901,0.6662235549091156,164.65152904266048,0.9979075907971238
2.3000000000000003,0.003943435711590948,5,0,-0.17157824997701554,0.4666666666666667,0.7311717719910901,0.6662235549091156,164.65152904266048,0.9979075907971238
2.4000000000000004,0.003943435711590948,5,0,-0.17157824997701554,0.4666666666666667,0.7311717719910901,0.6662235549091156,164.65152904266048,0.9979075907971238
2.5000000000000004,0.003943435711590948,5,0,-0.17157824997701554,0.4666666666666667,0.7311717719910901,0.6662235549091156,164.65152904266048,0.9979075907971238
2.6,0.003943435711590948,5,0,-0.17157824997701554,0.4666666666666667,0.7311717719910901,0.6662235549091156,164.65152904266048,0.9979075907971238
2.7,0.003943435711590948,5,0,-0.17157824997701554,0.4666666666666667,0.7311717719910901,0.6662235549091156,164.65152904266048,0.9979075907971238
2.8000000000000003,0.003943435711590948,5,0,-0.17157824997701554,0.4666666666666667,0.7311717719910901,0.6662235549091156,164.65152904266048,0.9979075907971238
2.9000000000000004,0.003943435711590948,5,0,-0.17157824997701554,0.4666666666666667,0.7311717719910901,0.6662235549091156,164.65152904266048,0.9979075907971238
3.0000000000000004,0.003943435711590948,5,0,-0.17157824997701554,0.4666666666666667,0.7311717719910901,0.6662235549091156,164.65152904266048,0.9979075907971238
3.1,0.003943435711590948,5,0,-0.17157824997701554,0.4666666666666667,0.7311717719910901,0.6662235549091156,164.65152904266048,0.9979075907971238
3.2,0.003943435711590948,5,0,-0.17157824997701554,0.4666666666666667,0.7311717719910901,0.6662235549091156,164.65152904266048,0.9979075907971238
3.3000000000000003,0.003943435711590948,5,0,-0.17157824997701554,0.4666666666666667,0.7311717719910901,0.6662235549091156,164.65152904266048,0.9979075907971238
3.4000000000000004,0.003943435711590948,5,0,-0.17157824997701554,0.4666666666666667,0.7311717719910901,0.6662235549091156,164.65152904266048,0.9979075907971238
3.5000000000000004,0.003943435711590948,5,0,-0.17157824997701554,0.4666666666666667,0.7311717719910901,0.6662235549091156,164.65152904266048,0.9979075907971238
3.6,0.003943435711590948,5,0,-0.17157824997701554,0.4666666666666667,0.7311717719910901,0.6662235549091156,164.65152904266048,0.9979075907971238
3.7,0.003943435711590948,5,0,-0.17157824997701554,0.4666666666666667,0.7311717719910901,0.6662235549091156,164.65152904266048,0.9979075907971238
3.8000000000000003,0.003943435711590948,5,0,-0.17157824997701554,0.4666666666666667,0.7311717719910901,0.6662235549091156,164.65152904266048,0.9979075907971238
3.9000000000000004,0.003943435711590948,5,0,-0.17157824997701554,0.4666666666666667,0.7311717719910901,0.6662235549091156,164.65152904266048,0.9979075907971238
4.0,0.003943435711590948,5,0,-0.17157824997701554,0.4666666666666667,0.7311717719910901,0.6662235549091156,164.65152904266048,0.9979075907971238
4.1,0.003943435711590948,5,0,-0.17157824997701554,0.4666666666666667,0.7311717719910901,0.6662235549091156,164.65152904266048,0.9979075907971238
4.2,0.003943435711590948,5,0,-0.17157824997701554,0.4666666666666667,0.7311717719910901,0.6662235549091156,164.65152904266048,0.9979075907971238
4.3,0.003943435711590948,5,0,-0.17157824997701554,0.4666666666666667,0.7311717719910901,0.6662235549091156,164.65152904266048,0.9979075907971238
4.3999999999999995,0.003943435711590948,5,0,-0.17157824997701554,0.4666666666666667,0.7311717719910901,0.6662235549091156,164.65152904266048,0.9979075907971238
4.5,0.003943435711590948,5,0,-0.17157824997701554,0.4666666666666667,0.7311717719910901,0.6662235549091156,164.65152904266048,0.9979075907971238
4.6,0.003943435711590948,5,0,-0.17157824997701554,0.4666666666666667,0.7311717719910901,0.6662235549091156,164.65152904266048,0.9979075907971238
4.7,0.003943435711590948,5,0,-0.17157824997701554,0.4666666666666667,0.7311717719910901,0.6662235549091156,164.65152904266048,0.9979075907971238
4.8,0.003943435711590948,5,0,-0.17157824997701554,0.4666666666666667,0.7311717719910901,0.6662235549091156,164.65152904266048,0.9979075907971238
4.9,0.003943435711590948,5,0,-0.17157824997701554,0.4666666666666667,0.7311717719910901,0.6662235549091156,164.65152904266048,0.9979075907971238
5.0,0.003943435711590948,5,0,-0.17157824997701554,0.4666666666666667,0.7311717719910901,0.6662235549091156,164.65152904266048,0.9979075907971238
1.7000000000000002,0.5031880170902293,5,1,-0.059815974758532786,0.47333333333333333,0.8878063352035223,0.5959044453360978,185.44631888717083,0.9993239443145655
1.8000000000000003,0.5031880170902293,5,1,-0.059815974758532786,0.47333333333333333,0.8878063352035223,0.5959044453360978,185.44631888717083,0.9993239443145655
1.9000000000000001,0.5031880170902293,5,1,-0.059815974758532786,0.47333333333333333,0.8878063352035223,0.5959044453360978,185.44631888717083,0.9993239443145655
2.0,0.5022062161753105,5,1,-0.059815974758532786,0.47333333333333333,0.8878063352035223,0.5959044453360978,185.4433162032563,0.9993239044368024
2.1,0.5022062161753105,5,1,-0.059815974758532786,0.47333333333333333,0.8878063352035223,0.5959044453360978,185.4433162032563,0.9993239044368024
2.2,0.006241323693777612,5,0,-0.059815974758532786,0.47333333333333333,0.8878063352035223,0.5959044453360978,165.91085410561635,0.9990090393692161
2.3000000000000003,0.006241323693777612,5,0,-0.059815974758532786,0.47333333333333333,0.8878063352035223,0.5959044453360978,165.91085410561635,0.9990090393692161
2.4000000000000004,0.006241323693777612,5,0,-0.059815974758532786,0.47333333333333333,0.8878063352035223,0.5959044453360978,165.91085410561635,0.9990090393692161
2.5000000000000004,0.006241323693777612,5,0,-0.059815974758532786,0.47333333333333333,0.8878063352035223,0.5959044453360978,165.91085410561635,0.9990090393692161
2.6,0.006241323693777612,5,0,-0.059815974758532786,0.47333333333333333,0.8878063352035223,0.5959044453360978,165.91085410561635,0.9990090393692161
2.7,0.006241323693777612,5,0,-0.059815974758532786,0.47333333333333333,0.8878063352035223,0.5959044453360978,165.91085410561635,0.9990090393692161
2.8000000000000003,0.006241323693777612,5,0,-0.059815974758532786,0.47333333333333333,0.8878063352035223,0.5959044453360978,165.91085410561635,0.9990090393692161
2.9000000000000004,0.006241323693777612,5,0,-0.059815974758532786,0.47333333333333333,0.8878063352035223,0.5959044453360978,165.91085410561635,0.9990090393692161
3.0000000000000004,0.006241323693777612,5,0,-0.059815974758532786,0.47333333333333333,0.8878063352035223,0.5959044453360978,165.91085410561635,0.9990090393692161
3.1,0.006241323693777612,5,0,-0.059815974758532786,0.47333333333333333,0.8878063352035223,0.5959044453360978,165.91085410561635,0.9990090393692161
3.2,0.006241323693777612,5,0,-0.059815974758532786,0.47333333333333333,0.8878063352035223,0.5959044453360978,165.91085410561635,0.9990090393692161
3.3000000000000003,0.006241323693777612,5,0,-0.059815974758532786,0.47333333333333333,0.8878063352035223,0.5959044453360978,165.91085410561635,0.9990090393692161
3.4000000000000004,0.006241323693777612,5,0,-0.059815974758532786,0.47333333333333333,0.8878063352035223,0.5959044453360978,165.91085410561635,0.9990090393692161
3.5000000000000004,0.006241323693777612,5,0,-0.059815974758532786,0.47333333333333333,0.8878063352035223,0.5959044453360978,165.91085410561635,0.9990090393692161
3.6,0.006241323693777612,5,0,-0.059815974758532786,0.47333333333333333,0.8878063352035223,0.5959044453360978,165.91085410561635,0.9990090393692161
3.7,0.006241323693777612,5,0,-0.059815974758532786,0.47333333333333333,0.8878063352035223,0.5959044453360978,165.91085410561635,0.9990090393692161
3.8000000000000003,0.006241323693777612,5,0,-0.059815974758532786,0.47333333333333333,0.8878063352035223,0.5959044453360978,165.91085410561635,0.9990090393692161
3.9000000000000004,0.006241323693777612,5,0,-0.059815974758532786,0.47333333333333333,0.8878063352035223,0.5959044453360978,165.91085410561635,0.9990090393692161
4.0,0.006241323693777612,5,0,-0.059815974758532786,0.47333333333333333,0.8878063352035223,0.5959044453360978,165.91085410561635,0.9990090393692161
4.1,0.006241323693777612,5,0,-0.059815974758532786,0.47333333333333333,0.8878063352035223,0.5959044453360978,165.91085410561635,0.9990090393692161
4.2,0.006241323693777612,5,0,-0.059815974758532786,0.47333333333333333,0.8878063352035223,0.5959044453360978,165.91085410561635,0.9990090393692161
4.3,0.006241323693777612,5,0,-0.059815974758532786,0.47333333333333333,0.8878063352035223,0.5959044453360978,165.91085410561635,0.9990090393692161
4.3999999999999995,0.006241323693777612,5,0,-0.059815974758532786,0.47333333333333333,0.8878063352035223,0.5959044453360978,165.91085410561635,0.9990090393692161
4.5,0.006241323693777612,5,0,-0.059815974758532786,0.47333333333333333,0.8878063352035223,0.5959044453360978,165.91085410561635,0.9990090393692161
4.6,0.006241323693777612,5,0,-0.059815974758532786,0.47333333333333333,0.8878063352035223,0.5959044453360978,165.91085410561635,0.9990090393692161
4.7,0.006241323693777612,5,0,-0.059815974758532786,0.47333333333333333,0.8878063352035223,0.5959044453360978,165.91085410561635,0.9990090393692161
4.8,0.006241323693777612,5,0,-0.059815974758532786,0.47333333333333333,0.8878063352035223,0.5959044453360978,165.91085410561635,0.9990090393692161
4.9,0.006241323693777612,5,0,-0.059815974758532786,0.47333333333333333,0.8878063352035223,0.5959044453360978,165.91085410561635,0.9990090393692161
5.0,0.006241323693777612,5,0,-0.059815974758532786,0.47333333333333333,0.8878063352035223,0.5959044453360978,165.91085410561635,0.9990090393692161
0.5,0.5079813570293124,5,16,0.0848976383684929,0.5333333333333333,1.1893195374983458,0.30681421729502273,50.38492721865836,0.9806420434984252
0.6,0.5079813570293124,5,10,0.0848976383684929,0.5333333333333333,1.1893195374983458,0.30681421729502273,50.38492721865836,0.9806420434984252
0.7000000000000001,0.5079813570293124,5,6,0.0848976383684929,0.5333333333333333,1.1893195374983458,0.30681421729502273,50.38492721865836,0.9806420434984252
0.8,0.5075660731545482,5,4,0.0848976383684929,0.5333333333333333,1.1893195374983458,0.30681421729502273,50.38288562677192,0.9806411444094284
0.9,0.5075660731545482,5,2,0.0848976383684929,0.5333333333333333,1.1893195374983458,0.30681421729502273,50.38288562677192,0.9806411444094284
1.0,0.15663737437650005,5,0,0.0848976383684929,0.5333333333333333,1.1893195374983458,0.30681421729502273,40.83045603768347,0.9811956597332789
1.1,0.15663737437650005,5,0,0.0848976383684929,0.5333333333333333,1.1893195374983458,0.30681421729502273,40.83045603768347,0.9811956597332789
1.2000000000000002,0.15663737437650005,5,0,0.0848976383684929,0.5333333333333333,1.1893195374983458,0.30681421729502273,40.83045603768347,0.9811956597332789
1.3000000000000003,0.15663737437650005,5,0,0.0848976383684929,0.5333333333333333,1.1893195374983458,0.30681421729502273,40.83045603768347,0.9811956597332789
1.4000000000000001,0.15663737437650005,5,0,0.0848976383684929,0.5333333333333333,1.1893195374983458,0.30681421729502273,40.83045603768347,0.9811956597332789
1.5000000000000002,0.15663737437650005,5,0,0.0848976383684929,0.5333333333333333,1.1893195374983458,0.30681421729502273,40.83045603768347,0.9811956597332789
1.6,0.15663737437650005,5,0,0.0848976383684929,0.5333333333333333,1.1893195374983458,0.30681421729502273,40.83045603768347,0.9811956597332789
1.7000000000000002,0.15663737437650005,5,0,0.0848976383684929,0.5333333333333333,1.1893195374983458,0.30681421729502273,40.83045603768347,0.9811956597332789
1.8000000000000003,0.15663737437650005,5,0,0.0848976383684929,0.5333333333333333,1.1893195374983458,0.30681421729502273,40.83045603768347,0.9811956597332789
1.9000000000000001,0.15663737437650005,5,0,0.0848976383684929,0.5333333333333333,1.1893195374983458,0.30681421729502273,40.83045603768347,0.9811956597332789
2.0,0.15663737437650005,5,0,0.0848976383684929,0.5333333333333333,1.1893195374983458,0.30681421729502273,40.83045603768347,0.9811956597332789
2.1,0.15663737437650005,5,0,0.0848976383684929,0.5333333333333333,1.1893195374983458,0.30681421729502273,40.83045603768347,0.9811956597332789
2.2,0.15663737437650005,5,0,0.0848976383684929,0.5333333333333333,1.1893195374983458,0.30681421729502273,40.83045603768347,0.9811956597332789
2.3000000000000003,0.15663737437650005,5,0,0.0848976383684929,0.5333333333333333,1.1893195374983458,0.30681421729502273,40.83045603768347,0.9811956597332789
2.4000000000000004,0.15663737437650005,5,0,0.0848976383684929,0.5333333333333333,1.1893195374983458,0.30681421729502273,40.83045603768347,0.9811956597332789
2.5000000000000004,0.15663737437650005,5,0,0.0848976383684929,0.5333333333333333,1.1893195374983458,0.30681421729502273,40.83045603768347,0.9811956597332789
2.6,0.15663737437650005,5,0,0.0848976383684929,0.5333333333333333,1.1893195374983458,0.30681421729502273,40.83045603768347,0.9811956597332789
2.7,0.15663737437650005,5,0,0.0848976383684929,0.5333333333333333,1.1893195374983458,0.30681421729502273,40.83045603768347,0.9811956597332789
2.8000000000000003,0.15663737437650005,5,0,0.0848976383684929,0.5333333333333333,1.1893195374983458,0.30681421729502273,40.83045603768347,0.9811956597332789
2.9000000000000004,0.15663737437650005,5,0,0.0848976383684929,0.5333333333333333,1.1893195374983458,0.30681421729502273,40.83045603768347,0.9811956597332789
3.0000000000000004,0.15663737437650005,5,0,0.0848976383684929,0.5333333333333333,1.1893195374983458,0.30681421729502273,40.83045603768347,0.9811956597332789
3.1,0.15663737437650005,5,0,0.0848976383684929,0.5333333333333333,1.1893195374983458,0.30681421729502273,40.83045603768347,0.9811956597332789
3.2,0.15663737437650005,5,0,0.0848976383684929,0.5333333333333333,1.1893195374983458,0.30681421729502273,40.83045603768347,0.9811956597332789
3.3000000000000003,0.15663737437650005,5,0,0.0848976383684929,0.5333333333333333,1.1893195374983458,0.30681421729502273,40.83045603768347,0.9811956597332789
3.4000000000000004,0.15663737437650005,5,0,0.0848976383684929,0.5333333333333333,1.1893195374983458,0.30681421729502273,40.83045603768347,0.9811956597332789
3.5000000000000004,0.15663737437650005,5,0,0.0848976383684929,0.5333333333333333,1.1893195374983458,0.30681421729502273,40.83045603768347,0.9811956597332789
3.6,0.15663737437650005,5,0,0.0848976383684929,0.5333333333333333,1.1893195374983458,0.30681421729502273,40.83045603768347,0.9811956597332789
3.7,0.15663737437650005,5,0,0.0848976383684929,0.5333333333333333,1.1893195374983458,0.30681421729502273,40.83045603768347,0.9811956597332789
3.8000000000000003,0.15663737437650005,5,0,0.0848976383684929,0.5333333333333333,1.1893195374983458,0.30681421729502273,40.83045603768347,0.9811956597332789
3.9000000000000004,0.15663737437650005,5,0,0.0848976383684929,0.5333333333333333,1.1893195374983458,0.30681421729502273,40.83045603768347,0.9811956597332789
4.0,0.15663737437650005,5,0,0.0848976383684929,0.5333333333333333,1.1893195374983458,0.30681421729502273,40.83045603768347,0.9811956597332789
4.1,0.15663737437650005,5,0,0.0848976383684929,0.5333333333333333,1.1893195374983458,0.30681421729502273,40.83045603768347,0.9811956597332789
4.2,0.15663737437650005,5,0,0.0848976383684929,0.5333333333333333,1.1893195374983458,0.30681421729502273,40.83045603768347,0.9811956597332789
4.3,0.15663737437650005,5,0,0.0848976383684929,0.5333333333333333,1.1893195374983458,0.30681421729502273,40.83045603768347,0.9811956597332789
4.3999999999999995,0.15663737437650005,5,0,0.0848976383684929,0.5333333333333333,1.1893195374983458,0.30681421729502273,40.83045603768347,0.9811956597332789
4.5,0.15663737437650005,5,0,0.0848976383684929,0.5333333333333333,1.1893195374983458,0.30681421729502273,40.83045603768347,0.9811956597332789
4.6,0.15663737437650005,5,0,0.0848976383684929,0.5333333333333333,1.1893195374983458,0.30681421729502273,40.83045603768347,0.9811956597332789
4.7,0.15663737437650005,5,0,0.0848976383684929,0.5333333333333333,1.1893195374983458,0.30681421729502273,40.83045603768347,0.9811956597332789
4.8,0.15663737437650005,5,0,0.0848976383684929,0.5333333333333333,1.1893195374983458,0.30681421729502273,40.83045603768347,0.9811956597332789
4.9,0.15663737437650005,5,0,0.0848976383684929,0.5333333333333333,1.1893195374983458,0.30681421729502273,40.83045603768347,0.9811956597332789
5.0,0.15663737437650005,5,0,0.0848976383684929,0.5333333333333333,1.1893195374983458,0.30681421729502273,40.83045603768347,0.9811956597332789
0.1,0.22763047332346226,4,44,-0.2313249090264436,0.4533333333333333,0.6621308344596163,0.7681271216322599,22.008137339852087,0.9943309068130112
0.2,0.22763047332346226,4,37,-0.2313249090264436,0.4533333333333333,0.6621308344596163,0.7681271216322599,22.008137339852087,0.9943309068130112
0.30000000000000004,0.22763047332346226,4,28,-0.2313249090264436,0.4533333333333333,0.6621308344596163,0.7681271216322599,22.008137339852087,0.9943309068130112
0.4,0.5027020639240762,5,25,-0.2313249090264436,0.4533333333333333,0.6621308344596163,0.7681271216322599,22.135566734119674,0.9947112142680862
0.5,0.5026906175943162,5,16,-0.2313249090264436,0.4533333333333333,0.6621308344596163,0.7681271216322599,22.135547738793544,0.9947111939831595
0.6,0.5026906175943162,5,10,-0.2313249090264436,0.4533333333333333,0.6621308344596163,0.7681271216322599,22.135547738793544,0.9947111939831595
0.7000000000000001,0.5026906175943162,5,8,-0.2313249090264436,0.4533333333333333,0.6621308344596163,0.7681271216322599,22.135547738793544,0.9947111939831595
0.8,0.5026906175943162,5,4,-0.2313249090264436,0.4533333333333333,0.6621308344596163,0.7681271216322599,22.135547738793544,0.9947111939831595
0.9,0.5026906175943162,5,3,-0.2313249090264436,0.4533333333333333,0.6621308344596163,0.7681271216322599,22.135547738793544,0.9947111939831595
1.0,0.5026906175943162,5,2,-0.2313249090264436,0.4533333333333333,0.6621308344596163,0.7681271216322599,22.135547738793544,0.9947111939831595
1.1,0.5026906175943162,5,2,-0.2313249090264436,0.4533333333333333,0.6621308344596163,0.7681271216322599,22.135547738793544,0.9947111939831595
1.2000000000000002,0.49443326824423284,5,1,-0.2313249090264436,0.4533333333333333,0.6621308344596163,0.7681271216322599,22.146472144845976,0.9947249582019764
1.3000000000000003,0.22763047332346226,4,0,-0.2313249090264436,0.4533333333333333,0.6621308344596163,0.7681271216322599,22.008137339852087,0.9943309068130112
1.4000000000000001,0.22763047332346226,4,0,-0.2313249090264436,0.4533333333333333,0.6621308344596163,0.7681271216322599,22.008137339852087,0.9943309068130112
1.5000000000000002,0.22763047332346226,4,0,-0.2313249090264436,0.4533333333333333,0.6621308344596163,0.7681271216322599,22.008137339852087,0.9943309068130112
1.6,0.22763047332346226,4,0,-0.2313249090264436,0.4533333333333333,0.6621308344596163,0.7681271216322599,22.008137339852087,0.9943309068130112
1.7000000000000002,0.22763047332346226,4,0,-0.2313249090264436,0.4533333333333333,0.6621308344596163,0.7681271216322599,22.008137339852087,0.9943309068130112
1.8000000000000003,0.22763047332346226,4,0,-0.2313249090264436,0.4533333333333333,0.6621308344596163,0.7681271216322599,22.008137339852087,0.9943309068130112
1.9000000000000001,0.22763047332346226,4,0,-0.2313249090264436,0.4533333333333333,0.6621308344596163,0.7681271216322599,22.008137339852087,0.9943309068130112
2.0,0.22763047332346226,4,0,-0.2313249090264436,0.4533333333333333,0.6621308344596163,0.7681271216322599,22.008137339852087,0.9943309068130112
2.1,0.22763047332346226,4,0,-0.2313249090264436,0.4533333333333333,0.6621308344596163,0.7681271216322599,22.008137339852087,0.9943309068130112
2.2,0.22763047332346226,4,0,-0.2313249090264436,0.4533333333333333,0.6621308344596163,0.7681271216322599,22.008137339852087,0.9943309068130112
2.3000000000000003,0.22763047332346226,4,0,-0.2313249090264436,0.4533333333333333,0.6621308344596163,0.7681271216322599,22.008137339852087,0.9943309068130112
2.4000000000000004,0.22763047332346226,4,0,-0.2313249090264436,0.4533333333333333,0.6621308344596163,0.7681271216322599,22.008137339852087,0.9943309068130112
2.5000000000000004,0.22763047332346226,4,0,-0.2313249090264436,0.4533333333333333,0.6621308344596163,0.7681271216322599,22.008137339852087,0.9943309068130112
2.6,0.22763047332346226,4,0,-0.2313249090264436,0.4533333333333333,0.6621308344596163,0.7681271216322599,22.008137339852087,0.9943309068130112
2.7,0.22763047332346226,4,0,-0.2313249090264436,0.4533333333333333,0.6621308344596163,0.7681271216322599,22.008137339852087,0.9943309068130112
2.8000000000000003,0.22763047332346226,4,0,-0.2313249090264436,0.4533333333333333,0.6621308344596163,0.7681271216322599,22.008137339852087,0.9943309068130112
2.9000000000000004,0.22763047332346226,4,0,-0.2313249090264436,0.4533333333333333,0.6621308344596163,0.7681271216322599,22.008137339852087,0.9943309068130112
3.0000000000000004,0.22763047332346226,4,0,-0.2313249090264436,0.4533333333333333,0.6621308344596163,0.7681271216322599,22.008137339852087,0.9943309068130112
3.1,0.22763047332346226,4,0,-0.2313249090264436,0.4533333333333333,0.6621308344596163,0.7681271216322599,22.008137339852087,0.9943309068130112
3.2,0.22763047332346226,4,0,-0.2313249090264436,0.4533333333333333,0.6621308344596163,0.7681271216322599,22.008137339852087,0.9943309068130112
3.3000000000000003,0.22763047332346226,4,0,-0.2313249090264436,0.4533333333333333,0.6621308344596163,0.7681271216322599,22.008137339852087,0.9943309068130112
3.4000000000000004,0.22763047332346226,4,0,-0.2313249090264436,0.4533333333333333,0.6621308344596163,0.7681271216322599,22.008137339852087,0.9943309068130112
3.5000000000000004,0.22763047332346226,4,0,-0.2313249090264436,0.4533333333333333,0.6621308344596163,0.7681271216322599,22.008137339852087,0.9943309068130112
3.6,0.22763047332346226,4,0,-0.2313249090264436,0.4533333333333333,0.6621308344596163,0.7681271216322599,22.008137339852087,0.9943309068130112
3.7,0.22763047332346226,4,0,-0.2313249090264436,0.4533333333333333,0.6621308344596163,0.7681271216322599,22.008137339852087,0.9943309068130112
3.8000000000000003,0.22763047332346226,4,0,-0.2313249090264436,0.4533333333333333,0.6621308344596163,0.7681271216322599,22.008137339852087,0.9943309068130112
3.9000000000000004,0.22763047332346226,4,0,-0.2313249090264436,0.4533333333333333,0.6621308344596163,0.7681271216322599,22.008137339852087,0.9943309068130112
4.0,0.22763047332346226,4,0,-0.2313249090264436,0.4533333333333333,0.6621308344596163,0.7681271216322599,22.008137339852087,0.9943309068130112
4.1,0.22763047332346226,4,0,-0.2313249090264436,0.4533333333333333,0.6621308344596163,0.7681271216322599,22.008137339852087,0.9943309068130112
4.2,0.22763047332346226,4,0,-0.2313249090264436,0.4533333333333333,0.6621308344596163,0.7681271216322599,22.008137339852087,0.9943309068130112
4.3,0.22763047332346226,4,0,-0.2313249090264436,0.4533333333333333,0.6621308344596163,0.7681271216322599,22.008137339852087,0.9943309068130112
4.3999999999999995,0.22763047332346226,4,0,-0.2313249090264436,0.4533333333333333,0.6621308344596163,0.7681271216322599,22.008137339852087,0.9943309068130112
4.5,0.22763047332346226,4,0,-0.2313249090264436,0.4533333333333333,0.6621308344596163,0.7681271216322599,22.008137339852087,0.9943309068130112
4.6,0.22763047332346226,4,0,-0.2313249090264436,0.4533333333333333,0.6621308344596163,0.7681271216322599,22.008137339852087,0.9943309068130112
4.7,0.22763047332346226,4,0,-0.2313249090264436,0.4533333333333333,0.6621308344596163,0.7681271216322599,22.008137339852087,0.9943309068130112
4.8,0.22763047332346226,4,0,-0.2313249090264436,0.4533333333333333,0.6621308344596163,0.7681271216322599,22.008137339852087,0.9943309068130112
4.9,0.22763047332346226,4,0,-0.2313249090264436,0.4533333333333333,0.6621308344596163,0.7681271216322599,22.008137339852087,0.9943309068130112
5.0,0.22763047332346226,4,0,-0.2313249090264436,0.4533333333333333,0.6621308344596163,0.7681271216322599,22.008137339852087,0.9943309068130112
0.1,-0.00384552836851787,3,44,-0.092547214208198,0.44666666666666666,0.8283664098964926,0.5217872212695898,78.77020199290388,0.9922927306625258
0.2,-0.00384552836851787,3,40,-0.092547214208198,0.44666666666666666,0.8283664098964926,0.5217872212695898,78.77020199290388,0.9922927306625258
0.30000000000000004,-0.00384552836851787,3,33,-0.092547214208198,0.44666666666666666,0.8283664098964926,0.5217872212695898,78.77020199290388,0.9922927306625258
0.4,-0.00384552836851787,3,28,-0.092547214208198,0.44666666666666666,0.8283664098964926,0.5217872212695898,78.77020199290388,0.9922927306625258
0.5,-0.00384552836851787,3,25,-0.092547214208198,0.44666666666666666,0.8283664098964926,0.5217872212695898,78.77020199290388,0.9922927306625258
0.6,-0.00384552836851787,3,19,-0.092547214208198,0.44666666666666666,0.8283664098964926,0.5217872212695898,78.77020199290388,0.9922927306625258
0.7000000000000001,0.5234065376501613,5,16,-0.092547214208198,0.44666666666666666,0.8283664098964926,0.5217872212695898,85.91838968280192,0.9940648924834615
0.8,0.5234065376501613,5,10,-0.092547214208198,0.44666666666666666,0.8283664098964926,0.5217872212695898,85.91838968280192,0.9940648924834615
0.9,0.5088164074763328,5,6,-0.092547214208198,0.44666666666666666,0.8283664098964926,0.5217872212695898,85.9584180862643,0.9940742491759395
1.0,0.5088164074763328,5,3,-0.092547214208198,0.44666666666666666,0.8283664098964926,0.5217872212695898,85.9584180862643,0.9940742491759395
1.1,0.010439348398936066,4,1,-0.092547214208198,0.44666666666666666,0.8283664098964926,0.5217872212695898,78.86539403738361,0.9923191028804803
1.2000000000000002,-0.00384552836851787,3,0,-0.092547214208198,0.44666666666666666,0.8283664098964926,0.5217872212695898,78.77020199290388,0.9922927306625258
1.3000000000000003,-0.00384552836851787,3,0,-0.092547214208198,0.44666666666666666,0.8283664098964926,0.5217872212695898,78.77020199290388,0.9922927306625258
1.4000000000000001,-0.00384552836851787,3,0,-0.092547214208198,0.44666666666666666,0.8283664098964926,0.5217872212695898,78.77020199290388,0.9922927306625258
1.5000000000000002,-0.00384552836851787,3,0,-0.092547214208198,0.44666666666666666,0.8283664098964926,0.5217872212695898,78.77020199290388,0.9922927306625258
1.6,-0.00384552836851787,3,0,-0.092547214208198,0.44666666666666666,0.8283664098964926,0.5217872212695898,78.77020199290388,0.9922927306625258
1.7000000000000002,-0.00384552836851787,3,0,-0.092547214208198,0.44666666666666666,0.8283664098964926,0.5217872212695898,78.77020199290388,0.9922927306625258
1.8000000000000003,-0.00384552836851787,3,0,-0.092547214208198,0.44666666666666666,0.8283664098964926,0.5217872212695898,78.77020199290388,0.9922927306625258
1.9000000000000001,-0.00384552836851787,3,0,-0.092547214208198,0.44666666666666666,0.8283664098964926,0.5217872212695898,78.77020199290388,0.9922927306625258
2.0,-0.00384552836851787,3,0,-0.092547214208198,0.44666666666666666,0.8283664098964926,0.5217872212695898,78.77020199290388,0.9922927306625258
2.1,-0.00384552836851787,3,0,-0.092547214208198,0.44666666666666666,0.8283664098964926,0.5217872212695898,78.77020199290388,0.9922927306625258
2.2,-0.00384552836851787,3,0,-0.092547214208198,0.44666666666666666,0.8283664098964926,0.5217872212695898,78.77020199290388,0.9922927306625258
2.3000000000000003,-0.00384552836851787,3,0,-0.092547214208198,0.44666666666666666,0.8283664098964926,0.5217872212695898,78.77020199290388,0.9922927306625258
2.4000000000000004,-0.00384552836851787,3,0,-0.092547214208198,0.44666666666666666,0.8283664098964926,0.5217872212695898,78.77020199290388,0.9922927306625258
2.5000000000000004,-0.00384552836851787,3,0,-0.092547214208198,0.44666666666666666,0.8283664098964926,0.5217872212695898,78.77020199290388,0.9922927306625258
2.6,-0.00384552836851787,3,0,-0.092547214208198,0.44666666666666666,0.8283664098964926,0.5217872212695898,78.77020199290388,0.9922927306625258
2.7,-0.00384552836851787,3,0,-0.092547214208198,0.44666666666666666,0.8283664098964926,0.5217872212695898,78.77020199290388,0.9922927306625258
2.8000000000000003,-0.00384552836851787,3,0,-0.092547214208198,0.44666666666666666,0.8283664098964926,0.5217872212695898,78.77020199290388,0.9922927306625258
2.9000000000000004,-0.00384552836851787,3,0,-0.092547214208198,0.44666666666666666,0.8283664098964926,0.5217872212695898,78.77020199290388,0.9922927306625258
3.0000000000000004,-0.00384552836851787,3,0,-0.092547214208198,0.44666666666666666,0.8283664098964926,0.5217872212695898,78.77020199290388,0.9922927306625258
3.1,-0.00384552836851787,3,0,-0.092547214208198,0.44666666666666666,0.8283664098964926,0.5217872212695898,78.77020199290388,0.9922927306625258
3.2,-0.00384552836851787,3,0,-0.092547214208198,0.44666666666666666,0.8283664098964926,0.5217872212695898,78.77020199290388,0.9922927306625258
3.3000000000000003,-0.00384552836851787,3,0,-0.092547214208198,0.44666666666666666,0.8283664098964926,0.5217872212695898,78.77020199290388,0.9922927306625258
3.4000000000000004,-0.00384552836851787,3,0,-0.092547214208198,0.44666666666666666,0.8283664098964926,0.5217872212695898,78.77020199290388,0.9922927306625258
3.5000000000000004,-0.00384552836851787,3,0,-0.092547214208198,0.44666666666666666,0.8283664098964926,0.5217872212695898,78.77020199290388,0.9922927306625258
3.6,-0.00384552836851787,3,0,-0.092547214208198,0.44666666666666666,0.8283664098964926,0.5217872212695898,78.77020199290388,0.9922927306625258
3.7,-0.00384552836851787,3,0,-0.092547214208198,0.44666666666666666,0.8283664098964926,0.5217872212695898,78.77020199290388,0.9922927306625258
3.8000000000000003,-0.00384552836851787,3,0,-0.092547214208198,0.44666666666666666,0.8283664098964926,0.5217872212695898,78.77020199290388,0.9922927306625258
3.9000000000000004,-0.00384552836851787,3,0,-0.092547214208198,0.44666666666666666,0.8283664098964926,0.5217872212695898,78.77020199290388,0.9922927306625258
4.0,-0.00384552836851787,3,0,-0.092547214208198,0.44666666666666666,0.8283664098964926,0.5217872212695898,78.77020199290388,0.9922927306625258
4.1,-0.00384552836851787,3,0,-0.092547214208198,0.44666666666666666,0.8283664098964926,0.5217872212695898,78.77020199290388,0.9922927306625258
4.2,-0.00384552836851787,3,0,-0.092547214208198,0.44666666666666666,0.8283664098964926,0.5217872212695898,78.77020199290388,0.9922927306625258
4.3,-0.00384552836851787,3,0,-0.092547214208198,0.44666666666666666,0.8283664098964926,0.5217872212695898,78.77020199290388,0.9922927306625258
4.3999999999999995,-0.00384552836851787,3,0,-0.092547214208198,0.44666666666666666,0.8283664098964926,0.5217872212695898,78.77020199290388,0.9922927306625258
4.5,-0.00384552836851787,3,0,-0.092547214208198,0.44666666666666666,0.8283664098964926,0.5217872212695898,78.77020199290388,0.9922927306625258
4.6,-0.00384552836851787,3,0,-0.092547214208198,0.44666666666666666,0.8283664098964926,0.5217872212695898,78.77020199290388,0.9922927306625258
4.7,-0.00384552836851787,3,0,-0.092547214208198,0.44666666666666666,0.8283664098964926,0.5217872212695898,78.77020199290388,0.9922927306625258
4.8,-0.00384552836851787,3,0,-0.092547214208198,0.44666666666666666,0.8283664098964926,0.5217872212695898,78.77020199290388,0.9922927306625258
4.9,-0.00384552836851787,3,0,-0.092547214208198,0.44666666666666666,0.8283664098964926,0.5217872212695898,78.77020199290388,0.9922927306625258
5.0,-0.00384552836851787,3,0,-0.092547214208198,0.44666666666666666,0.8283664098964926,0.5217872212695898,78.77020199290388,0.9922927306625258
0.1,0.1918195707062494,5,42,0.03283931068942558,0.5333333333333333,1.0656137919808688,0.48697736524071866,41.42492743683049,0.9913825925054758
0.2,0.1918195707062494,5,38,0.03283931068942558,0.5333333333333333,1.0656137919808688,0.48697736524071866,41.42492743683049,0.9913825925054758
0.30000000000000004,0.1918195707062494,5,33,0.03283931068942558,0.5333333333333333,1.0656137919808688,0.48697736524071866,41.42492743683049,0.9913825925054758
0.4,0.1918195707062494,5,28,0.03283931068942558,0.5333333333333333,1.0656137919808688,0.48697736524071866,41.42492743683049,0.9913825925054758
0.5,0.501724120341701,5,20,0.03283931068942558,0.5333333333333333,1.0656137919808688,0.48697736524071866,50.11356454719493,0.9943816942400908
0.6,0.501724120341701,5,14,0.03283931068942558,0.5333333333333333,1.0656137919808688,0.48697736524071866,50.11356454719493,0.9943816942400908
0.7000000000000001,0.501724120341701,5,11,0.03283931068942558,0.5333333333333333,1.0656137919808688,0.48697736524071866,50.11356454719493,0.9943816942400908
0.8,0.4998516963202804,5,8,0.03283931068942558,0.5333333333333333,1.0656137919808688,0.48697736524071866,50.1784950675203,0.9944001139656401
0.9,0.49990028764833944,5,6,0.03283931068942558,0.5333333333333333,1.0656137919808688,0.48697736524071866,50.177113088820654,0.994399725844145
1.0,0.49990028764833944,5,6,0.03283931068942558,0.5333333333333333,1.0656137919808688,0.48697736524071866,50.177113088820654,0.994399725844145
1.1,0.49990028764833944,5,6,0.03283931068942558,0.5333333333333333,1.0656137919808688,0.48697736524071866,50.177113088820654,0.994399725844145
1.2000000000000002,0.49990028764833944,5,6,0.03283931068942558,0.5333333333333333,1.0656137919808688,0.48697736524071866,50.177113088820654,0.994399725844145
1.3000000000000003,0.49990028764833944,5,5,0.03283931068942558,0.5333333333333333,1.0656137919808688,0.48697736524071866,50.177113088820654,0.994399725844145
1.4000000000000001,0.4978789928450051,4,2,0.03283931068942558,0.5333333333333333,1.0656137919808688,0.48697736524071866,50.51039934520579,0.9944907531416548
1.5000000000000002,0.4978789928450051,4,1,0.03283931068942558,0.5333333333333333,1.0656137919808688,0.48697736524071866,50.51039934520579,0.9944907531416548
1.6,0.1918195707062494,5,0,0.03283931068942558,0.5333333333333333,1.0656137919808688,0.48697736524071866,41.42492743683049,0.9913825925054758
1.7000000000000002,0.1918195707062494,5,0,0.03283931068942558,0.5333333333333333,1.0656137919808688,0.48697736524071866,41.42492743683049,0.9913825925054758
1.8000000000000003,0.1918195707062494,5,0,0.03283931068942558,0.5333333333333333,1.0656137919808688,0.48697736524071866,41.42492743683049,0.9913825925054758
1.9000000000000001,0.1918195707062494,5,0,0.03283931068942558,0.5333333333333333,1.0656137919808688,0.48697736524071866,41.42492743683049,0.9913825925054758
2.0,0.1918195707062494,5,0,0.03283931068942558,0.5333333333333333,1.0656137919808688,0.48697736524071866,41.42492743683049,0.9913825925054758
2.1,0.1918195707062494,5,0,0.03283931068942558,0.5333333333333333,1.0656137919808688,0.48697736524071866,41.42492743683049,0.9913825925054758
2.2,0.1918195707062494,5,0,0.03283931068942558,0.5333333333333333,1.0656137919808688,0.48697736524071866,41.42492743683049,0.9913825925054758
2.3000000000000003,0.1918195707062494,5,0,0.03283931068942558,0.5333333333333333,1.0656137919808688,0.48697736524071866,41.42492743683049,0.9913825925054758
2.4000000000000004,0.1918195707062494,5,0,0.03283931068942558,0.5333333333333333,1.0656137919808688,0.48697736524071866,41.42492743683049,0.9913825925054758
2.5000000000000004,0.1918195707062494,5,0,0.03283931068942558,0.5333333333333333,1.0656137919808688,0.48697736524071866,41.42492743683049,0.9913825925054758
2.6,0.1918195707062494,5,0,0.03283931068942558,0.5333333333333333,1.0656137919808688,0.48697736524071866,41.42492743683049,0.9913825925054758
2.7,0.1918195707062494,5,0,0.03283931068942558,0.5333333333333333,1.0656137919808688,0.48697736524071866,41.42492743683049,0.9913825925054758
2.8000000000000003,0.1918195707062494,5,0,0.03283931068942558,0.5333333333333333,1.0656137919808688,0.48697736524071866,41.42492743683049,0.9913825925054758
2.9000000000000004,0.1918195707062494,5,0,0.03283931068942558,0.5333333333333333,1.0656137919808688,0.48697736524071866,41.42492743683049,0.9913825925054758
3.0000000000000004,0.1918195707062494,5,0,0.03283931068942558,0.5333333333333333,1.0656137919808688,0.48697736524071866,41.42492743683049,0.9913825925054758
3.1,0.1918195707062494,5,0,0.03283931068942558,0.5333333333333333,1.0656137919808688,0.48697736524071866,41.42492743683049,0.9913825925054758
3.2,0.1918195707062494,5,0,0.03283931068942558,0.5333333333333333,1.0656137919808688,0.48697736524071866,41.42492743683049,0.9913825925054758
3.3000000000000003,0.1918195707062494,5,0,0.03283931068942558,0.5333333333333333,1.0656137919808688,0.48697736524071866,41.42492743683049,0.9913825925054758
3.4000000000000004,0.1918195707062494,5,0,0.03283931068942558,0.5333333333333333,1.0656137919808688,0.48697736524071866,41.42492743683049,0.9913825925054758
3.5000000000000004,0.1918195707062494,5,0,0.03283931068942558,0.5333333333333333,1.0656137919808688,0.48697736524071866,41.42492743683049,0.9913825925054758
3.6,0.1918195707062494,5,0,0.03283931068942558,0.5333333333333333,1.0656137919808688,0.48697736524071866,41.42492743683049,0.9913825925054758
3.7,0.1918195707062494,5,0,0.03283931068942558,0.5333333333333333,1.0656137919808688,0.48697736524071866,41.42492743683049,0.9913825925054758
3.8000000000000003,0.1918195707062494,5,0,0.03283931068942558,0.5333333333333333,1.0656137919808688,0.48697736524071866,41.42492743683049,0.9913825925054758
3.9000000000000004,0.1918195707062494,5,0,0.03283931068942558,0.5333333333333333,1.0656137919808688,0.48697736524071866,41.42492743683049,0.9913825925054758
4.0,0.1918195707062494,5,0,0.03283931068942558,0.5333333333333333,1.0656137919808688,0.48697736524071866,41.42492743683049,0.9913825925054758
4.1,0.1918195707062494,5,0,0.03283931068942558,0.5333333333333333,1.0656137919808688,0.48697736524071866,41.42492743683049,0.9913825925054758
4.2,0.1918195707062494,5,0,0.03283931068942558,0.5333333333333333,1.0656137919808688,0.48697736524071866,41.42492743683049,0.9913825925054758
4.3,0.1918195707062494,5,0,0.03283931068942558,0.5333333333333333,1.0656137919808688,0.48697736524071866,41.42492743683049,0.9913825925054758
4.3999999999999995,0.1918195707062494,5,0,0.03283931068942558,0.5333333333333333,1.0656137919808688,0.48697736524071866,41.42492743683049,0.9913825925054758
4.5,0.1918195707062494,5,0,0.03283931068942558,0.5333333333333333,1.0656137919808688,0.48697736524071866,41.42492743683049,0.9913825925054758
4.6,0.1918195707062494,5,0,0.03283931068942558,0.5333333333333333,1.0656137919808688,0.48697736524071866,41.42492743683049,0.9913825925054758
4.7,0.1918195707062494,5,0,0.03283931068942558,0.5333333333333333,1.0656137919808688,0.48697736524071866,41.42492743683049,0.9913825925054758
4.8,0.1918195707062494,5,0,0.03283931068942558,0.5333333333333333,1.0656137919808688,0.48697736524071866,41.42492743683049,0.9913825925054758
4.9,0.1918195707062494,5,0,0.03283931068942558,0.5333333333333333,1.0656137919808688,0.48697736524071866,41.42492743683049,0.9913825925054758
5.0,0.1918195707062494,5,0,0.03283931068942558,0.5333333333333333,1.0656137919808688,0.48697736524071866,41.42492743683049,0.9913825925054758
0.2,-21.374759973104325,3,38,-0.05822504032631537,0.5066666666666667,0.8969270753924543,0.5122926685228317,17.77235840949168,0.9797763832923199
0.30000000000000004,-23.2282587248668,3,33,-0.05822504032631537,0.5066666666666667,0.8969270753924543,0.5122926685228317,17.77235840949168,0.9797763832923199
0.7000000000000001,-5.429020986716908,3,11,-0.05822504032631537,0.5066666666666667,0.8969270753924543,0.5122926685228317,17.77235840949168,0.9797763832923199
0.8,-5.584310487301112,3,9,-0.05822504032631537,0.5066666666666667,0.8969270753924543,0.5122926685228317,17.77235840949168,0.9797763832923199
0.9,-5.584310487301112,3,6,-0.05822504032631537,0.5066666666666667,0.8969270753924543,0.5122926685228317,17.77235840949168,0.9797763832923199
1.0,-5.584310487301112,3,5,-0.05822504032631537,0.5066666666666667,0.8969270753924543,0.5122926685228317,17.77235840949168,0.9797763832923199
1.1,-5.584310487301112,3,5,-0.05822504032631537,0.5066666666666667,0.8969270753924543,0.5122926685228317,17.77235840949168,0.9797763832923199
1.2000000000000002,-0.1608336110475987,4,2,-0.05822504032631537,0.5066666666666667,0.8969270753924543,0.5122926685228317,17.736423887537047,0.9797987252344769
1.3000000000000003,-0.1608336110475987,4,1,-0.05822504032631537,0.5066666666666667,0.8969270753924543,0.5122926685228317,17.736423887537047,0.9797987252344769
1.4000000000000001,-0.1641196832146018,4,1,-0.05822504032631537,0.5066666666666667,0.8969270753924543,0.5122926685228317,17.736097046662668,0.9797989117786057
1.5000000000000002,-0.1641196832146018,4,1,-0.05822504032631537,0.5066666666666667,0.8969270753924543,0.5122926685228317,17.736097046662668,0.9797989117786057
1.6,-0.16669771068974432,4,1,-0.05822504032631537,0.5066666666666667,0.8969270753924543,0.5122926685228317,17.735768904468095,0.9797990987485632
1.7000000000000002,0.3526886217034224,5,0,-0.1362812962152784,0.43333333333333335,0.7607482512812673,0.6404737026473564,17.534243992442388,0.9799244301197766
1.8000000000000003,0.3526886217034224,5,0,-0.1362812962152784,0.43333333333333335,0.7607482512812673,0.6404737026473564,17.534243992442388,0.9799244301197766
1.9000000000000001,0.3526886217034224,5,0,-0.1362812962152784,0.43333333333333335,0.7607482512812673,0.6404737026473564,17.534243992442388,0.9799244301197766
2.0,0.3526886217034224,5,0,-0.1362812962152784,0.43333333333333335,0.7607482512812673,0.6404737026473564,17.534243992442388,0.9799244301197766
2.1,0.3526886217034224,5,0,-0.1362812962152784,0.43333333333333335,0.7607482512812673,0.6404737026473564,17.534243992442388,0.9799244301197766
2.2,0.3526886217034224,5,0,-0.1362812962152784,0.43333333333333335,0.7607482512812673,0.6404737026473564,17.534243992442388,0.9799244301197766
2.3000000000000003,0.3526886217034224,5,0,-0.1362812962152784,0.43333333333333335,0.7607482512812673,0.6404737026473564,17.534243992442388,0.9799244301197766
2.4000000000000004,0.3526886217034224,5,0,-0.1362812962152784,0.43333333333333335,0.7607482512812673,0.6404737026473564,17.534243992442388,0.9799244301197766
2.5000000000000004,0.3526886217034224,5,0,-0.1362812962152784,0.43333333333333335,0.7607482512812673,0.6404737026473564,17.534243992442388,0.9799244301197766
2.6,0.3526886217034224,5,0,-0.1362812962152784,0.43333333333333335,0.7607482512812673,0.6404737026473564,17.534243992442388,0.9799244301197766
2.7,0.3526886217034224,5,0,-0.1362812962152784,0.43333333333333335,0.7607482512812673,0.6404737026473564,17.534243992442388,0.9799244301197766
2.8000000000000003,0.3526886217034224,5,0,-0.1362812962152784,0.43333333333333335,0.7607482512812673,0.6404737026473564,17.534243992442388,0.9799244301197766
2.9000000000000004,0.3526886217034224,5,0,-0.1362812962152784,0.43333333333333335,0.7607482512812673,0.6404737026473564,17.534243992442388,0.9799244301197766
3.0000000000000004,0.3526886217034224,5,0,-0.1362812962152784,0.43333333333333335,0.7607482512812673,0.6404737026473564,17.534243992442388,0.9799244301197766
3.1,0.3526886217034224,5,0,-0.1362812962152784,0.43333333333333335,0.7607482512812673,0.6404737026473564,17.534243992442388,0.9799244301197766
3.2,0.3526886217034224,5,0,-0.1362812962152784,0.43333333333333335,0.7607482512812673,0.6404737026473564,17.534243992442388,0.9799244301197766
3.3000000000000003,0.3526886217034224,5,0,-0.1362812962152784,0.43333333333333335,0.7607482512812673,0.6404737026473564,17.534243992442388,0.9799244301197766
3.4000000000000004,0.3526886217034224,5,0,-0.1362812962152784,0.43333333333333335,0.7607482512812673,0.6404737026473564,17.534243992442388,0.9799244301197766
3.5000000000000004,0.3526886217034224,5,0,-0.1362812962152784,0.43333333333333335,0.7607482512812673,0.6404737026473564,17.534243992442388,0.9799244301197766
3.6,0.3526886217034224,5,0,-0.1362812962152784,0.43333333333333335,0.7607482512812673,0.6404737026473564,17.534243992442388,0.9799244301197766
3.7,0.3526886217034224,5,0,-0.1362812962152784,0.43333333333333335,0.7607482512812673,0.6404737026473564,17.534243992442388,0.9799244301197766
3.8000000000000003,0.3526886217034224,5,0,-0.1362812962152784,0.43333333333333335,0.7607482512812673,0.6404737026473564,17.534243992442388,0.9799244301197766
3.9000000000000004,0.3526886217034224,5,0,-0.1362812962152784,0.43333333333333335,0.7607482512812673,0.6404737026473564,17.534243992442388,0.9799244301197766
4.0,0.3526886217034224,5,0,-0.1362812962152784,0.43333333333333335,0.7607482512812673,0.6404737026473564,17.534243992442388,0.9799244301197766
4.1,0.3526886217034224,5,0,-0.1362812962152784,0.43333333333333335,0.7607482512812673,0.6404737026473564,17.534243992442388,0.9799244301197766
4.2,0.3526886217034224,5,0,-0.1362812962152784,0.43333333333333335,0.7607482512812673,0.6404737026473564,17.534243992442388,0.9799244301197766
4.3,0.3526886217034224,5,0,-0.1362812962152784,0.43333333333333335,0.7607482512812673,0.6404737026473564,17.534243992442388,0.9799244301197766
4.3999999999999995,0.3526886217034224,5,0,-0.1362812962152784,0.43333333333333335,0.7607482512812673,0.6404737026473564,17.534243992442388,0.9799244301197766
4.5,0.3526886217034224,5,0,-0.1362812962152784,0.43333333333333335,0.7607482512812673,0.6404737026473564,17.534243992442388,0.9799244301197766
4.6,0.3526886217034224,5,0,-0.1362812962152784,0.43333333333333335,0.7607482512812673,0.6404737026473564,17.534243992442388,0.9799244301197766
4.7,0.3526886217034224,5,0,-0.1362812962152784,0.43333333333333335,0.7607482512812673,0.6404737026473564,17.534243992442388,0.9799244301197766
4.8,0.3526886217034224,5,0,-0.1362812962152784,0.43333333333333335,0.7607482512812673,0.6404737026473564,17.534243992442388,0.9799244301197766
4.9,0.3526886217034224,5,0,-0.1362812962152784,0.43333333333333335,0.7607482512812673,0.6404737026473564,17.534243992442388,0.9799244301197766
5.0,0.3526886217034224,5,0,-0.1362812962152784,0.43333333333333335,0.7607482512812673,0.6404737026473564,17.534243992442388,0.9799244301197766
0.1,-0.0068499978648751125,4,46,-0.1427463608500295,0.49333333333333335,0.7755841568983018,0.682444486877729,28.09125255685676,0.993259740019818
0.2,-0.0068499978648751125,4,37,-0.1427463608500295,0.49333333333333335,0.7755841568983018,0.682444486877729,28.09125255685676,0.993259740019818
0.30000000000000004,0.5353298907608394,5,30,-0.1427463608500295,0.49333333333333335,0.7755841568983018,0.682444486877729,30.741074609056167,0.9942497859662747
0.4,0.6118340615983584,5,26,-0.1427463608500295,0.49333333333333335,0.7755841568983018,0.682444486877729,30.730855740295933,0.9942459350831835
0.5,-0.0068499978648751125,4,21,-0.1427463608500295,0.49333333333333335,0.7755841568983018,0.682444486877729,28.09125255685676,0.993259740019818
0.6,0.5023725600215372,5,14,-0.1427463608500295,0.49333333333333335,0.7755841568983018,0.682444486877729,30.82374205973744,0.9942793649108604
0.7000000000000001,0.5040360081411146,5,8,-0.1427463608500295,0.49333333333333335,0.7755841568983018,0.682444486877729,30.79769290547356,0.9942701928113865
0.8,0.5030229295536025,5,6,-0.1427463608500295,0.49333333333333335,0.7755841568983018,0.682444486877729,30.822142738192472,0.9942788040692065
0.9,0.4569158029042404,5,5,-0.1427463608500295,0.49333333333333335,0.7755841568983018,0.682444486877729,31.438140256567404,0.994486555564936
1.0,0.4569158029042404,5,4,-0.1427463608500295,0.49333333333333335,0.7755841568983018,0.682444486877729,31.438140256567404,0.994486555564936
1.1,0.4569158029042404,5,3,-0.1427463608500295,0.49333333333333335,0.7755841568983018,0.682444486877729,31.438140256567404,0.994486555564936
1.2000000000000002,0.4569158029042404,5,2,-0.1427463608500295,0.49333333333333335,0.7755841568983018,0.682444486877729,31.438140256567404,0.994486555564936
1.3000000000000003,0.00024145010394976962,4,1,-0.1427463608500295,0.49333333333333335,0.7755841568983018,0.682444486877729,27.92618075844386,0.9931900959162966
1.4000000000000001,0.00024145010394976962,4,1,-0.1427463608500295,0.49333333333333335,0.7755841568983018,0.682444486877729,27.92618075844386,0.9931900959162966
1.5000000000000002,-0.0068499978648751125,4,0,-0.1427463608500295,0.49333333333333335,0.7755841568983018,0.682444486877729,28.09125255685676,0.993259740019818
1.6,-0.0068499978648751125,4,0,-0.1427463608500295,0.49333333333333335,0.7755841568983018,0.682444486877729,28.09125255685676,0.993259740019818
1.7000000000000002,-0.0068499978648751125,4,0,-0.1427463608500295,0.49333333333333335,0.7755841568983018,0.682444486877729,28.09125255685676,0.993259740019818
1.8000000000000003,-0.0068499978648751125,4,0,-0.1427463608500295,0.49333333333333335,0.7755841568983018,0.682444486877729,28.09125255685676,0.993259740019818
1.9000000000000001,-0.0068499978648751125,4,0,-0.1427463608500295,0.49333333333333335,0.7755841568983018,0.682444486877729,28.09125255685676,0.993259740019818
2.0,-0.0068499978648751125,4,0,-0.1427463608500295,0.49333333333333335,0.7755841568983018,0.682444486877729,28.09125255685676,0.993259740019818
2.1,-0.0068499978648751125,4,0,-0.1427463608500295,0.49333333333333335,0.7755841568983018,0.682444486877729,28.09125255685676,0.993259740019818
2.2,-0.0068499978648751125,4,0,-0.1427463608500295,0.49333333333333335,0.7755841568983018,0.682444486877729,28.09125255685676,0.993259740019818
2.3000000000000003,-0.0068499978648751125,4,0,-0.1427463608500295,0.49333333333333335,0.7755841568983018,0.682444486877729,28.09125255685676,0.993259740019818
2.4000000000000004,-0.0068499978648751125,4,0,-0.1427463608500295,0.49333333333333335,0.7755841568983018,0.682444486877729,28.09125255685676,0.993259740019818
2.5000000000000004,-0.0068499978648751125,4,0,-0.1427463608500295,0.49333333333333335,0.7755841568983018,0.682444486877729,28.09125255685676,0.993259740019818
2.6,-0.0068499978648751125,4,0,-0.1427463608500295,0.49333333333333335,0.7755841568983018,0.682444486877729,28.09125255685676,0.993259740019818
2.7,-0.0068499978648751125,4,0,-0.1427463608500295,0.49333333333333335,0.7755841568983018,0.682444486877729,28.09125255685676,0.993259740019818
2.8000000000000003,-0.0068499978648751125,4,0,-0.1427463608500295,0.49333333333333335,0.7755841568983018,0.682444486877729,28.09125255685676,0.993259740019818
2.9000000000000004,-0.0068499978648751125,4,0,-0.1427463608500295,0.49333333333333335,0.7755841568983018,0.682444486877729,28.09125255685676,0.993259740019818
3.0000000000000004,-0.0068499978648751125,4,0,-0.1427463608500295,0.49333333333333335,0.7755841568983018,0.682444486877729,28.09125255685676,0.993259740019818
3.1,-0.0068499978648751125,4,0,-0.1427463608500295,0.49333333333333335,0.7755841568983018,0.682444486877729,28.09125255685676,0.993259740019818
3.2,-0.0068499978648751125,4,0,-0.1427463608500295,0.49333333333333335,0.7755841568983018,0.682444486877729,28.09125255685676,0.993259740019818
3.3000000000000003,-0.0068499978648751125,4,0,-0.1427463608500295,0.49333333333333335,0.7755841568983018,0.682444486877729,28.09125255685676,0.993259740019818
3.4000000000000004,-0.0068499978648751125,4,0,-0.1427463608500295,0.49333333333333335,0.7755841568983018,0.682444486877729,28.09125255685676,0.993259740019818
3.5000000000000004,-0.0068499978648751125,4,0,-0.1427463608500295,0.49333333333333335,0.7755841568983018,0.682444486877729,28.09125255685676,0.993259740019818
3.6,-0.0068499978648751125,4,0,-0.1427463608500295,0.49333333333333335,0.7755841568983018,0.682444486877729,28.09125255685676,0.993259740019818
3.7,-0.0068499978648751125,4,0,-0.1427463608500295,0.49333333333333335,0.7755841568983018,0.682444486877729,28.09125255685676,0.993259740019818
3.8000000000000003,-0.0068499978648751125,4,0,-0.1427463608500295,0.49333333333333335,0.7755841568983018,0.682444486877729,28.09125255685676,0.993259740019818
3.9000000000000004,-0.0068499978648751125,4,0,-0.1427463608500295,0.49333333333333335,0.7755841568983018,0.682444486877729,28.09125255685676,0.993259740019818
4.0,-0.0068499978648751125,4,0,-0.1427463608500295,0.49333333333333335,0.7755841568983018,0.682444486877729,28.09125255685676,0.993259740019818
4.1,-0.0068499978648751125,4,0,-0.1427463608500295,0.49333333333333335,0.7755841568983018,0.682444486877729,28.09125255685676,0.993259740019818
4.2,-0.0068499978648751125,4,0,-0.1427463608500295,0.49333333333333335,0.7755841568983018,0.682444486877729,28.09125255685676,0.993259740019818
4.3,-0.0068499978648751125,4,0,-0.1427463608500295,0.49333333333333335,0.7755841568983018,0.682444486877729,28.09125255685676,0.993259740019818
4.3999999999999995,-0.0068499978648751125,4,0,-0.1427463608500295,0.49333333333333335,0.7755841568983018,0.682444486877729,28.09125255685676,0.993259740019818
4.5,-0.0068499978648751125,4,0,-0.1427463608500295,0.49333333333333335,0.7755841568983018,0.682444486877729,28.09125255685676,0.993259740019818
4.6,-0.0068499978648751125,4,0,-0.1427463608500295,0.49333333333333335,0.7755841568983018,0.682444486877729,28.09125255685676,0.993259740019818
4.7,-0.0068499978648751125,4,0,-0.1427463608500295,0.49333333333333335,0.7755841568983018,0.682444486877729,28.09125255685676,0.993259740019818
4.8,-0.0068499978648751125,4,0,-0.1427463608500295,0.49333333333333335,0.7755841568983018,0.682444486877729,28.09125255685676,0.993259740019818
4.9,-0.0068499978648751125,4,0,-0.1427463608500295,0.49333333333333335,0.7755841568983018,0.682444486877729,28.09125255685676,0.993259740019818
5.0,-0.0068499978648751125,4,0,-0.1427463608500295,0.49333333333333335,0.7755841568983018,0.682444486877729,28.09125255685676,0.993259740019818
0.1,0.03646133576587385,4,43,0.04186511984721575,0.5333333333333333,1.085183779333876,0.6590221785421151,24.6282210585366,0.9908743668339971
0.2,0.03646133576587385,4,35,0.04186511984721575,0.5333333333333333,1.085183779333876,0.6590221785421151,24.6282210585366,0.9908743668339971
0.30000000000000004,0.03646133576587385,4,31,0.04186511984721575,0.5333333333333333,1.085183779333876,0.6590221785421151,24.6282210585366,0.9908743668339971
0.4,0.043734000834888154,4,24,0.04186511984721575,0.5333333333333333,1.085183779333876,0.6590221785421151,24.62800663355676,0.9908731042115281
0.5,0.5064872809867933,5,17,0.04186511984721575,0.5333333333333333,1.085183779333876,0.6590221785421151,24.561333014902658,0.9906277500095807
0.6,0.5065221047266686,5,15,0.04186511984721575,0.5333333333333333,1.085183779333876,0.6590221785421151,24.561714512626235,0.9906292802391679
0.7000000000000001,0.505533047503631,5,14,0.04186511984721575,0.5333333333333333,1.085183779333876,0.6590221785421151,24.56209159438162,0.990630791053827
0.8,0.505533047503631,5,12,0.04186511984721575,0.5333333333333333,1.085183779333876,0.6590221785421151,24.56209159438162,0.990630791053827
0.9,0.4934759041801404,5,8,0.04186511984721575,0.5333333333333333,1.085183779333876,0.6590221785421151,24.544955990772593,0.9905343792351047
1.0,0.4934759041801404,5,5,0.04186511984721575,0.5333333333333333,1.085183779333876,0.6590221785421151,24.544955990772593,0.9905343792351047
1.1,0.18660861332689593,5,2,0.04186511984721575,0.5333333333333333,1.085183779333876,0.6590221785421151,24.790182239638437,0.9913442082513861
1.2000000000000002,0.18660861332689593,5,1,0.04186511984721575,0.5333333333333333,1.085183779333876,0.6590221785421151,24.790182239638437,0.9913442082513861
1.3000000000000003,0.18660861332689593,5,1,0.04186511984721575,0.5333333333333333,1.085183779333876,0.6590221785421151,24.790182239638437,0.9913442082513861
1.4000000000000001,0.029096551553662475,4,0,0.04186511984721575,0.5333333333333333,1.085183779333876,0.6590221785421151,24.648019185333826,0.9909482338518372
1.5000000000000002,0.029096551553662475,4,0,0.04186511984721575,0.5333333333333333,1.085183779333876,0.6590221785421151,24.648019185333826,0.9909482338518372
1.6,0.029096551553662475,4,0,0.04186511984721575,0.5333333333333333,1.085183779333876,0.6590221785421151,24.648019185333826,0.9909482338518372
1.7000000000000002,0.029096551553662475,4,0,0.04186511984721575,0.5333333333333333,1.085183779333876,0.6590221785421151,24.648019185333826,0.9909482338518372
1.8000000000000003,0.029096551553662475,4,0,0.04186511984721575,0.5333333333333333,1.085183779333876,0.6590221785421151,24.648019185333826,0.9909482338518372
1.9000000000000001,0.029096551553662475,4,0,0.04186511984721575,0.5333333333333333,1.085183779333876,0.6590221785421151,24.648019185333826,0.9909482338518372
2.0,0.029096551553662475,4,0,0.04186511984721575,0.5333333333333333,1.085183779333876,0.6590221785421151,24.648019185333826,0.9909482338518372
2.1,0.029096551553662475,4,0,0.04186511984721575,0.5333333333333333,1.085183779333876,0.6590221785421151,24.648019185333826,0.9909482338518372
2.2,0.029096551553662475,4,0,0.04186511984721575,0.5333333333333333,1.085183779333876,0.6590221785421151,24.648019185333826,0.9909482338518372
2.3000000000000003,0.029096551553662475,4,0,0.04186511984721575,0.5333333333333333,1.085183779333876,0.6590221785421151,24.648019185333826,0.9909482338518372
2.4000000000000004,0.029096551553662475,4,0,0.04186511984721575,0.5333333333333333,1.085183779333876,0.6590221785421151,24.648019185333826,0.9909482338518372
2.5000000000000004,0.029096551553662475,4,0,0.04186511984721575,0.5333333333333333,1.085183779333876,0.6590221785421151,24.648019185333826,0.9909482338518372
2.6,0.029096551553662475,4,0,0.04186511984721575,0.5333333333333333,1.085183779333876,0.6590221785421151,24.648019185333826,0.9909482338518372
2.7,0.029096551553662475,4,0,0.04186511984721575,0.5333333333333333,1.085183779333876,0.6590221785421151,24.648019185333826,0.9909482338518372
2.8000000000000003,0.029096551553662475,4,0,0.04186511984721575,0.5333333333333333,1.085183779333876,0.6590221785421151,24.648019185333826,0.9909482338518372
2.9000000000000004,0.029096551553662475,4,0,0.04186511984721575,0.5333333333333333,1.085183779333876,0.6590221785421151,24.648019185333826,0.9909482338518372
3.0000000000000004,0.029096551553662475,4,0,0.04186511984721575,0.5333333333333333,1.085183779333876,0.6590221785421151,24.648019185333826,0.9909482338518372
3.1,0.029096551553662475,4,0,0.04186511984721575,0.5333333333333333,1.085183779333876,0.6590221785421151,24.648019185333826,0.9909482338518372
3.2,0.029096551553662475,4,0,0.04186511984721575,0.5333333333333333,1.085183779333876,0.6590221785421151,24.648019185333826,0.9909482338518372
3.3000000000000003,0.029096551553662475,4,0,0.04186511984721575,0.5333333333333333,1.085183779333876,0.6590221785421151,24.648019185333826,0.9909482338518372
3.4000000000000004,0.029096551553662475,4,0,0.04186511984721575,0.5333333333333333,1.085183779333876,0.6590221785421151,24.648019185333826,0.9909482338518372
3.5000000000000004,0.029096551553662475,4,0,0.04186511984721575,0.5333333333333333,1.085183779333876,0.6590221785421151,24.648019185333826,0.9909482338518372
3.6,0.029096551553662475,4,0,0.04186511984721575,0.5333333333333333,1.085183779333876,0.6590221785421151,24.648019185333826,0.9909482338518372
3.7,0.029096551553662475,4,0,0.04186511984721575,0.5333333333333333,1.085183779333876,0.6590221785421151,24.648019185333826,0.9909482338518372
3.8000000000000003,0.029096551553662475,4,0,0.04186511984721575,0.5333333333333333,1.085183779333876,0.6590221785421151,24.648019185333826,0.9909482338518372
3.9000000000000004,0.029096551553662475,4,0,0.04186511984721575,0.5333333333333333,1.085183779333876,0.6590221785421151,24.648019185333826,0.9909482338518372
4.0,0.029096551553662475,4,0,0.04186511984721575,0.5333333333333333,1.085183779333876,0.6590221785421151,24.648019185333826,0.9909482338518372
4.1,0.029096551553662475,4,0,0.04186511984721575,0.5333333333333333,1.085183779333876,0.6590221785421151,24.648019185333826,0.9909482338518372
4.2,0.029096551553662475,4,0,0.04186511984721575,0.5333333333333333,1.085183779333876,0.6590221785421151,24.648019185333826,0.9909482338518372
4.3,0.029096551553662475,4,0,0.04186511984721575,0.5333333333333333,1.085183779333876,0.6590221785421151,24.648019185333826,0.9909482338518372
4.3999999999999995,0.029096551553662475,4,0,0.04186511984721575,0.5333333333333333,1.085183779333876,0.6590221785421151,24.648019185333826,0.9909482338518372
4.5,0.029096551553662475,4,0,0.04186511984721575,0.5333333333333333,1.085183779333876,0.6590221785421151,24.648019185333826,0.9909482338518372
4.6,0.029096551553662475,4,0,0.04186511984721575,0.5333333333333333,1.085183779333876,0.6590221785421151,24.648019185333826,0.9909482338518372
4.7,0.029096551553662475,4,0,0.04186511984721575,0.5333333333333333,1.085183779333876,0.6590221785421151,24.648019185333826,0.9909482338518372
4.8,0.029096551553662475,4,0,0.04186511984721575,0.5333333333333333,1.085183779333876,0.6590221785421151,24.648019185333826,0.9909482338518372
4.9,0.029096551553662475,4,0,0.04186511984721575,0.5333333333333333,1.085183779333876,0.6590221785421151,24.648019185333826,0.9909482338518372
5.0,0.029096551553662475,4,0,0.04186511984721575,0.5333333333333333,1.085183779333876,0.6590221785421151,24.648019185333826,0.9909482338518372
0.1,0.024035055565784447,4,46,-0.16300662209272826,0.47333333333333333,0.7438372041504338,0.6373863339035697,45.27227826761758,0.9840775971051793
0.4,0.024035055565784447,4,26,-0.16300662209272826,0.47333333333333333,0.7438372041504338,0.6373863339035697,45.27227826761758,0.9840775971051793
0.5,0.504221813321175,5,23,-0.16300662209272826,0.47333333333333333,0.7438372041504338,0.6373863339035697,46.371705709620045,0.985168959093611
0.6,0.504221813321175,5,18,-0.16300662209272826,0.47333333333333333,0.7438372041504338,0.6373863339035697,46.371705709620045,0.985168959093611
0.7000000000000001,0.5011603924775218,5,11,-0.16300662209272826,0.47333333333333333,0.7438372041504338,0.6373863339035697,46.37972892084953,0.9851773594117798
0.8,0.5015345741478141,5,8,-0.16300662209272826,0.47333333333333333,0.7438372041504338,0.6373863339035697,46.37663122929162,0.9851741441408829
0.9,0.5014837868708844,5,6,-0.16300662209272826,0.47333333333333333,0.7438372041504338,0.6373863339035697,46.3765281379485,0.9851740366665265
1.0,0.5014837868708844,5,4,-0.16300662209272826,0.47333333333333333,0.7438372041504338,0.6373863339035697,46.3765281379485,0.9851740366665265
1.1,0.5014837868708844,5,4,-0.16300662209272826,0.47333333333333333,0.7438372041504338,0.6373863339035697,46.3765281379485,0.9851740366665265
1.2000000000000002,0.5014837868708844,5,3,-0.16300662209272826,0.47333333333333333,0.7438372041504338,0.6373863339035697,46.3765281379485,0.9851740366665265
1.3000000000000003,0.4981123622014588,5,1,-0.16300662209272826,0.47333333333333333,0.7438372041504338,0.6373863339035697,46.40301150707378,0.9852010867181614
1.4000000000000001,0.4981123622014588,5,1,-0.16300662209272826,0.47333333333333333,0.7438372041504338,0.6373863339035697,46.40301150707378,0.9852010867181614
1.5000000000000002,0.4981123622014588,5,1,-0.16300662209272826,0.47333333333333333,0.7438372041504338,0.6373863339035697,46.40301150707378,0.9852010867181614
1.6,0.4983306174720722,5,1,-0.16300662209272826,0.47333333333333333,0.7438372041504338,0.6373863339035697,46.402808327591174,0.9852008814986324
1.7000000000000002,0.4983306174720722,5,1,-0.16300662209272826,0.47333333333333333,0.7438372041504338,0.6373863339035697,46.402808327591174,0.9852008814986324
1.8000000000000003,0.024035055565784447,4,0,-0.16300662209272826,0.47333333333333333,0.7438372041504338,0.6373863339035697,45.27227826761758,0.9840775971051793
1.9000000000000001,0.024035055565784447,4,0,-0.16300662209272826,0.47333333333333333,0.7438372041504338,0.6373863339035697,45.27227826761758,0.9840775971051793
2.0,0.024035055565784447,4,0,-0.16300662209272826,0.47333333333333333,0.7438372041504338,0.6373863339035697,45.27227826761758,0.9840775971051793
2.1,0.024035055565784447,4,0,-0.16300662209272826,0.47333333333333333,0.7438372041504338,0.6373863339035697,45.27227826761758,0.9840775971051793
2.2,0.024035055565784447,4,0,-0.16300662209272826,0.47333333333333333,0.7438372041504338,0.6373863339035697,45.27227826761758,0.9840775971051793
2.3000000000000003,0.024035055565784447,4,0,-0.16300662209272826,0.47333333333333333,0.7438372041504338,0.6373863339035697,45.27227826761758,0.9840775971051793
2.4000000000000004,0.024035055565784447,4,0,-0.16300662209272826,0.47333333333333333,0.7438372041504338,0.6373863339035697,45.27227826761758,0.9840775971051793
2.5000000000000004,0.024035055565784447,4,0,-0.16300662209272826,0.47333333333333333,0.7438372041504338,0.6373863339035697,45.27227826761758,0.9840775971051793
2.6,0.024035055565784447,4,0,-0.16300662209272826,0.47333333333333333,0.7438372041504338,0.6373863339035697,45.27227826761758,0.9840775971051793
2.7,0.024035055565784447,4,0,-0.16300662209272826,0.47333333333333333,0.7438372041504338,0.6373863339035697,45.27227826761758,0.9840775971051793
2.8000000000000003,0.024035055565784447,4,0,-0.16300662209272826,0.47333333333333333,0.7438372041504338,0.6373863339035697,45.27227826761758,0.9840775971051793
2.9000000000000004,0.024035055565784447,4,0,-0.16300662209272826,0.47333333333333333,0.7438372041504338,0.6373863339035697,45.27227826761758,0.9840775971051793
3.0000000000000004,0.024035055565784447,4,0,-0.16300662209272826,0.47333333333333333,0.7438372041504338,0.6373863339035697,45.27227826761758,0.9840775971051793
3.1,0.024035055565784447,4,0,-0.16300662209272826,0.47333333333333333,0.7438372041504338,0.6373863339035697,45.27227826761758,0.9840775971051793
3.2,0.024035055565784447,4,0,-0.16300662209272826,0.47333333333333333,0.7438372041504338,0.6373863339035697,45.27227826761758,0.9840775971051793
3.3000000000000003,0.024035055565784447,4,0,-0.16300662209272826,0.47333333333333333,0.7438372041504338,0.6373863339035697,45.27227826761758,0.9840775971051793
3.4000000000000004,0.024035055565784447,4,0,-0.16300662209272826,0.47333333333333333,0.7438372041504338,0.6373863339035697,45.27227826761758,0.9840775971051793
3.5000000000000004,0.024035055565784447,4,0,-0.16300662209272826,0.47333333333333333,0.7438372041504338,0.6373863339035697,45.27227826761758,0.9840775971051793
3.6,0.024035055565784447,4,0,-0.16300662209272826,0.47333333333333333,0.7438372041504338,0.6373863339035697,45.27227826761758,0.9840775971051793
3.7,0.024035055565784447,4,0,-0.16300662209272826,0.47333333333333333,0.7438372041504338,0.6373863339035697,45.27227826761758,0.9840775971051793
3.8000000000000003,0.024035055565784447,4,0,-0.16300662209272826,0.47333333333333333,0.7438372041504338,0.6373863339035697,45.27227826761758,0.9840775971051793
3.9000000000000004,0.024035055565784447,4,0,-0.16300662209272826,0.47333333333333333,0.7438372041504338,0.6373863339035697,45.27227826761758,0.9840775971051793
4.0,0.024035055565784447,4,0,-0.16300662209272826,0.47333333333333333,0.7438372041504338,0.6373863339035697,45.27227826761758,0.9840775971051793
4.1,0.024035055565784447,4,0,-0.16300662209272826,0.47333333333333333,0.7438372041504338,0.6373863339035697,45.27227826761758,0.9840775971051793
4.2,0.024035055565784447,4,0,-0.16300662209272826,0.47333333333333333,0.7438372041504338,0.6373863339035697,45.27227826761758,0.9840775971051793
4.3,0.024035055565784447,4,0,-0.16300662209272826,0.47333333333333333,0.7438372041504338,0.6373863339035697,45.27227826761758,0.9840775971051793
4.3999999999999995,0.024035055565784447,4,0,-0.16300662209272826,0.47333333333333333,0.7438372041504338,0.6373863339035697,45.27227826761758,0.9840775971051793
4.5,0.024035055565784447,4,0,-0.16300662209272826,0.47333333333333333,0.7438372041504338,0.6373863339035697,45.27227826761758,0.9840775971051793
4.6,0.024035055565784447,4,0,-0.16300662209272826,0.47333333333333333,0.7438372041504338,0.6373863339035697,45.27227826761758,0.9840775971051793
4.7,0.024035055565784447,4,0,-0.16300662209272826,0.47333333333333333,0.7438372041504338,0.6373863339035697,45.27227826761758,0.9840775971051793
4.8,0.024035055565784447,4,0,-0.16300662209272826,0.47333333333333333,0.7438372041504338,0.6373863339035697,45.27227826761758,0.9840775971051793
4.9,0.024035055565784447,4,0,-0.16300662209272826,0.47333333333333333,0.7438372041504338,0.6373863339035697,45.27227826761758,0.9840775971051793
5.0,0.024035055565784447,4,0,-0.16300662209272826,0.47333333333333333,0.7438372041504338,0.6373863339035697,45.27227826761758,0.9840775971051793
0.7000000000000001,0.49713129093301417,5,11,-0.14679789645611963,0.4666666666666667,0.760706803162585,0.6577015487637144,193.37128921728316,0.9989423297816563
0.8,0.49713129093301417,5,6,-0.14679789645611963,0.4666666666666667,0.760706803162585,0.6577015487637144,193.37128921728316,0.9989423297816563
0.9,0.49713129093301417,5,4,-0.14679789645611963,0.4666666666666667,0.760706803162585,0.6577015487637144,193.37128921728316,0.9989423297816563
1.0,0.49713129093301417,5,2,-0.14679789645611963,0.4666666666666667,0.760706803162585,0.6577015487637144,193.37128921728316,0.9989423297816563
1.1,0.497050966589942,5,2,-0.14679789645611963,0.4666666666666667,0.760706803162585,0.6577015487637144,193.35912720049956,0.9989420865249666
1.2000000000000002,0.497050966589942,5,2,-0.14679789645611963,0.4666666666666667,0.760706803162585,0.6577015487637144,193.35912720049956,0.9989420865249666
1.3000000000000003,0.497050966589942,5,2,-0.14679789645611963,0.4666666666666667,0.760706803162585,0.6577015487637144,193.35912720049956,0.9989420865249666
1.4000000000000001,0.497050966589942,5,1,-0.14679789645611963,0.4666666666666667,0.760706803162585,0.6577015487637144,193.35912720049956,0.9989420865249666
1.5000000000000002,0.497050966589942,5,1,-0.14679789645611963,0.4666666666666667,0.760706803162585,0.6577015487637144,193.35912720049956,0.9989420865249666
1.6,0.497050966589942,5,1,-0.14679789645611963,0.4666666666666667,0.760706803162585,0.6577015487637144,193.35912720049956,0.9989420865249666
1.7000000000000002,0.497050966589942,5,1,-0.14679789645611963,0.4666666666666667,0.760706803162585,0.6577015487637144,193.35912720049956,0.9989420865249666
1.8000000000000003,0.008124517616184324,5,0,-0.14679789645611963,0.4666666666666667,0.760706803162585,0.6577015487637144,164.45797009433994,0.9981093871657968
1.9000000000000001,0.008124517616184324,5,0,-0.14679789645611963,0.4666666666666667,0.760706803162585,0.6577015487637144,164.45797009433994,0.9981093871657968
2.0,0.008124517616184324,5,0,-0.14679789645611963,0.4666666666666667,0.760706803162585,0.6577015487637144,164.45797009433994,0.9981093871657968
2.1,0.008124517616184324,5,0,-0.14679789645611963,0.4666666666666667,0.760706803162585,0.6577015487637144,164.45797009433994,0.9981093871657968
2.2,0.008124517616184324,5,0,-0.14679789645611963,0.4666666666666667,0.760706803162585,0.6577015487637144,164.45797009433994,0.9981093871657968
2.3000000000000003,0.008124517616184324,5,0,-0.14679789645611963,0.4666666666666667,0.760706803162585,0.6577015487637144,164.45797009433994,0.9981093871657968
2.4000000000000004,0.008124517616184324,5,0,-0.14679789645611963,0.4666666666666667,0.760706803162585,0.6577015487637144,164.45797009433994,0.9981093871657968
2.5000000000000004,0.008124517616184324,5,0,-0.14679789645611963,0.4666666666666667,0.760706803162585,0.6577015487637144,164.45797009433994,0.9981093871657968
2.6,0.008124517616184324,5,0,-0.14679789645611963,0.4666666666666667,0.760706803162585,0.6577015487637144,164.45797009433994,0.9981093871657968
2.7,0.008124517616184324,5,0,-0.14679789645611963,0.4666666666666667,0.760706803162585,0.6577015487637144,164.45797009433994,0.9981093871657968
2.8000000000000003,0.008124517616184324,5,0,-0.14679789645611963,0.4666666666666667,0.760706803162585,0.6577015487637144,164.45797009433994,0.9981093871657968
2.9000000000000004,0.008124517616184324,5,0,-0.14679789645611963,0.4666666666666667,0.760706803162585,0.6577015487637144,164.45797009433994,0.9981093871657968
3.0000000000000004,0.008124517616184324,5,0,-0.14679789645611963,0.4666666666666667,0.760706803162585,0.6577015487637144,164.45797009433994,0.9981093871657968
3.1,0.008124517616184324,5,0,-0.14679789645611963,0.4666666666666667,0.760706803162585,0.6577015487637144,164.45797009433994,0.9981093871657968
3.2,0.008124517616184324,5,0,-0.14679789645611963,0.4666666666666667,0.760706803162585,0.6577015487637144,164.45797009433994,0.9981093871657968
3.3000000000000003,0.008124517616184324,5,0,-0.14679789645611963,0.4666666666666667,0.760706803162585,0.6577015487637144,164.45797009433994,0.9981093871657968
3.4000000000000004,0.008124517616184324,5,0,-0.14679789645611963,0.4666666666666667,0.760706803162585,0.6577015487637144,164.45797009433994,0.9981093871657968
3.5000000000000004,0.008124517616184324,5,0,-0.14679789645611963,0.4666666666666667,0.760706803162585,0.6577015487637144,164.45797009433994,0.9981093871657968
3.6,0.008124517616184324,5,0,-0.14679789645611963,0.4666666666666667,0.760706803162585,0.6577015487637144,164.45797009433994,0.9981093871657968
3.7,0.008124517616184324,5,0,-0.14679789645611963,0.4666666666666667,0.760706803162585,0.6577015487637144,164.45797009433994,0.9981093871657968
3.8000000000000003,0.008124517616184324,5,0,-0.14679789645611963,0.4666666666666667,0.760706803162585,0.6577015487637144,164.45797009433994,0.9981093871657968
3.9000000000000004,0.008124517616184324,5,0,-0.14679789645611963,0.4666666666666667,0.760706803162585,0.6577015487637144,164.45797009433994,0.9981093871657968
4.0,0.008124517616184324,5,0,-0.14679789645611963,0.4666666666666667,0.760706803162585,0.6577015487637144,164.45797009433994,0.9981093871657968
4.1,0.008124517616184324,5,0,-0.14679789645611963,0.4666666666666667,0.760706803162585,0.6577015487637144,164.45797009433994,0.9981093871657968
4.2,0.008124517616184324,5,0,-0.14679789645611963,0.4666666666666667,0.760706803162585,0.6577015487637144,164.45797009433994,0.9981093871657968
4.3,0.008124517616184324,5,0,-0.14679789645611963,0.4666666666666667,0.760706803162585,0.6577015487637144,164.45797009433994,0.9981093871657968
4.3999999999999995,0.008124517616184324,5,0,-0.14679789645611963,0.4666666666666667,0.760706803162585,0.6577015487637144,164.45797009433994,0.9981093871657968
4.5,0.008124517616184324,5,0,-0.14679789645611963,0.4666666666666667,0.760706803162585,0.6577015487637144,164.45797009433994,0.9981093871657968
4.6,0.008124517616184324,5,0,-0.14679789645611963,0.4666666666666667,0.760706803162585,0.6577015487637144,164.45797009433994,0.9981093871657968
4.7,0.008124517616184324,5,0,-0.14679789645611963,0.4666666666666667,0.760706803162585,0.6577015487637144,164.45797009433994,0.9981093871657968
4.8,0.008124517616184324,5,0,-0.14679789645611963,0.4666666666666667,0.760706803162585,0.6577015487637144,164.45797009433994,0.9981093871657968
4.9,0.008124517616184324,5,0,-0.14679789645611963,0.4666666666666667,0.760706803162585,0.6577015487637144,164.45797009433994,0.9981093871657968
5.0,0.008124517616184324,5,0,-0.14679789645611963,0.4666666666666667,0.760706803162585,0.6577015487637144,164.45797009433994,0.9981093871657968
0.1,0.5225199786172439,5,39,0.04643402153297249,0.56,1.090414909631623,0.34228147255999364,21.792420651269783,0.9531414649404849
0.2,0.5280883692975135,5,32,0.04643402153297249,0.56,1.090414909631623,0.34228147255999364,21.79189784489382,0.9531397920395246
0.30000000000000004,0.5416951118282797,5,26,0.04643402153297249,0.56,1.090414909631623,0.34228147255999364,21.790894933659928,0.9531365473086277
0.4,0.5507028309682911,5,19,0.04643402153297249,0.56,1.090414909631623,0.34228147255999364,21.79029712111473,0.9531345879447032
0.5,0.48157979914020554,5,16,0.04643402153297249,0.56,1.090414909631623,0.34228147255999364,21.814367922503784,0.9532064766976207
0.6,0.48780448455595116,5,11,0.04643402153297249,0.56,1.090414909631623,0.34228147255999364,21.811599538042394,0.9531985891003667
0.7000000000000001,0.48780448455595116,5,7,0.04643402153297249,0.56,1.090414909631623,0.34228147255999364,21.811599538042394,0.9531985891003667
0.8,0.48780448455595116,5,4,0.04643402153297249,0.56,1.090414909631623,0.34228147255999364,21.811599538042394,0.9531985891003667
0.9,0.3725769468201536,5,2,0.04643402153297249,0.56,1.090414909631623,0.34228147255999364,22.043697431563142,0.9538084327978978
1.0,0.3725769468201536,5,2,0.04643402153297249,0.56,1.090414909631623,0.34228147255999364,22.043697431563142,0.9538084327978978
1.1,0.3725769468201536,5,1,0.04643402153297249,0.56,1.090414909631623,0.34228147255999364,22.043697431563142,0.9538084327978978
1.2000000000000002,0.03459140320264703,4,0,0.04643402153297249,0.56,1.090414909631623,0.34228147255999364,18.52141861277558,0.9456929826890884
1.3000000000000003,0.03459140320264703,4,0,0.04643402153297249,0.56,1.090414909631623,0.34228147255999364,18.52141861277558,0.9456929826890884
1.4000000000000001,0.03459140320264703,4,0,0.04643402153297249,0.56,1.090414909631623,0.34228147255999364,18.52141861277558,0.9456929826890884
1.5000000000000002,0.03459140320264703,4,0,0.04643402153297249,0.56,1.090414909631623,0.34228147255999364,18.52141861277558,0.9456929826890884
1.6,0.03459140320264703,4,0,0.04643402153297249,0.56,1.090414909631623,0.34228147255999364,18.52141861277558,0.9456929826890884
1.7000000000000002,0.03459140320264703,4,0,0.04643402153297249,0.56,1.090414909631623,0.34228147255999364,18.52141861277558,0.9456929826890884
1.8000000000000003,0.03459140320264703,4,0,0.04643402153297249,0.56,1.090414909631623,0.34228147255999364,18.52141861277558,0.9456929826890884
1.9000000000000001,0.03459140320264703,4,0,0.04643402153297249,0.56,1.090414909631623,0.34228147255999364,18.52141861277558,0.9456929826890884
2.0,0.03459140320264703,4,0,0.04643402153297249,0.56,1.090414909631623,0.34228147255999364,18.52141861277558,0.9456929826890884
2.1,0.03459140320264703,4,0,0.04643402153297249,0.56,1.090414909631623,0.34228147255999364,18.52141861277558,0.9456929826890884
2.2,0.03459140320264703,4,0,0.04643402153297249,0.56,1.090414909631623,0.34228147255999364,18.52141861277558,0.9456929826890884
2.3000000000000003,0.03459140320264703,4,0,0.04643402153297249,0.56,1.090414909631623,0.34228147255999364,18.52141861277558,0.9456929826890884
2.4000000000000004,0.03459140320264703,4,0,0.04643402153297249,0.56,1.090414909631623,0.34228147255999364,18.52141861277558,0.9456929826890884
2.5000000000000004,0.03459140320264703,4,0,0.04643402153297249,0.56,1.090414909631623,0.34228147255999364,18.52141861277558,0.9456929826890884
2.6,0.03459140320264703,4,0,0.04643402153297249,0.56,1.090414909631623,0.34228147255999364,18.52141861277558,0.9456929826890884
2.7,0.03459140320264703,4,0,0.04643402153297249,0.56,1.090414909631623,0.34228147255999364,18.52141861277558,0.9456929826890884
2.8000000000000003,0.03459140320264703,4,0,0.04643402153297249,0.56,1.090414909631623,0.34228147255999364,18.52141861277558,0.9456929826890884
2.9000000000000004,0.03459140320264703,4,0,0.04643402153297249,0.56,1.090414909631623,0.34228147255999364,18.52141861277558,0.9456929826890884
3.0000000000000004,0.03459140320264703,4,0,0.04643402153297249,0.56,1.090414909631623,0.34228147255999364,18.52141861277558,0.9456929826890884
3.1,0.03459140320264703,4,0,0.04643402153297249,0.56,1.090414909631623,0.34228147255999364,18.52141861277558,0.9456929826890884
3.2,0.03459140320264703,4,0,0.04643402153297249,0.56,1.090414909631623,0.34228147255999364,18.52141861277558,0.9456929826890884
3.3000000000000003,0.03459140320264703,4,0,0.04643402153297249,0.56,1.090414909631623,0.34228147255999364,18.52141861277558,0.9456929826890884
3.4000000000000004,0.03459140320264703,4,0,0.04643402153297249,0.56,1.090414909631623,0.34228147255999364,18.52141861277558,0.9456929826890884
3.5000000000000004,0.03459140320264703,4,0,0.04643402153297249,0.56,1.090414909631623,0.34228147255999364,18.52141861277558,0.9456929826890884
3.6,0.03459140320264703,4,0,0.04643402153297249,0.56,1.090414909631623,0.34228147255999364,18.52141861277558,0.9456929826890884
3.7,0.03459140320264703,4,0,0.04643402153297249,0.56,1.090414909631623,0.34228147255999364,18.52141861277558,0.9456929826890884
3.8000000000000003,0.03459140320264703,4,0,0.04643402153297249,0.56,1.090414909631623,0.34228147255999364,18.52141861277558,0.9456929826890884
3.9000000000000004,0.03459140320264703,4,0,0.04643402153297249,0.56,1.090414909631623,0.34228147255999364,18.52141861277558,0.9456929826890884
4.0,0.03459140320264703,4,0,0.04643402153297249,0.56,1.090414909631623,0.34228147255999364,18.52141861277558,0.9456929826890884
4.1,0.03459140320264703,4,0,0.04643402153297249,0.56,1.090414909631623,0.34228147255999364,18.52141861277558,0.9456929826890884
4.2,0.03459140320264703,4,0,0.04643402153297249,0.56,1.090414909631623,0.34228147255999364,18.52141861277558,0.9456929826890884
4.3,0.03459140320264703,4,0,0.04643402153297249,0.56,1.090414909631623,0.34228147255999364,18.52141861277558,0.9456929826890884
4.3999999999999995,0.03459140320264703,4,0,0.04643402153297249,0.56,1.090414909631623,0.34228147255999364,18.52141861277558,0.9456929826890884
4.5,0.03459140320264703,4,0,0.04643402153297249,0.56,1.090414909631623,0.34228147255999364,18.52141861277558,0.9456929826890884
4.6,0.03459140320264703,4,0,0.04643402153297249,0.56,1.090414909631623,0.34228147255999364,18.52141861277558,0.9456929826890884
4.7,0.03459140320264703,4,0,0.04643402153297249,0.56,1.090414909631623,0.34228147255999364,18.52141861277558,0.9456929826890884
4.8,0.03459140320264703,4,0,0.04643402153297249,0.56,1.090414909631623,0.34228147255999364,18.52141861277558,0.9456929826890884
4.9,0.03459140320264703,4,0,0.04643402153297249,0.56,1.090414909631623,0.34228147255999364,18.52141861277558,0.9456929826890884
5.0,0.03459140320264703,4,0,0.04643402153297249,0.56,1.090414909631623,0.34228147255999364,18.52141861277558,0.9456929826890884
0.1,0.5280201187977915,5,43,-0.057379472887278515,0.4666666666666667,0.8905068303029224,0.4793531061450536,44.911768497894656,0.9615534690508549
0.2,0.5472324283494183,5,40,-0.057379472887278515,0.4666666666666667,0.8905068303029224,0.4793531061450536,44.91084235943033,0.9615526375597603
0.4,0.5472324283494183,5,33,-0.057379472887278515,0.4666666666666667,0.8905068303029224,0.4793531061450536,44.91084235943033,0.9615526375597603
0.6,0.5104124651336759,5,24,-0.057379472887278515,0.4666666666666667,0.8905068303029224,0.4793531061450536,44.91396602235898,0.9615554077329348
0.7000000000000001,0.5104124651336759,5,19,-0.057379472887278515,0.4666666666666667,0.8905068303029224,0.4793531061450536,44.91396602235898,0.9615554077329348
0.8,0.5104124651336759,5,13,-0.057379472887278515,0.4666666666666667,0.8905068303029224,0.4793531061450536,44.91396602235898,0.9615554077329348
0.9,0.5104124651336759,5,9,-0.057379472887278515,0.4666666666666667,0.8905068303029224,0.4793531061450536,44.91396602235898,0.9615554077329348
1.0,0.5103885668954395,5,9,-0.057379472887278515,0.4666666666666667,0.8905068303029224,0.4793531061450536,44.91387945867594,0.9615553320374928
1.1,0.5103885668954395,5,8,-0.057379472887278515,0.4666666666666667,0.8905068303029224,0.4793531061450536,44.91387945867594,0.9615553320374928
1.2000000000000002,0.5103885668954395,5,5,-0.057379472887278515,0.4666666666666667,0.8905068303029224,0.4793531061450536,44.91387945867594,0.9615553320374928
1.3000000000000003,0.5103885668954395,5,4,-0.057379472887278515,0.4666666666666667,0.8905068303029224,0.4793531061450536,44.91387945867594,0.9615553320374928
1.4000000000000001,0.5095282354612418,5,2,-0.057379472887278515,0.4666666666666667,0.8905068303029224,0.4793531061450536,44.91379350092793,0.9615552568264133
1.5000000000000002,0.5095282354612418,5,2,-0.057379472887278515,0.4666666666666667,0.8905068303029224,0.4793531061450536,44.91379350092793,0.9615552568264133
1.6,0.5133964548914733,5,2,-0.057379472887278515,0.4666666666666667,0.8905068303029224,0.4793531061450536,44.91370814825545,0.9615551820989858
1.7000000000000002,0.5049969385137303,5,1,-0.057379472887278515,0.4666666666666667,0.8905068303029224,0.4793531061450536,44.91695480182676,0.9615579984756798
1.8000000000000003,0.5044520247980357,5,1,-0.057379472887278515,0.4666666666666667,0.8905068303029224,0.4793531061450536,44.916849019354785,0.9615579074050259
1.9000000000000001,0.003621171187825678,4,0,-0.057379472887278515,0.4666666666666667,0.8905068303029224,0.4793531061450536,41.74304412868366,0.9596560044812161
2.0,0.003621171187825678,4,0,-0.057379472887278515,0.4666666666666667,0.8905068303029224,0.4793531061450536,41.74304412868366,0.9596560044812161
2.1,0.003621171187825678,4,0,-0.057379472887278515,0.4666666666666667,0.8905068303029224,0.4793531061450536,41.74304412868366,0.9596560044812161
2.2,0.003621171187825678,4,0,-0.057379472887278515,0.4666666666666667,0.8905068303029224,0.4793531061450536,41.74304412868366,0.9596560044812161
2.3000000000000003,0.003621171187825678,4,0,-0.057379472887278515,0.4666666666666667,0.8905068303029224,0.4793531061450536,41.74304412868366,0.9596560044812161
2.4000000000000004,0.003621171187825678,4,0,-0.057379472887278515,0.4666666666666667,0.8905068303029224,0.4793531061450536,41.74304412868366,0.9596560044812161
2.5000000000000004,0.003621171187825678,4,0,-0.057379472887278515,0.4666666666666667,0.8905068303029224,0.4793531061450536,41.74304412868366,0.9596560044812161
2.6,0.003621171187825678,4,0,-0.057379472887278515,0.4666666666666667,0.8905068303029224,0.4793531061450536,41.74304412868366,0.9596560044812161
2.7,0.003621171187825678,4,0,-0.057379472887278515,0.4666666666666667,0.8905068303029224,0.4793531061450536,41.74304412868366,0.9596560044812161
2.8000000000000003,0.003621171187825678,4,0,-0.057379472887278515,0.4666666666666667,0.8905068303029224,0.4793531061450536,41.74304412868366,0.9596560044812161
2.9000000000000004,0.003621171187825678,4,0,-0.057379472887278515,0.4666666666666667,0.8905068303029224,0.4793531061450536,41.74304412868366,0.9596560044812161
3.0000000000000004,0.003621171187825678,4,0,-0.057379472887278515,0.4666666666666667,0.8905068303029224,0.4793531061450536,41.74304412868366,0.9596560044812161
3.1,0.003621171187825678,4,0,-0.057379472887278515,0.4666666666666667,0.8905068303029224,0.4793531061450536,41.74304412868366,0.9596560044812161
3.2,0.003621171187825678,4,0,-0.057379472887278515,0.4666666666666667,0.8905068303029224,0.4793531061450536,41.74304412868366,0.9596560044812161
3.3000000000000003,0.003621171187825678,4,0,-0.057379472887278515,0.4666666666666667,0.8905068303029224,0.4793531061450536,41.74304412868366,0.9596560044812161
3.4000000000000004,0.003621171187825678,4,0,-0.057379472887278515,0.4666666666666667,0.8905068303029224,0.4793531061450536,41.74304412868366,0.9596560044812161
3.5000000000000004,0.003621171187825678,4,0,-0.057379472887278515,0.4666666666666667,0.8905068303029224,0.4793531061450536,41.74304412868366,0.9596560044812161
3.6,0.003621171187825678,4,0,-0.057379472887278515,0.4666666666666667,0.8905068303029224,0.4793531061450536,41.74304412868366,0.9596560044812161
3.7,0.003621171187825678,4,0,-0.057379472887278515,0.4666666666666667,0.8905068303029224,0.4793531061450536,41.74304412868366,0.9596560044812161
3.8000000000000003,0.003621171187825678,4,0,-0.057379472887278515,0.4666666666666667,0.8905068303029224,0.4793531061450536,41.74304412868366,0.9596560044812161
3.9000000000000004,0.003621171187825678,4,0,-0.057379472887278515,0.4666666666666667,0.8905068303029224,0.4793531061450536,41.74304412868366,0.9596560044812161
4.0,0.003621171187825678,4,0,-0.057379472887278515,0.4666666666666667,0.8905068303029224,0.4793531061450536,41.74304412868366,0.9596560044812161
4.1,0.003621171187825678,4,0,-0.057379472887278515,0.4666666666666667,0.8905068303029224,0.4793531061450536,41.74304412868366,0.9596560044812161
4.2,0.003621171187825678,4,0,-0.057379472887278515,0.4666666666666667,0.8905068303029224,0.4793531061450536,41.74304412868366,0.9596560044812161
4.3,0.003621171187825678,4,0,-0.057379472887278515,0.4666666666666667,0.8905068303029224,0.4793531061450536,41.74304412868366,0.9596560044812161
4.3999999999999995,0.003621171187825678,4,0,-0.057379472887278515,0.4666666666666667,0.8905068303029224,0.4793531061450536,41.74304412868366,0.9596560044812161
4.5,0.003621171187825678,4,0,-0.057379472887278515,0.4666666666666667,0.8905068303029224,0.4793531061450536,41.74304412868366,0.9596560044812161
4.6,0.003621171187825678,4,0,-0.057379472887278515,0.4666666666666667,0.8905068303029224,0.4793531061450536,41.74304412868366,0.9596560044812161
4.7,0.003621171187825678,4,0,-0.057379472887278515,0.4666666666666667,0.8905068303029224,0.4793531061450536,41.74304412868366,0.9596560044812161
4.8,0.003621171187825678,4,0,-0.057379472887278515,0.4666666666666667,0.8905068303029224,0.4793531061450536,41.74304412868366,0.9596560044812161
4.9,0.003621171187825678,4,0,-0.057379472887278515,0.4666666666666667,0.8905068303029224,0.4793531061450536,41.74304412868366,0.9596560044812161
5.0,0.003621171187825678,4,0,-0.057379472887278515,0.4666666666666667,0.8905068303029224,0.4793531061450536,41.74304412868366,0.9596560044812161
1.2000000000000002,0.41377606691056057,5,1,0.10912323185576378,0.54,1.253258564683707,0.3672869822400532,27.69584069372498,0.9846127251476184
1.3000000000000003,0.41377606691056057,5,1,0.10912323185576378,0.54,1.253258564683707,0.3672869822400532,27.69584069372498,0.9846127251476184
1.4000000000000001,0.41377606691056057,5,1,0.10912323185576378,0.54,1.253258564683707,0.3672869822400532,27.69584069372498,0.9846127251476184
1.5000000000000002,0.004147958619638181,5,0,0.10912323185576378,0.54,1.253258564683707,0.3672869822400532,16.870133798676346,0.9682453314365078
1.6,0.004147958619638181,5,0,0.10912323185576378,0.54,1.253258564683707,0.3672869822400532,16.870133798676346,0.9682453314365078
1.7000000000000002,0.004147958619638181,5,0,0.10912323185576378,0.54,1.253258564683707,0.3672869822400532,16.870133798676346,0.9682453314365078
1.8000000000000003,0.004147958619638181,5,0,0.10912323185576378,0.54,1.253258564683707,0.3672869822400532,16.870133798676346,0.9682453314365078
1.9000000000000001,0.004147958619638181,5,0,0.10912323185576378,0.54,1.253258564683707,0.3672869822400532,16.870133798676346,0.9682453314365078
2.0,0.004147958619638181,5,0,0.10912323185576378,0.54,1.253258564683707,0.3672869822400532,16.870133798676346,0.9682453314365078
2.1,0.004147958619638181,5,0,0.10912323185576378,0.54,1.253258564683707,0.3672869822400532,16.870133798676346,0.9682453314365078
2.2,0.004147958619638181,5,0,0.10912323185576378,0.54,1.253258564683707,0.3672869822400532,16.870133798676346,0.9682453314365078
2.3000000000000003,0.004147958619638181,5,0,0.10912323185576378,0.54,1.253258564683707,0.3672869822400532,16.870133798676346,0.9682453314365078
2.4000000000000004,0.004147958619638181,5,0,0.10912323185576378,0.54,1.253258564683707,0.3672869822400532,16.870133798676346,0.9682453314365078
2.5000000000000004,0.004147958619638181,5,0,0.10912323185576378,0.54,1.253258564683707,0.3672869822400532,16.870133798676346,0.9682453314365078
2.6,0.004147958619638181,5,0,0.10912323185576378,0.54,1.253258564683707,0.3672869822400532,16.870133798676346,0.9682453314365078
2.7,0.004147958619638181,5,0,0.10912323185576378,0.54,1.253258564683707,0.3672869822400532,16.870133798676346,0.9682453314365078
2.8000000000000003,0.004147958619638181,5,0,0.10912323185576378,0.54,1.253258564683707,0.3672869822400532,16.870133798676346,0.9682453314365078
2.9000000000000004,0.004147958619638181,5,0,0.10912323185576378,0.54,1.253258564683707,0.3672869822400532,16.870133798676346,0.9682453314365078
3.0000000000000004,0.004147958619638181,5,0,0.10912323185576378,0.54,1.253258564683707,0.3672869822400532,16.870133798676346,0.9682453314365078
3.1,0.004147958619638181,5,0,0.10912323185576378,0.54,1.253258564683707,0.3672869822400532,16.870133798676346,0.9682453314365078
3.2,0.004147958619638181,5,0,0.10912323185576378,0.54,1.253258564683707,0.3672869822400532,16.870133798676346,0.9682453314365078
3.3000000000000003,0.004147958619638181,5,0,0.10912323185576378,0.54,1.253258564683707,0.3672869822400532,16.870133798676346,0.9682453314365078
3.4000000000000004,0.004147958619638181,5,0,0.10912323185576378,0.54,1.253258564683707,0.3672869822400532,16.870133798676346,0.9682453314365078
3.5000000000000004,0.004147958619638181,5,0,0.10912323185576378,0.54,1.253258564683707,0.3672869822400532,16.870133798676346,0.9682453314365078
3.6,0.004147958619638181,5,0,0.10912323185576378,0.54,1.253258564683707,0.3672869822400532,16.870133798676346,0.9682453314365078
3.7,0.004147958619638181,5,0,0.10912323185576378,0.54,1.253258564683707,0.3672869822400532,16.870133798676346,0.9682453314365078
3.8000000000000003,0.004147958619638181,5,0,0.10912323185576378,0.54,1.253258564683707,0.3672869822400532,16.870133798676346,0.9682453314365078
3.9000000000000004,0.004147958619638181,5,0,0.10912323185576378,0.54,1.253258564683707,0.3672869822400532,16.870133798676346,0.9682453314365078
4.0,0.004147958619638181,5,0,0.10912323185576378,0.54,1.253258564683707,0.3672869822400532,16.870133798676346,0.9682453314365078
4.1,0.004147958619638181,5,0,0.10912323185576378,0.54,1.253258564683707,0.3672869822400532,16.870133798676346,0.9682453314365078
4.2,0.004147958619638181,5,0,0.10912323185576378,0.54,1.253258564683707,0.3672869822400532,16.870133798676346,0.9682453314365078
4.3,0.004147958619638181,5,0,0.10912323185576378,0.54,1.253258564683707,0.3672869822400532,16.870133798676346,0.9682453314365078
4.3999999999999995,0.004147958619638181,5,0,0.10912323185576378,0.54,1.253258564683707,0.3672869822400532,16.870133798676346,0.9682453314365078
4.5,0.004147958619638181,5,0,0.10912323185576378,0.54,1.253258564683707,0.3672869822400532,16.870133798676346,0.9682453314365078
4.6,0.004147958619638181,5,0,0.10912323185576378,0.54,1.253258564683707,0.3672869822400532,16.870133798676346,0.9682453314365078
4.7,0.004147958619638181,5,0,0.10912323185576378,0.54,1.253258564683707,0.3672869822400532,16.870133798676346,0.9682453314365078
4.8,0.004147958619638181,5,0,0.10912323185576378,0.54,1.253258564683707,0.3672869822400532,16.870133798676346,0.9682453314365078
4.9,0.004147958619638181,5,0,0.10912323185576378,0.54,1.253258564683707,0.3672869822400532,16.870133798676346,0.9682453314365078
5.0,0.004147958619638181,5,0,0.10912323185576378,0.54,1.253258564683707,0.3672869822400532,16.870133798676346,0.9682453314365078
0.1,0.5565403743581558,5,45,0.05590096540215106,0.49333333333333335,1.1277933904766404,0.4411466125515497,20.00420132331862,0.9594667597166826
0.2,0.5073235691943867,5,38,0.05590096540215106,0.49333333333333335,1.1277933904766404,0.4411466125515497,20.02379021989043,0.9594982691171907
0.30000000000000004,0.5071378258274212,5,33,0.05590096540215106,0.49333333333333335,1.1277933904766404,0.4411466125515497,20.018208195952887,0.9594892265845854
0.4,0.5071378258274212,5,30,0.05590096540215106,0.49333333333333335,1.1277933904766404,0.4411466125515497,20.018208195952887,0.9594892265845854
0.5,0.5067301015807391,5,23,0.05590096540215106,0.49333333333333335,1.1277933904766404,0.4411466125515497,20.017671446543787,0.9594883593897736
0.6,0.5067301015807391,5,20,0.05590096540215106,0.49333333333333335,1.1277933904766404,0.4411466125515497,20.017671446543787,0.9594883593897736
0.7000000000000001,0.5067301015807391,5,13,0.05590096540215106,0.49333333333333335,1.1277933904766404,0.4411466125515497,20.017671446543787,0.9594883593897736
0.8,0.5101319318231562,5,12,0.05590096540215106,0.49333333333333335,1.1277933904766404,0.4411466125515497,20.01660958821807,0.959486645079519
0.9,0.5085391779940047,5,9,0.05590096540215106,0.49333333333333335,1.1277933904766404,0.4411466125515497,20.016084469906083,0.9594857979435568
1.0,0.5085391779940047,5,6,0.05590096540215106,0.49333333333333335,1.1277933904766404,0.4411466125515497,20.016084469906083,0.9594857979435568
1.1,0.5006931761651653,5,3,0.05590096540215106,0.49333333333333335,1.1277933904766404,0.4411466125515497,20.07500833107974,0.9595826905990074
1.2000000000000002,0.5006931761651653,5,2,0.05590096540215106,0.49333333333333335,1.1277933904766404,0.4411466125515497,20.07500833107974,0.9595826905990074
1.3000000000000003,0.5006931761651653,5,1,0.05590096540215106,0.49333333333333335,1.1277933904766404,0.4411466125515497,20.07500833107974,0.9595826905990074
1.4000000000000001,0.5006931761651653,5,1,0.05590096540215106,0.49333333333333335,1.1277933904766404,0.4411466125515497,20.07500833107974,0.9595826905990074
1.5000000000000002,0.5006931761651653,5,1,0.05590096540215106,0.49333333333333335,1.1277933904766404,0.4411466125515497,20.07500833107974,0.9595826905990074
1.6,0.5006931761651653,5,1,0.05590096540215106,0.49333333333333335,1.1277933904766404,0.4411466125515497,20.07500833107974,0.9595826905990074
1.7000000000000002,0.16805064242167922,5,0,0.05590096540215106,0.49333333333333335,1.1277933904766404,0.4411466125515497,16.15008110782593,0.9558540374099915
1.8000000000000003,0.16805064242167922,5,0,0.05590096540215106,0.49333333333333335,1.1277933904766404,0.4411466125515497,16.15008110782593,0.9558540374099915
1.9000000000000001,0.16805064242167922,5,0,0.05590096540215106,0.49333333333333335,1.1277933904766404,0.4411466125515497,16.15008110782593,0.9558540374099915
2.0,0.16805064242167922,5,0,0.05590096540215106,0.49333333333333335,1.1277933904766404,0.4411466125515497,16.15008110782593,0.9558540374099915
2.1,0.16805064242167922,5,0,0.05590096540215106,0.49333333333333335,1.1277933904766404,0.4411466125515497,16.15008110782593,0.9558540374099915
2.2,0.16805064242167922,5,0,0.05590096540215106,0.49333333333333335,1.1277933904766404,0.4411466125515497,16.15008110782593,0.9558540374099915
2.3000000000000003,0.16805064242167922,5,0,0.05590096540215106,0.49333333333333335,1.1277933904766404,0.4411466125515497,16.15008110782593,0.9558540374099915
2.4000000000000004,0.16805064242167922,5,0,0.05590096540215106,0.49333333333333335,1.1277933904766404,0.4411466125515497,16.15008110782593,0.9558540374099915
2.5000000000000004,0.16805064242167922,5,0,0.05590096540215106,0.49333333333333335,1.1277933904766404,0.4411466125515497,16.15008110782593,0.9558540374099915
2.6,0.16805064242167922,5,0,0.05590096540215106,0.49333333333333335,1.1277933904766404,0.4411466125515497,16.15008110782593,0.9558540374099915
2.7,0.16805064242167922,5,0,0.05590096540215106,0.49333333333333335,1.1277933904766404,0.4411466125515497,16.15008110782593,0.9558540374099915
2.8000000000000003,0.16805064242167922,5,0,0.05590096540215106,0.49333333333333335,1.1277933904766404,0.4411466125515497,16.15008110782593,0.9558540374099915
2.9000000000000004,0.16805064242167922,5,0,0.05590096540215106,0.49333333333333335,1.1277933904766404,0.4411466125515497,16.15008110782593,0.9558540374099915
3.0000000000000004,0.16805064242167922,5,0,0.05590096540215106,0.49333333333333335,1.1277933904766404,0.4411466125515497,16.15008110782593,0.9558540374099915
3.1,0.16805064242167922,5,0,0.05590096540215106,0.49333333333333335,1.1277933904766404,0.4411466125515497,16.15008110782593,0.9558540374099915
3.2,0.16805064242167922,5,0,0.05590096540215106,0.49333333333333335,1.1277933904766404,0.4411466125515497,16.15008110782593,0.9558540374099915
3.3000000000000003,0.16805064242167922,5,0,0.05590096540215106,0.49333333333333335,1.1277933904766404,0.4411466125515497,16.15008110782593,0.9558540374099915
3.4000000000000004,0.16805064242167922,5,0,0.05590096540215106,0.49333333333333335,1.1277933904766404,0.4411466125515497,16.15008110782593,0.9558540374099915
3.5000000000000004,0.16805064242167922,5,0,0.05590096540215106,0.49333333333333335,1.1277933904766404,0.4411466125515497,16.15008110782593,0.9558540374099915
3.6,0.16805064242167922,5,0,0.05590096540215106,0.49333333333333335,1.1277933904766404,0.4411466125515497,16.15008110782593,0.9558540374099915
3.7,0.16805064242167922,5,0,0.05590096540215106,0.49333333333333335,1.1277933904766404,0.4411466125515497,16.15008110782593,0.9558540374099915
3.8000000000000003,0.16805064242167922,5,0,0.05590096540215106,0.49333333333333335,1.1277933904766404,0.4411466125515497,16.15008110782593,0.9558540374099915
3.9000000000000004,0.16805064242167922,5,0,0.05590096540215106,0.49333333333333335,1.1277933904766404,0.4411466125515497,16.15008110782593,0.9558540374099915
4.0,0.16805064242167922,5,0,0.05590096540215106,0.49333333333333335,1.1277933904766404,0.4411466125515497,16.15008110782593,0.9558540374099915
4.1,0.16805064242167922,5,0,0.05590096540215106,0.49333333333333335,1.1277933904766404,0.4411466125515497,16.15008110782593,0.9558540374099915
4.2,0.16805064242167922,5,0,0.05590096540215106,0.49333333333333335,1.1277933904766404,0.4411466125515497,16.15008110782593,0.9558540374099915
4.3,0.16805064242167922,5,0,0.05590096540215106,0.49333333333333335,1.1277933904766404,0.4411466125515497,16.15008110782593,0.9558540374099915
4.3999999999999995,0.16805064242167922,5,0,0.05590096540215106,0.49333333333333335,1.1277933904766404,0.4411466125515497,16.15008110782593,0.9558540374099915
4.5,0.16805064242167922,5,0,0.05590096540215106,0.49333333333333335,1.1277933904766404,0.4411466125515497,16.15008110782593,0.9558540374099915
4.6,0.16805064242167922,5,0,0.05590096540215106,0.49333333333333335,1.1277933904766404,0.4411466125515497,16.15008110782593,0.9558540374099915
4.7,0.16805064242167922,5,0,0.05590096540215106,0.49333333333333335,1.1277933904766404,0.4411466125515497,16.15008110782593,0.9558540374099915
4.8,0.16805064242167922,5,0,0.05590096540215106,0.49333333333333335,1.1277933904766404,0.4411466125515497,16.15008110782593,0.9558540374099915
4.9,0.16805064242167922,5,0,0.05590096540215106,0.49333333333333335,1.1277933904766404,0.4411466125515497,16.15008110782593,0.9558540374099915
5.0,0.16805064242167922,5,0,0.05590096540215106,0.49333333333333335,1.1277933904766404,0.4411466125515497,16.15008110782593,0.9558540374099915
0.1,0.5278671355878525,5,42,0.05581379495161132,0.5066666666666667,1.1237960284899466,0.41324089918759294,24.610726625643544,0.9883560314408933
0.2,0.5326359195368119,5,36,0.05581379495161132,0.5066666666666667,1.1237960284899466,0.41324089918759294,24.60856604202303,0.9883526302592275
0.30000000000000004,0.03250719364679033,5,32,0.05581379495161132,0.5066666666666667,1.1237960284899466,0.41324089918759294,22.227769583734954,0.9801455625820387
0.4,0.03250719364679033,5,28,0.05581379495161132,0.5066666666666667,1.1237960284899466,0.41324089918759294,22.227769583734954,0.9801455625820387
0.5,0.5153965855550875,5,22,0.05581379495161132,0.5066666666666667,1.1237960284899466,0.41324089918759294,24.615717438919297,0.9883639275180215
0.6,0.5153965855550875,5,18,0.05581379495161132,0.5066666666666667,1.1237960284899466,0.41324089918759294,24.615717438919297,0.9883639275180215
0.7000000000000001,0.5222015732182181,5,13,0.05581379495161132,0.5066666666666667,1.1237960284899466,0.41324089918759294,24.615250153210827,0.9883631860996447
0.8,0.5130046606046248,5,9,0.05581379495161132,0.5066666666666667,1.1237960284899466,0.41324089918759294,24.614785592139583,0.9883624494118441
0.9,0.5013823762054042,5,5,0.05581379495161132,0.5066666666666667,1.1237960284899466,0.41324089918759294,24.765055378780687,0.9886065905930902
1.0,0.5016649547706339,5,3,0.05581379495161132,0.5066666666666667,1.1237960284899466,0.41324089918759294,24.7639895863363,0.9886048573457241
1.1,0.40854954027501733,5,2,0.05581379495161132,0.5066666666666667,1.1237960284899466,0.41324089918759294,25.859997415574394,0.9901556931516422
1.2000000000000002,0.0006641647964278907,5,1,0.05581379495161132,0.5066666666666667,1.1237960284899466,0.41324089918759294,22.58864988328833,0.9824489968708416
1.3000000000000003,0.0006641647964278907,5,1,0.05581379495161132,0.5066666666666667,1.1237960284899466,0.41324089918759294,22.58864988328833,0.9824489968708416
1.4000000000000001,0.03250719364679033,5,0,0.05581379495161132,0.5066666666666667,1.1237960284899466,0.41324089918759294,22.227769583734954,0.9801455625820387
1.5000000000000002,0.03250719364679033,5,0,0.05581379495161132,0.5066666666666667,1.1237960284899466,0.41324089918759294,22.227769583734954,0.9801455625820387
1.6,0.03250719364679033,5,0,0.05581379495161132,0.5066666666666667,1.1237960284899466,0.41324089918759294,22.227769583734954,0.9801455625820387
1.7000000000000002,0.03250719364679033,5,0,0.05581379495161132,0.5066666666666667,1.1237960284899466,0.41324089918759294,22.227769583734954,0.9801455625820387
1.8000000000000003,0.03250719364679033,5,0,0.05581379495161132,0.5066666666666667,1.1237960284899466,0.41324089918759294,22.227769583734954,0.9801455625820387
1.9000000000000001,0.03250719364679033,5,0,0.05581379495161132,0.5066666666666667,1.1237960284899466,0.41324089918759294,22.227769583734954,0.9801455625820387
2.0,0.03250719364679033,5,0,0.05581379495161132,0.5066666666666667,1.1237960284899466,0.41324089918759294,22.227769583734954,0.9801455625820387
2.1,0.03250719364679033,5,0,0.05581379495161132,0.5066666666666667,1.1237960284899466,0.41324089918759294,22.227769583734954,0.9801455625820387
2.2,0.03250719364679033,5,0,0.05581379495161132,0.5066666666666667,1.1237960284899466,0.41324089918759294,22.227769583734954,0.9801455625820387
2.3000000000000003,0.03250719364679033,5,0,0.05581379495161132,0.5066666666666667,1.1237960284899466,0.41324089918759294,22.227769583734954,0.9801455625820387
2.4000000000000004,0.03250719364679033,5,0,0.05581379495161132,0.5066666666666667,1.1237960284899466,0.41324089918759294,22.227769583734954,0.9801455625820387
2.5000000000000004,0.03250719364679033,5,0,0.05581379495161132,0.5066666666666667,1.1237960284899466,0.41324089918759294,22.227769583734954,0.9801455625820387
2.6,0.03250719364679033,5,0,0.05581379495161132,0.5066666666666667,1.1237960284899466,0.41324089918759294,22.227769583734954,0.9801455625820387
2.7,0.03250719364679033,5,0,0.05581379495161132,0.5066666666666667,1.1237960284899466,0.41324089918759294,22.227769583734954,0.9801455625820387
2.8000000000000003,0.03250719364679033,5,0,0.05581379495161132,0.5066666666666667,1.1237960284899466,0.41324089918759294,22.227769583734954,0.9801455625820387
2.9000000000000004,0.03250719364679033,5,0,0.05581379495161132,0.5066666666666667,1.1237960284899466,0.41324089918759294,22.227769583734954,0.9801455625820387
3.0000000000000004,0.03250719364679033,5,0,0.05581379495161132,0.5066666666666667,1.1237960284899466,0.41324089918759294,22.227769583734954,0.9801455625820387
3.1,0.03250719364679033,5,0,0.05581379495161132,0.5066666666666667,1.1237960284899466,0.41324089918759294,22.227769583734954,0.9801455625820387
3.2,0.03250719364679033,5,0,0.05581379495161132,0.5066666666666667,1.1237960284899466,0.41324089918759294,22.227769583734954,0.9801455625820387
3.3000000000000003,0.03250719364679033,5,0,0.05581379495161132,0.5066666666666667,1.1237960284899466,0.41324089918759294,22.227769583734954,0.9801455625820387
3.4000000000000004,0.03250719364679033,5,0,0.05581379495161132,0.5066666666666667,1.1237960284899466,0.41324089918759294,22.227769583734954,0.9801455625820387
3.5000000000000004,0.03250719364679033,5,0,0.05581379495161132,0.5066666666666667,1.1237960284899466,0.41324089918759294,22.227769583734954,0.9801455625820387
3.6,0.03250719364679033,5,0,0.05581379495161132,0.5066666666666667,1.1237960284899466,0.41324089918759294,22.227769583734954,0.9801455625820387
3.7,0.03250719364679033,5,0,0.05581379495161132,0.5066666666666667,1.1237960284899466,0.41324089918759294,22.227769583734954,0.9801455625820387
3.8000000000000003,0.03250719364679033,5,0,0.05581379495161132,0.5066666666666667,1.1237960284899466,0.41324089918759294,22.227769583734954,0.9801455625820387
3.9000000000000004,0.03250719364679033,5,0,0.05581379495161132,0.5066666666666667,1.1237960284899466,0.41324089918759294,22.227769583734954,0.9801455625820387
4.0,0.03250719364679033,5,0,0.05581379495161132,0.5066666666666667,1.1237960284899466,0.41324089918759294,22.227769583734954,0.9801455625820387
4.1,0.03250719364679033,5,0,0.05581379495161132,0.5066666666666667,1.1237960284899466,0.41324089918759294,22.227769583734954,0.9801455625820387
4.2,0.03250719364679033,5,0,0.05581379495161132,0.5066666666666667,1.1237960284899466,0.41324089918759294,22.227769583734954,0.9801455625820387
4.3,0.03250719364679033,5,0,0.05581379495161132,0.5066666666666667,1.1237960284899466,0.41324089918759294,22.227769583734954,0.9801455625820387
4.3999999999999995,0.03250719364679033,5,0,0.05581379495161132,0.5066666666666667,1.1237960284899466,0.41324089918759294,22.227769583734954,0.9801455625820387
4.5,0.03250719364679033,5,0,0.05581379495161132,0.5066666666666667,1.1237960284899466,0.41324089918759294,22.227769583734954,0.9801455625820387
4.6,0.03250719364679033,5,0,0.05581379495161132,0.5066666666666667,1.1237960284899466,0.41324089918759294,22.227769583734954,0.9801455625820387
4.7,0.03250719364679033,5,0,0.05581379495161132,0.5066666666666667,1.1237960284899466,0.41324089918759294,22.227769583734954,0.9801455625820387
4.8,0.03250719364679033,5,0,0.05581379495161132,0.5066666666666667,1.1237960284899466,0.41324089918759294,22.227769583734954,0.9801455625820387
4.9,0.03250719364679033,5,0,0.05581379495161132,0.5066666666666667,1.1237960284899466,0.41324089918759294,22.227769583734954,0.9801455625820387
5.0,0.03250719364679033,5,0,0.05581379495161132,0.5066666666666667,1.1237960284899466,0.41324089918759294,22.227769583734954,0.9801455625820387
0.1,0.5089196296645045,5,44,-0.04535829328776897,0.5,0.916828452329348,0.46207372963584725,44.90182049335992,0.9905594053056641
0.2,0.08790581081782589,5,36,-0.04535829328776897,0.5,0.916828452329348,0.46207372963584725,36.79228175150151,0.986028864078286
0.30000000000000004,0.08790581081782589,5,34,-0.04535829328776897,0.5,0.916828452329348,0.46207372963584725,36.79228175150151,0.986028864078286
0.4,0.49907265509456133,5,27,-0.04535829328776897,0.5,0.916828452329348,0.46207372963584725,45.12261477346052,0.9906713969328982
0.5,0.4990595985409759,5,23,-0.04535829328776897,0.5,0.916828452329348,0.46207372963584725,45.12069422603971,0.9906704418512314
0.6,0.4990799296739295,5,21,-0.04535829328776897,0.5,0.916828452329348,0.46207372963584725,45.118781400666066,0.9906694904132188
0.7000000000000001,0.4990799296739295,5,16,-0.04535829328776897,0.5,0.916828452329348,0.46207372963584725,45.118781400666066,0.9906694904132188
0.8,0.49911849537304204,5,11,-0.04535829328776897,0.5,0.916828452329348,0.46207372963584725,45.11120718478878,0.9906657210491842
0.9,0.49920627226021924,5,6,-0.04535829328776897,0.5,0.916828452329348,0.46207372963584725,45.10375597922481,0.9906620097874478
1.0,0.49919101594027254,5,4,-0.04535829328776897,0.5,0.916828452329348,0.46207372963584725,45.10007636785616,0.9906601758946554
1.1,0.4966003354882774,4,3,-0.04535829328776897,0.5,0.916828452329348,0.46207372963584725,45.41079528592459,0.9908129691965312
1.2000000000000002,0.4966003354882774,4,2,-0.04535829328776897,0.5,0.916828452329348,0.46207372963584725,45.41079528592459,0.9908129691965312
1.3000000000000003,0.07046099567752528,4,1,-0.04535829328776897,0.5,0.916828452329348,0.46207372963584725,36.958726047745095,0.9861313903649618
1.4000000000000001,0.051897538335883675,5,1,-0.04535829328776897,0.5,0.916828452329348,0.46207372963584725,37.179845899357055,0.9862672524313586
1.5000000000000002,0.050857296263707386,5,1,-0.04535829328776897,0.5,0.916828452329348,0.46207372963584725,37.19400394616277,0.9862759376507515
1.6,0.050857296263707386,5,1,-0.04535829328776897,0.5,0.916828452329348,0.46207372963584725,37.19400394616277,0.9862759376507515
1.7000000000000002,0.050857296263707386,5,1,-0.04535829328776897,0.5,0.916828452329348,0.46207372963584725,37.19400394616277,0.9862759376507515
1.8000000000000003,0.050857296263707386,5,1,-0.04535829328776897,0.5,0.916828452329348,0.46207372963584725,37.19400394616277,0.9862759376507515
1.9000000000000001,0.050857296263707386,5,1,-0.04535829328776897,0.5,0.916828452329348,0.46207372963584725,37.19400394616277,0.9862759376507515
2.0,0.050857296263707386,5,1,-0.04535829328776897,0.5,0.916828452329348,0.46207372963584725,37.19400394616277,0.9862759376507515
2.1,0.050857296263707386,5,1,-0.04535829328776897,0.5,0.916828452329348,0.46207372963584725,37.19400394616277,0.9862759376507515
2.2,0.050857296263707386,5,1,-0.04535829328776897,0.5,0.916828452329348,0.46207372963584725,37.19400394616277,0.9862759376507515
2.3000000000000003,0.050857296263707386,5,1,-0.04535829328776897,0.5,0.916828452329348,0.46207372963584725,37.19400394616277,0.9862759376507515
2.4000000000000004,0.050857296263707386,5,1,-0.04535829328776897,0.5,0.916828452329348,0.46207372963584725,37.19400394616277,0.9862759376507515
2.5000000000000004,0.08790581081782589,5,0,-0.04535829328776897,0.5,0.916828452329348,0.46207372963584725,36.79228175150151,0.986028864078286
2.6,0.08790581081782589,5,0,-0.04535829328776897,0.5,0.916828452329348,0.46207372963584725,36.79228175150151,0.986028864078286
2.7,0.08790581081782589,5,0,-0.04535829328776897,0.5,0.916828452329348,0.46207372963584725,36.79228175150151,0.986028864078286
2.8000000000000003,0.08790581081782589,5,0,-0.04535829328776897,0.5,0.916828452329348,0.46207372963584725,36.79228175150151,0.986028864078286
2.9000000000000004,0.08790581081782589,5,0,-0.04535829328776897,0.5,0.916828452329348,0.46207372963584725,36.79228175150151,0.986028864078286
3.0000000000000004,0.08790581081782589,5,0,-0.04535829328776897,0.5,0.916828452329348,0.46207372963584725,36.79228175150151,0.986028864078286
3.1,0.08790581081782589,5,0,-0.04535829328776897,0.5,0.916828452329348,0.46207372963584725,36.79228175150151,0.986028864078286
3.2,0.08790581081782589,5,0,-0.04535829328776897,0.5,0.916828452329348,0.46207372963584725,36.79228175150151,0.986028864078286
3.3000000000000003,0.08790581081782589,5,0,-0.04535829328776897,0.5,0.916828452329348,0.46207372963584725,36.79228175150151,0.986028864078286
3.4000000000000004,0.08790581081782589,5,0,-0.04535829328776897,0.5,0.916828452329348,0.46207372963584725,36.79228175150151,0.986028864078286
3.5000000000000004,0.08790581081782589,5,0,-0.04535829328776897,0.5,0.916828452329348,0.46207372963584725,36.79228175150151,0.986028864078286
3.6,0.08790581081782589,5,0,-0.04535829328776897,0.5,0.916828452329348,0.46207372963584725,36.79228175150151,0.986028864078286
3.7,0.08790581081782589,5,0,-0.04535829328776897,0.5,0.916828452329348,0.46207372963584725,36.79228175150151,0.986028864078286
3.8000000000000003,0.08790581081782589,5,0,-0.04535829328776897,0.5,0.916828452329348,0.46207372963584725,36.79228175150151,0.986028864078286
3.9000000000000004,0.08790581081782589,5,0,-0.04535829328776897,0.5,0.916828452329348,0.46207372963584725,36.79228175150151,0.986028864078286
4.0,0.08790581081782589,5,0,-0.04535829328776897,0.5,0.916828452329348,0.46207372963584725,36.79228175150151,0.986028864078286
4.1,0.08790581081782589,5,0,-0.04535829328776897,0.5,0.916828452329348,0.46207372963584725,36.79228175150151,0.986028864078286
4.2,0.08790581081782589,5,0,-0.04535829328776897,0.5,0.916828452329348,0.46207372963584725,36.79228175150151,0.986028864078286
4.3,0.08790581081782589,5,0,-0.04535829328776897,0.5,0.916828452329348,0.46207372963584725,36.79228175150151,0.986028864078286
4.3999999999999995,0.08790581081782589,5,0,-0.04535829328776897,0.5,0.916828452329348,0.46207372963584725,36.79228175150151,0.986028864078286
4.5,0.08790581081782589,5,0,-0.04535829328776897,0.5,0.916828452329348,0.46207372963584725,36.79228175150151,0.986028864078286
4.6,0.08790581081782589,5,0,-0.04535829328776897,0.5,0.916828452329348,0.46207372963584725,36.79228175150151,0.986028864078286
4.7,0.08790581081782589,5,0,-0.04535829328776897,0.5,0.916828452329348,0.46207372963584725,36.79228175150151,0.986028864078286
4.8,0.08790581081782589,5,0,-0.04535829328776897,0.5,0.916828452329348,0.46207372963584725,36.79228175150151,0.986028864078286
4.9,0.08790581081782589,5,0,-0.04535829328776897,0.5,0.916828452329348,0.46207372963584725,36.79228175150151,0.986028864078286
5.0,0.08790581081782589,5,0,-0.04535829328776897,0.5,0.916828452329348,0.46207372963584725,36.79228175150151,0.986028864078286
0.1,0.5147401918927167,5,44,0.047138077949995416,0.47333333333333333,1.1106020711272286,0.35067586030937087,51.270870817070524,0.996415367677026
0.2,0.500652420429399,5,44,0.047138077949995416,0.47333333333333333,1.1106020711272286,0.35067586030937087,51.27914841158838,0.9964169319952673
0.30000000000000004,0.500652420429399,5,39,0.047138077949995416,0.47333333333333333,1.1106020711272286,0.35067586030937087,51.27914841158838,0.9964169319952673
0.4,0.5041081774482601,5,23,0.047138077949995416,0.47333333333333333,1.1106020711272286,0.35067586030937087,51.2759321505037,0.9964163294045809
0.5,0.5056314671466968,5,20,0.047138077949995416,0.47333333333333333,1.1106020711272286,0.35067586030937087,51.27337837387248,0.9964158466123438
0.6,0.5011746839448571,5,18,0.047138077949995416,0.47333333333333333,1.1106020711272286,0.35067586030937087,51.273190917025524,0.9964158109925827
0.7000000000000001,0.5011746839448571,5,13,0.047138077949995416,0.47333333333333333,1.1106020711272286,0.35067586030937087,51.273190917025524,0.9964158109925827
0.8,0.5011746839448571,5,9,0.047138077949995416,0.47333333333333333,1.1106020711272286,0.35067586030937087,51.273190917025524,0.9964158109925827
0.9,0.5000490292881374,5,5,0.047138077949995416,0.47333333333333333,1.1106020711272286,0.35067586030937087,51.31600871856333,0.9964236360277132
1.0,0.4999387354675285,5,5,0.047138077949995416,0.47333333333333333,1.1106020711272286,0.35067586030937087,51.31562944081106,0.99642356811145
1.1,0.49696766399033127,5,2,0.047138077949995416,0.47333333333333333,1.1106020711272286,0.35067586030937087,51.722065006823705,0.9964935341063647
1.2000000000000002,0.49696766399033127,5,2,0.047138077949995416,0.47333333333333333,1.1106020711272286,0.35067586030937087,51.722065006823705,0.9964935341063647
1.3000000000000003,0.49696766399033127,5,1,0.047138077949995416,0.47333333333333333,1.1106020711272286,0.35067586030937087,51.722065006823705,0.9964935341063647
1.4000000000000001,0.48792325264200936,5,0,0.047138077949995416,0.47333333333333333,1.1106020711272286,0.35067586030937087,52.58317978327116,0.9966342766676719
1.5000000000000002,0.48792325264200936,5,0,0.047138077949995416,0.47333333333333333,1.1106020711272286,0.35067586030937087,52.58317978327116,0.9966342766676719
1.6,0.48792325264200936,5,0,0.047138077949995416,0.47333333333333333,1.1106020711272286,0.35067586030937087,52.58317978327116,0.9966342766676719
1.7000000000000002,0.48792325264200936,5,0,0.047138077949995416,0.47333333333333333,1.1106020711272286,0.35067586030937087,52.58317978327116,0.9966342766676719
1.8000000000000003,0.48792325264200936,5,0,0.047138077949995416,0.47333333333333333,1.1106020711272286,0.35067586030937087,52.58317978327116,0.9966342766676719
1.9000000000000001,0.48792325264200936,5,0,0.047138077949995416,0.47333333333333333,1.1106020711272286,0.35067586030937087,52.58317978327116,0.9966342766676719
2.0,0.48792325264200936,5,0,0.047138077949995416,0.47333333333333333,1.1106020711272286,0.35067586030937087,52.58317978327116,0.9966342766676719
2.1,0.48792325264200936,5,0,0.047138077949995416,0.47333333333333333,1.1106020711272286,0.35067586030937087,52.58317978327116,0.9966342766676719
2.2,0.48792325264200936,5,0,0.047138077949995416,0.47333333333333333,1.1106020711272286,0.35067586030937087,52.58317978327116,0.9966342766676719
2.3000000000000003,0.48792325264200936,5,0,0.047138077949995416,0.47333333333333333,1.1106020711272286,0.35067586030937087,52.58317978327116,0.9966342766676719
2.4000000000000004,0.48792325264200936,5,0,0.047138077949995416,0.47333333333333333,1.1106020711272286,0.35067586030937087,52.58317978327116,0.9966342766676719
2.5000000000000004,0.48792325264200936,5,0,0.047138077949995416,0.47333333333333333,1.1106020711272286,0.35067586030937087,52.58317978327116,0.9966342766676719
2.6,0.48792325264200936,5,0,0.047138077949995416,0.47333333333333333,1.1106020711272286,0.35067586030937087,52.58317978327116,0.9966342766676719
2.7,0.48792325264200936,5,0,0.047138077949995416,0.47333333333333333,1.1106020711272286,0.35067586030937087,52.58317978327116,0.9966342766676719
2.8000000000000003,0.48792325264200936,5,0,0.047138077949995416,0.47333333333333333,1.1106020711272286,0.35067586030937087,52.58317978327116,0.9966342766676719
2.9000000000000004,0.48792325264200936,5,0,0.047138077949995416,0.47333333333333333,1.1106020711272286,0.35067586030937087,52.58317978327116,0.9966342766676719
3.0000000000000004,0.48792325264200936,5,0,0.047138077949995416,0.47333333333333333,1.1106020711272286,0.35067586030937087,52.58317978327116,0.9966342766676719
3.1,0.48792325264200936,5,0,0.047138077949995416,0.47333333333333333,1.1106020711272286,0.35067586030937087,52.58317978327116,0.9966342766676719
3.2,0.48792325264200936,5,0,0.047138077949995416,0.47333333333333333,1.1106020711272286,0.35067586030937087,52.58317978327116,0.9966342766676719
3.3000000000000003,0.48792325264200936,5,0,0.047138077949995416,0.47333333333333333,1.1106020711272286,0.35067586030937087,52.58317978327116,0.9966342766676719
3.4000000000000004,0.48792325264200936,5,0,0.047138077949995416,0.47333333333333333,1.1106020711272286,0.35067586030937087,52.58317978327116,0.9966342766676719
3.5000000000000004,0.48792325264200936,5,0,0.047138077949995416,0.47333333333333333,1.1106020711272286,0.35067586030937087,52.58317978327116,0.9966342766676719
3.6,0.48792325264200936,5,0,0.047138077949995416,0.47333333333333333,1.1106020711272286,0.35067586030937087,52.58317978327116,0.9966342766676719
3.7,0.48792325264200936,5,0,0.047138077949995416,0.47333333333333333,1.1106020711272286,0.35067586030937087,52.58317978327116,0.9966342766676719
3.8000000000000003,0.48792325264200936,5,0,0.047138077949995416,0.47333333333333333,1.1106020711272286,0.35067586030937087,52.58317978327116,0.9966342766676719
3.9000000000000004,0.48792325264200936,5,0,0.047138077949995416,0.47333333333333333,1.1106020711272286,0.35067586030937087,52.58317978327116,0.9966342766676719
4.0,0.48792325264200936,5,0,0.047138077949995416,0.47333333333333333,1.1106020711272286,0.35067586030937087,52.58317978327116,0.9966342766676719
4.1,0.48792325264200936,5,0,0.047138077949995416,0.47333333333333333,1.1106020711272286,0.35067586030937087,52.58317978327116,0.9966342766676719
4.2,0.48792325264200936,5,0,0.047138077949995416,0.47333333333333333,1.1106020711272286,0.35067586030937087,52.58317978327116,0.9966342766676719
4.3,0.48792325264200936,5,0,0.047138077949995416,0.47333333333333333,1.1106020711272286,0.35067586030937087,52.58317978327116,0.9966342766676719
4.3999999999999995,0.48792325264200936,5,0,0.047138077949995416,0.47333333333333333,1.1106020711272286,0.35067586030937087,52.58317978327116,0.9966342766676719
4.5,0.48792325264200936,5,0,0.047138077949995416,0.47333333333333333,1.1106020711272286,0.35067586030937087,52.58317978327116,0.9966342766676719
4.6,0.48792325264200936,5,0,0.047138077949995416,0.47333333333333333,1.1106020711272286,0.35067586030937087,52.58317978327116,0.9966342766676719
4.7,0.48792325264200936,5,0,0.047138077949995416,0.47333333333333333,1.1106020711272286,0.35067586030937087,52.58317978327116,0.9966342766676719
4.8,0.48792325264200936,5,0,0.047138077949995416,0.47333333333333333,1.1106020711272286,0.35067586030937087,52.58317978327116,0.9966342766676719
4.9,0.48792325264200936,5,0,0.047138077949995416,0.47333333333333333,1.1106020711272286,0.35067586030937087,52.58317978327116,0.9966342766676719
5.0,0.48792325264200936,5,0,0.047138077949995416,0.47333333333333333,1.1106020711272286,0.35067586030937087,52.58317978327116,0.9966342766676719
0.6,0.35474928664602484,4,20,-0.048014437830108225,0.49333333333333335,0.9113057439454905,0.6208459914952856,24.775685579525586,0.9882229358618828
1.1,0.5031893041665424,5,2,-0.048014437830108225,0.49333333333333335,0.9113057439454905,0.6208459914952856,24.521200325310872,0.9882522391311547
1.2000000000000002,0.5031893041665424,5,2,-0.048014437830108225,0.49333333333333335,0.9113057439454905,0.6208459914952856,24.521200325310872,0.9882522391311547
1.3000000000000003,0.5031893041665424,5,2,-0.048014437830108225,0.49333333333333335,0.9113057439454905,0.6208459914952856,24.521200325310872,0.9882522391311547
1.4000000000000001,0.5029373386973383,5,2,-0.048014437830108225,0.49333333333333335,0.9113057439454905,0.6208459914952856,24.52101164503543,0.9882522702109501
1.5000000000000002,0.5029373386973383,5,2,-0.048014437830108225,0.49333333333333335,0.9113057439454905,0.6208459914952856,24.52101164503543,0.9882522702109501
1.6,0.5029373386973383,5,1,-0.048014437830108225,0.49333333333333335,0.9113057439454905,0.6208459914952856,24.52101164503543,0.9882522702109501
1.7000000000000002,0.5029373386973383,5,1,-0.048014437830108225,0.49333333333333335,0.9113057439454905,0.6208459914952856,24.52101164503543,0.9882522702109501
1.8000000000000003,0.35474928664602484,4,0,-0.048014437830108225,0.49333333333333335,0.9113057439454905,0.6208459914952856,24.775685579525586,0.9882229358618828
1.9000000000000001,0.35474928664602484,4,0,-0.048014437830108225,0.49333333333333335,0.9113057439454905,0.6208459914952856,24.775685579525586,0.9882229358618828
2.0,0.35474928664602484,4,0,-0.048014437830108225,0.49333333333333335,0.9113057439454905,0.6208459914952856,24.775685579525586,0.9882229358618828
2.1,0.35474928664602484,4,0,-0.048014437830108225,0.49333333333333335,0.9113057439454905,0.6208459914952856,24.775685579525586,0.9882229358618828
2.2,0.35474928664602484,4,0,-0.048014437830108225,0.49333333333333335,0.9113057439454905,0.6208459914952856,24.775685579525586,0.9882229358618828
2.3000000000000003,0.35474928664602484,4,0,-0.048014437830108225,0.49333333333333335,0.9113057439454905,0.6208459914952856,24.775685579525586,0.9882229358618828
2.4000000000000004,0.35474928664602484,4,0,-0.048014437830108225,0.49333333333333335,0.9113057439454905,0.6208459914952856,24.775685579525586,0.9882229358618828
2.5000000000000004,0.35474928664602484,4,0,-0.048014437830108225,0.49333333333333335,0.9113057439454905,0.6208459914952856,24.775685579525586,0.9882229358618828
2.6,0.35474928664602484,4,0,-0.048014437830108225,0.49333333333333335,0.9113057439454905,0.6208459914952856,24.775685579525586,0.9882229358618828
2.7,0.35474928664602484,4,0,-0.048014437830108225,0.49333333333333335,0.9113057439454905,0.6208459914952856,24.775685579525586,0.9882229358618828
2.8000000000000003,0.35474928664602484,4,0,-0.048014437830108225,0.49333333333333335,0.9113057439454905,0.6208459914952856,24.775685579525586,0.9882229358618828
2.9000000000000004,0.35474928664602484,4,0,-0.048014437830108225,0.49333333333333335,0.9113057439454905,0.6208459914952856,24.775685579525586,0.9882229358618828
3.0000000000000004,0.35474928664602484,4,0,-0.048014437830108225,0.49333333333333335,0.9113057439454905,0.6208459914952856,24.775685579525586,0.9882229358618828
3.1,0.35474928664602484,4,0,-0.048014437830108225,0.49333333333333335,0.9113057439454905,0.6208459914952856,24.775685579525586,0.9882229358618828
3.2,0.35474928664602484,4,0,-0.048014437830108225,0.49333333333333335,0.9113057439454905,0.6208459914952856,24.775685579525586,0.9882229358618828
3.3000000000000003,0.35474928664602484,4,0,-0.048014437830108225,0.49333333333333335,0.9113057439454905,0.6208459914952856,24.775685579525586,0.9882229358618828
3.4000000000000004,0.35474928664602484,4,0,-0.048014437830108225,0.49333333333333335,0.9113057439454905,0.6208459914952856,24.775685579525586,0.9882229358618828
3.5000000000000004,0.35474928664602484,4,0,-0.048014437830108225,0.49333333333333335,0.9113057439454905,0.6208459914952856,24.775685579525586,0.9882229358618828
3.6,0.35474928664602484,4,0,-0.048014437830108225,0.49333333333333335,0.9113057439454905,0.6208459914952856,24.775685579525586,0.9882229358618828
3.7,0.35474928664602484,4,0,-0.048014437830108225,0.49333333333333335,0.9113057439454905,0.6208459914952856,24.775685579525586,0.9882229358618828
3.8000000000000003,0.35474928664602484,4,0,-0.048014437830108225,0.49333333333333335,0.9113057439454905,0.6208459914952856,24.775685579525586,0.9882229358618828
3.9000000000000004,0.35474928664602484,4,0,-0.048014437830108225,0.49333333333333335,0.9113057439454905,0.6208459914952856,24.775685579525586,0.9882229358618828
4.0,0.35474928664602484,4,0,-0.048014437830108225,0.49333333333333335,0.9113057439454905,0.6208459914952856,24.775685579525586,0.9882229358618828
4.1,0.35474928664602484,4,0,-0.048014437830108225,0.49333333333333335,0.9113057439454905,0.6208459914952856,24.775685579525586,0.9882229358618828
4.2,0.35474928664602484,4,0,-0.048014437830108225,0.49333333333333335,0.9113057439454905,0.6208459914952856,24.775685579525586,0.9882229358618828
4.3,0.35474928664602484,4,0,-0.048014437830108225,0.49333333333333335,0.9113057439454905,0.6208459914952856,24.775685579525586,0.9882229358618828
4.3999999999999995,0.35474928664602484,4,0,-0.048014437830108225,0.49333333333333335,0.9113057439454905,0.6208459914952856,24.775685579525586,0.9882229358618828
4.5,0.35474928664602484,4,0,-0.048014437830108225,0.49333333333333335,0.9113057439454905,0.6208459914952856,24.775685579525586,0.9882229358618828
4.6,0.35474928664602484,4,0,-0.048014437830108225,0.49333333333333335,0.9113057439454905,0.6208459914952856,24.775685579525586,0.9882229358618828
4.7,0.35474928664602484,4,0,-0.048014437830108225,0.49333333333333335,0.9113057439454905,0.6208459914952856,24.775685579525586,0.9882229358618828
4.8,0.35474928664602484,4,0,-0.048014437830108225,0.49333333333333335,0.9113057439454905,0.6208459914952856,24.775685579525586,0.9882229358618828
4.9,0.35474928664602484,4,0,-0.048014437830108225,0.49333333333333335,0.9113057439454905,0.6208459914952856,24.775685579525586,0.9882229358618828
5.0,0.35474928664602484,4,0,-0.048014437830108225,0.49333333333333335,0.9113057439454905,0.6208459914952856,24.775685579525586,0.9882229358618828
1.4000000000000001,0.08789589231617617,5,0,0.14949506252868489,0.5533333333333333,1.3701854760590562,0.55398194450563,38.633977020357094,0.9841291314166167
1.5000000000000002,0.08789589231617617,5,0,0.14949506252868489,0.5533333333333333,1.3701854760590562,0.55398194450563,38.633977020357094,0.9841291314166167
1.6,0.08789589231617617,5,0,0.14949506252868489,0.5533333333333333,1.3701854760590562,0.55398194450563,38.633977020357094,0.9841291314166167
1.7000000000000002,0.08789589231617617,5,0,0.14949506252868489,0.5533333333333333,1.3701854760590562,0.55398194450563,38.633977020357094,0.9841291314166167
1.8000000000000003,0.08789589231617617,5,0,0.14949506252868489,0.5533333333333333,1.3701854760590562,0.55398194450563,38.633977020357094,0.9841291314166167
1.9000000000000001,0.08789589231617617,5,0,0.14949506252868489,0.5533333333333333,1.3701854760590562,0.55398194450563,38.633977020357094,0.9841291314166167
2.0,0.08789589231617617,5,0,0.14949506252868489,0.5533333333333333,1.3701854760590562,0.55398194450563,38.633977020357094,0.9841291314166167
2.1,0.08789589231617617,5,0,0.14949506252868489,0.5533333333333333,1.3701854760590562,0.55398194450563,38.633977020357094,0.9841291314166167
2.2,0.08789589231617617,5,0,0.14949506252868489,0.5533333333333333,1.3701854760590562,0.55398194450563,38.633977020357094,0.9841291314166167
2.3000000000000003,0.08789589231617617,5,0,0.14949506252868489,0.5533333333333333,1.3701854760590562,0.55398194450563,38.633977020357094,0.9841291314166167
2.4000000000000004,0.08789589231617617,5,0,0.14949506252868489,0.5533333333333333,1.3701854760590562,0.55398194450563,38.633977020357094,0.9841291314166167
2.5000000000000004,0.08789589231617617,5,0,0.14949506252868489,0.5533333333333333,1.3701854760590562,0.55398194450563,38.633977020357094,0.9841291314166167
2.6,0.08789589231617617,5,0,0.14949506252868489,0.5533333333333333,1.3701854760590562,0.55398194450563,38.633977020357094,0.9841291314166167
2.7,0.08789589231617617,5,0,0.14949506252868489,0.5533333333333333,1.3701854760590562,0.55398194450563,38.633977020357094,0.9841291314166167
2.8000000000000003,0.08789589231617617,5,0,0.14949506252868489,0.5533333333333333,1.3701854760590562,0.55398194450563,38.633977020357094,0.9841291314166167
2.9000000000000004,0.08789589231617617,5,0,0.14949506252868489,0.5533333333333333,1.3701854760590562,0.55398194450563,38.633977020357094,0.9841291314166167
3.0000000000000004,0.08789589231617617,5,0,0.14949506252868489,0.5533333333333333,1.3701854760590562,0.55398194450563,38.633977020357094,0.9841291314166167
3.1,0.08789589231617617,5,0,0.14949506252868489,0.5533333333333333,1.3701854760590562,0.55398194450563,38.633977020357094,0.9841291314166167
3.2,0.08789589231617617,5,0,0.14949506252868489,0.5533333333333333,1.3701854760590562,0.55398194450563,38.633977020357094,0.9841291314166167
3.3000000000000003,0.08789589231617617,5,0,0.14949506252868489,0.5533333333333333,1.3701854760590562,0.55398194450563,38.633977020357094,0.9841291314166167
3.4000000000000004,0.08789589231617617,5,0,0.14949506252868489,0.5533333333333333,1.3701854760590562,0.55398194450563,38.633977020357094,0.9841291314166167
3.5000000000000004,0.08789589231617617,5,0,0.14949506252868489,0.5533333333333333,1.3701854760590562,0.55398194450563,38.633977020357094,0.9841291314166167
3.6,0.08789589231617617,5,0,0.14949506252868489,0.5533333333333333,1.3701854760590562,0.55398194450563,38.633977020357094,0.9841291314166167
3.7,0.08789589231617617,5,0,0.14949506252868489,0.5533333333333333,1.3701854760590562,0.55398194450563,38.633977020357094,0.9841291314166167
3.8000000000000003,0.08789589231617617,5,0,0.14949506252868489,0.5533333333333333,1.3701854760590562,0.55398194450563,38.633977020357094,0.9841291314166167
3.9000000000000004,0.08789589231617617,5,0,0.14949506252868489,0.5533333333333333,1.3701854760590562,0.55398194450563,38.633977020357094,0.9841291314166167
4.0,0.08789589231617617,5,0,0.14949506252868489,0.5533333333333333,1.3701854760590562,0.55398194450563,38.633977020357094,0.9841291314166167
4.1,0.08789589231617617,5,0,0.14949506252868489,0.5533333333333333,1.3701854760590562,0.55398194450563,38.633977020357094,0.9841291314166167
4.2,0.08789589231617617,5,0,0.14949506252868489,0.5533333333333333,1.3701854760590562,0.55398194450563,38.633977020357094,0.9841291314166167
4.3,0.08789589231617617,5,0,0.14949506252868489,0.5533333333333333,1.3701854760590562,0.55398194450563,38.633977020357094,0.9841291314166167
4.3999999999999995,0.08789589231617617,5,0,0.14949506252868489,0.5533333333333333,1.3701854760590562,0.55398194450563,38.633977020357094,0.9841291314166167
4.5,0.08789589231617617,5,0,0.14949506252868489,0.5533333333333333,1.3701854760590562,0.55398194450563,38.633977020357094,0.9841291314166167
4.6,0.08789589231617617,5,0,0.14949506252868489,0.5533333333333333,1.3701854760590562,0.55398194450563,38.633977020357094,0.9841291314166167
4.7,0.08789589231617617,5,0,0.14949506252868489,0.5533333333333333,1.3701854760590562,0.55398194450563,38.633977020357094,0.9841291314166167
4.8,0.08789589231617617,5,0,0.14949506252868489,0.5533333333333333,1.3701854760590562,0.55398194450563,38.633977020357094,0.9841291314166167
4.9,0.08789589231617617,5,0,0.14949506252868489,0.5533333333333333,1.3701854760590562,0.55398194450563,38.633977020357094,0.9841291314166167
5.0,0.08789589231617617,5,0,0.14949506252868489,0.5533333333333333,1.3701854760590562,0.55398194450563,38.633977020357094,0.9841291314166167
0.1,0.11614407072412009,4,43,0.12921944922919348,0.54,1.3145705145648217,0.34323182809934627,28.883997684094453,0.987032672357893
0.2,0.11614407072412009,4,39,0.12921944922919348,0.54,1.3145705145648217,0.34323182809934627,28.883997684094453,0.987032672357893
0.7000000000000001,0.496882655667642,5,9,0.12921944922919348,0.54,1.3145705145648217,0.34323182809934627,25.526151711701424,0.9842281172652052
0.8,0.4914579259555246,5,6,0.12921944922919348,0.54,1.3145705145648217,0.34323182809934627,25.388015615560196,0.9841073839387159
0.9,0.4913618542446698,5,3,0.12921944922919348,0.54,1.3145705145648217,0.34323182809934627,25.389896170727877,0.9841090252752983
1.0,0.4913618542446698,5,2,0.12921944922919348,0.54,1.3145705145648217,0.34323182809934627,25.389896170727877,0.9841090252752983
1.1,-0.0004051456854778368,4,1,0.12921944922919348,0.54,1.3145705145648217,0.34323182809934627,28.303307769742958,0.9865820292280012
1.2000000000000002,-0.0004051456854778368,4,1,0.12921944922919348,0.54,1.3145705145648217,0.34323182809934627,28.303307769742958,0.9865820292280012
1.3000000000000003,-0.0004051456854778368,4,1,0.12921944922919348,0.54,1.3145705145648217,0.34323182809934627,28.303307769742958,0.9865820292280012
1.4000000000000001,0.11614407072412009,4,0,0.12921944922919348,0.54,1.3145705145648217,0.34323182809934627,28.883997684094453,0.987032672357893
1.5000000000000002,0.11614407072412009,4,0,0.12921944922919348,0.54,1.3145705145648217,0.34323182809934627,28.883997684094453,0.987032672357893
1.6,0.11614407072412009,4,0,0.12921944922919348,0.54,1.3145705145648217,0.34323182809934627,28.883997684094453,0.987032672357893
1.7000000000000002,0.11614407072412009,4,0,0.12921944922919348,0.54,1.3145705145648217,0.34323182809934627,28.883997684094453,0.987032672357893
1.8000000000000003,0.11614407072412009,4,0,0.12921944922919348,0.54,1.3145705145648217,0.34323182809934627,28.883997684094453,0.987032672357893
1.9000000000000001,0.11614407072412009,4,0,0.12921944922919348,0.54,1.3145705145648217,0.34323182809934627,28.883997684094453,0.987032672357893
2.0,0.11614407072412009,4,0,0.12921944922919348,0.54,1.3145705145648217,0.34323182809934627,28.883997684094453,0.987032672357893
2.1,0.11614407072412009,4,0,0.12921944922919348,0.54,1.3145705145648217,0.34323182809934627,28.883997684094453,0.987032672357893
2.2,0.11614407072412009,4,0,0.12921944922919348,0.54,1.3145705145648217,0.34323182809934627,28.883997684094453,0.987032672357893
2.3000000000000003,0.11614407072412009,4,0,0.12921944922919348,0.54,1.3145705145648217,0.34323182809934627,28.883997684094453,0.987032672357893
2.4000000000000004,0.11614407072412009,4,0,0.12921944922919348,0.54,1.3145705145648217,0.34323182809934627,28.883997684094453,0.987032672357893
2.5000000000000004,0.11614407072412009,4,0,0.12921944922919348,0.54,1.3145705145648217,0.34323182809934627,28.883997684094453,0.987032672357893
2.6,0.11614407072412009,4,0,0.12921944922919348,0.54,1.3145705145648217,0.34323182809934627,28.883997684094453,0.987032672357893
2.7,0.11614407072412009,4,0,0.12921944922919348,0.54,1.3145705145648217,0.34323182809934627,28.883997684094453,0.987032672357893
2.8000000000000003,0.11614407072412009,4,0,0.12921944922919348,0.54,1.3145705145648217,0.34323182809934627,28.883997684094453,0.987032672357893
2.9000000000000004,0.11614407072412009,4,0,0.12921944922919348,0.54,1.3145705145648217,0.34323182809934627,28.883997684094453,0.987032672357893
3.0000000000000004,0.11614407072412009,4,0,0.12921944922919348,0.54,1.3145705145648217,0.34323182809934627,28.883997684094453,0.987032672357893
3.1,0.11614407072412009,4,0,0.12921944922919348,0.54,1.3145705145648217,0.34323182809934627,28.883997684094453,0.987032672357893
3.2,0.11614407072412009,4,0,0.12921944922919348,0.54,1.3145705145648217,0.34323182809934627,28.883997684094453,0.987032672357893
3.3000000000000003,0.11614407072412009,4,0,0.12921944922919348,0.54,1.3145705145648217,0.34323182809934627,28.883997684094453,0.987032672357893
3.4000000000000004,0.11614407072412009,4,0,0.12921944922919348,0.54,1.3145705145648217,0.34323182809934627,28.883997684094453,0.987032672357893
3.5000000000000004,0.11614407072412009,4,0,0.12921944922919348,0.54,1.3145705145648217,0.34323182809934627,28.883997684094453,0.987032672357893
3.6,0.11614407072412009,4,0,0.12921944922919348,0.54,1.3145705145648217,0.34323182809934627,28.883997684094453,0.987032672357893
3.7,0.11614407072412009,4,0,0.12921944922919348,0.54,1.3145705145648217,0.34323182809934627,28.883997684094453,0.987032672357893
3.8000000000000003,0.11614407072412009,4,0,0.12921944922919348,0.54,1.3145705145648217,0.34323182809934627,28.883997684094453,0.987032672357893
3.9000000000000004,0.11614407072412009,4,0,0.12921944922919348,0.54,1.3145705145648217,0.34323182809934627,28.883997684094453,0.987032672357893
4.0,0.11614407072412009,4,0,0.12921944922919348,0.54,1.3145705145648217,0.34323182809934627,28.883997684094453,0.987032672357893
4.1,0.11614407072412009,4,0,0.12921944922919348,0.54,1.3145705145648217,0.34323182809934627,28.883997684094453,0.987032672357893
4.2,0.11614407072412009,4,0,0.12921944922919348,0.54,1.3145705145648217,0.34323182809934627,28.883997684094453,0.987032672357893
4.3,0.11614407072412009,4,0,0.12921944922919348,0.54,1.3145705145648217,0.34323182809934627,28.883997684094453,0.987032672357893
4.3999999999999995,0.11614407072412009,4,0,0.12921944922919348,0.54,1.3145705145648217,0.34323182809934627,28.883997684094453,0.987032672357893
4.5,0.11614407072412009,4,0,0.12921944922919348,0.54,1.3145705145648217,0.34323182809934627,28.883997684094453,0.987032672357893
4.6,0.11614407072412009,4,0,0.12921944922919348,0.54,1.3145705145648217,0.34323182809934627,28.883997684094453,0.987032672357893
4.7,0.11614407072412009,4,0,0.12921944922919348,0.54,1.3145705145648217,0.34323182809934627,28.883997684094453,0.987032672357893
4.8,0.11614407072412009,4,0,0.12921944922919348,0.54,1.3145705145648217,0.34323182809934627,28.883997684094453,0.987032672357893
4.9,0.11614407072412009,4,0,0.12921944922919348,0.54,1.3145705145648217,0.34323182809934627,28.883997684094453,0.987032672357893
5.0,0.11614407072412009,4,0,0.12921944922919348,0.54,1.3145705145648217,0.34323182809934627,28.883997684094453,0.987032672357893
0.1,0.0008047869769032823,5,44,-0.03277666533297818,0.44666666666666666,0.9316359971129966,0.4504376503033371,80.98672599349611,0.9941009844129423
0.2,0.5167477414265762,5,38,-0.03277666533297818,0.44666666666666666,0.9316359971129966,0.4504376503033371,90.77794528497914,0.9960632622160215
0.30000000000000004,0.5167477414265762,5,34,-0.03277666533297818,0.44666666666666666,0.9316359971129966,0.4504376503033371,90.77794528497914,0.9960632622160215
0.4,0.5167477414265762,5,27,-0.03277666533297818,0.44666666666666666,0.9316359971129966,0.4504376503033371,90.77794528497914,0.9960632622160215
0.5,0.5167477414265762,5,19,-0.03277666533297818,0.44666666666666666,0.9316359971129966,0.4504376503033371,90.77794528497914,0.9960632622160215
0.6,0.5102490649719367,5,13,-0.03277666533297818,0.44666666666666666,0.9316359971129966,0.4504376503033371,90.79263856550367,0.996065714292144
0.7000000000000001,0.5214573393120934,5,10,-0.03277666533297818,0.44666666666666666,0.9316359971129966,0.4504376503033371,90.75611302197541,0.9960595875171158
0.8,0.5067778573932862,5,5,-0.03277666533297818,0.44666666666666666,0.9316359971129966,0.4504376503033371,90.84802573299724,0.9960748500460465
0.9,0.4412777774205208,4,2,-0.03277666533297818,0.44666666666666666,0.9316359971129966,0.4504376503033371,94.9034812171817,0.9966564036735008
1.0,0.0008047869769032823,5,0,-0.03277666533297818,0.44666666666666666,0.9316359971129966,0.4504376503033371,80.98672599349611,0.9941009844129423
1.1,0.0008047869769032823,5,0,-0.03277666533297818,0.44666666666666666,0.9316359971129966,0.4504376503033371,80.98672599349611,0.9941009844129423
1.2000000000000002,0.0008047869769032823,5,0,-0.03277666533297818,0.44666666666666666,0.9316359971129966,0.4504376503033371,80.98672599349611,0.9941009844129423
1.3000000000000003,0.0008047869769032823,5,0,-0.03277666533297818,0.44666666666666666,0.9316359971129966,0.4504376503033371,80.98672599349611,0.9941009844129423
1.4000000000000001,0.0008047869769032823,5,0,-0.03277666533297818,0.44666666666666666,0.9316359971129966,0.4504376503033371,80.98672599349611,0.9941009844129423
1.5000000000000002,0.0008047869769032823,5,0,-0.03277666533297818,0.44666666666666666,0.9316359971129966,0.4504376503033371,80.98672599349611,0.9941009844129423
1.6,0.0008047869769032823,5,0,-0.03277666533297818,0.44666666666666666,0.9316359971129966,0.4504376503033371,80.98672599349611,0.9941009844129423
1.7000000000000002,0.0008047869769032823,5,0,-0.03277666533297818,0.44666666666666666,0.9316359971129966,0.4504376503033371,80.98672599349611,0.9941009844129423
1.8000000000000003,0.0008047869769032823,5,0,-0.03277666533297818,0.44666666666666666,0.9316359971129966,0.4504376503033371,80.98672599349611,0.9941009844129423
1.9000000000000001,0.0008047869769032823,5,0,-0.03277666533297818,0.44666666666666666,0.9316359971129966,0.4504376503033371,80.98672599349611,0.9941009844129423
2.0,0.0008047869769032823,5,0,-0.03277666533297818,0.44666666666666666,0.9316359971129966,0.4504376503033371,80.98672599349611,0.9941009844129423
2.1,0.0008047869769032823,5,0,-0.03277666533297818,0.44666666666666666,0.9316359971129966,0.4504376503033371,80.98672599349611,0.9941009844129423
2.2,0.0008047869769032823,5,0,-0.03277666533297818,0.44666666666666666,0.9316359971129966,0.4504376503033371,80.98672599349611,0.9941009844129423
2.3000000000000003,0.0008047869769032823,5,0,-0.03277666533297818,0.44666666666666666,0.9316359971129966,0.4504376503033371,80.98672599349611,0.9941009844129423
2.4000000000000004,0.0008047869769032823,5,0,-0.03277666533297818,0.44666666666666666,0.9316359971129966,0.4504376503033371,80.98672599349611,0.9941009844129423
2.5000000000000004,0.0008047869769032823,5,0,-0.03277666533297818,0.44666666666666666,0.9316359971129966,0.4504376503033371,80.98672599349611,0.9941009844129423
2.6,0.0008047869769032823,5,0,-0.03277666533297818,0.44666666666666666,0.9316359971129966,0.4504376503033371,80.98672599349611,0.9941009844129423
2.7,0.0008047869769032823,5,0,-0.03277666533297818,0.44666666666666666,0.9316359971129966,0.4504376503033371,80.98672599349611,0.9941009844129423
2.8000000000000003,0.0008047869769032823,5,0,-0.03277666533297818,0.44666666666666666,0.9316359971129966,0.4504376503033371,80.98672599349611,0.9941009844129423
2.9000000000000004,0.0008047869769032823,5,0,-0.03277666533297818,0.44666666666666666,0.9316359971129966,0.4504376503033371,80.98672599349611,0.9941009844129423
3.0000000000000004,0.0008047869769032823,5,0,-0.03277666533297818,0.44666666666666666,0.9316359971129966,0.4504376503033371,80.98672599349611,0.9941009844129423
3.1,0.0008047869769032823,5,0,-0.03277666533297818,0.44666666666666666,0.9316359971129966,0.4504376503033371,80.98672599349611,0.9941009844129423
3.2,0.0008047869769032823,5,0,-0.03277666533297818,0.44666666666666666,0.9316359971129966,0.4504376503033371,80.98672599349611,0.9941009844129423
3.3000000000000003,0.0008047869769032823,5,0,-0.03277666533297818,0.44666666666666666,0.9316359971129966,0.4504376503033371,80.98672599349611,0.9941009844129423
3.4000000000000004,0.0008047869769032823,5,0,-0.03277666533297818,0.44666666666666666,0.9316359971129966,0.4504376503033371,80.98672599349611,0.9941009844129423
3.5000000000000004,0.0008047869769032823,5,0,-0.03277666533297818,0.44666666666666666,0.9316359971129966,0.4504376503033371,80.98672599349611,0.9941009844129423
3.6,0.0008047869769032823,5,0,-0.03277666533297818,0.44666666666666666,0.9316359971129966,0.4504376503033371,80.98672599349611,0.9941009844129423
3.7,0.0008047869769032823,5,0,-0.03277666533297818,0.44666666666666666,0.9316359971129966,0.4504376503033371,80.98672599349611,0.9941009844129423
3.8000000000000003,0.0008047869769032823,5,0,-0.03277666533297818,0.44666666666666666,0.9316359971129966,0.4504376503033371,80.98672599349611,0.9941009844129423
3.9000000000000004,0.0008047869769032823,5,0,-0.03277666533297818,0.44666666666666666,0.9316359971129966,0.4504376503033371,80.98672599349611,0.9941009844129423
4.0,0.0008047869769032823,5,0,-0.03277666533297818,0.44666666666666666,0.9316359971129966,0.4504376503033371,80.98672599349611,0.9941009844129423
4.1,0.0008047869769032823,5,0,-0.03277666533297818,0.44666666666666666,0.9316359971129966,0.4504376503033371,80.98672599349611,0.9941009844129423
4.2,0.0008047869769032823,5,0,-0.03277666533297818,0.44666666666666666,0.9316359971129966,0.4504376503033371,80.98672599349611,0.9941009844129423
4.3,0.0008047869769032823,5,0,-0.03277666533297818,0.44666666666666666,0.9316359971129966,0.4504376503033371,80.98672599349611,0.9941009844129423
4.3999999999999995,0.0008047869769032823,5,0,-0.03277666533297818,0.44666666666666666,0.9316359971129966,0.4504376503033371,80.98672599349611,0.9941009844129423
4.5,0.0008047869769032823,5,0,-0.03277666533297818,0.44666666666666666,0.9316359971129966,0.4504376503033371,80.98672599349611,0.9941009844129423
4.6,0.0008047869769032823,5,0,-0.03277666533297818,0.44666666666666666,0.9316359971129966,0.4504376503033371,80.98672599349611,0.9941009844129423
4.7,0.0008047869769032823,5,0,-0.03277666533297818,0.44666666666666666,0.9316359971129966,0.4504376503033371,80.98672599349611,0.9941009844129423
4.8,0.0008047869769032823,5,0,-0.03277666533297818,0.44666666666666666,0.9316359971129966,0.4504376503033371,80.98672599349611,0.9941009844129423
4.9,0.0008047869769032823,5,0,-0.03277666533297818,0.44666666666666666,0.9316359971129966,0.4504376503033371,80.98672599349611,0.9941009844129423
5.0,0.0008047869769032823,5,0,-0.03277666533297818,0.44666666666666666,0.9316359971129966,0.4504376503033371,80.98672599349611,0.9941009844129423
0.1,-18.973671180914373,3,42,-0.01880227356227049,0.5333333333333333,0.9659462760100065,0.6099458337837862,33.65388076903733,0.9818747751721215
0.2,0.27520362680369237,5,40,-0.01880227356227049,0.5333333333333333,0.9659462760100065,0.6099458337837862,34.549756688791504,0.9805433244624782
0.30000000000000004,-54.68475833054386,3,35,-0.01880227356227049,0.5333333333333333,0.9659462760100065,0.6099458337837862,33.65388076903733,0.9818747751721215
0.4,-62.35024725101453,3,29,-0.01880227356227049,0.5333333333333333,0.9659462760100065,0.6099458337837862,33.65388076903733,0.9818747751721215
0.5,-82.82630363746746,3,25,-0.01880227356227049,0.5333333333333333,0.9659462760100065,0.6099458337837862,33.65388076903733,0.9818747751721215
0.6,0.27520362680369237,5,20,-0.01880227356227049,0.5333333333333333,0.9659462760100065,0.6099458337837862,34.549756688791504,0.9805433244624782
0.7000000000000001,-1.5395901002796104,3,14,-0.01880227356227049,0.5333333333333333,0.9659462760100065,0.6099458337837862,33.65388076903733,0.9818747751721215
0.8,-0.028207538888023187,4,7,-0.01880227356227049,0.5333333333333333,0.9659462760100065,0.6099458337837862,33.55828111336916,0.9820280419071801
0.9,-0.028207538888023187,4,6,-0.01880227356227049,0.5333333333333333,0.9659462760100065,0.6099458337837862,33.55828111336916,0.9820280419071801
1.0,0.37731321546540325,5,4,-0.01880227356227049,0.5333333333333333,0.9659462760100065,0.6099458337837862,33.489989990316055,0.982111063721258
1.1,0.11137497904240556,5,3,-0.01880227356227049,0.5333333333333333,0.9659462760100065,0.6099458337837862,33.319587399581465,0.9823854386065884
1.2000000000000002,0.11252096781618875,5,1,-0.01880227356227049,0.5333333333333333,0.9659462760100065,0.6099458337837862,33.32005534707978,0.9823846728666299
1.3000000000000003,0.11252096781618875,5,1,-0.01880227356227049,0.5333333333333333,0.9659462760100065,0.6099458337837862,33.32005534707978,0.9823846728666299
1.4000000000000001,0.27520362680369237,5,0,-0.01880227356227049,0.5333333333333333,0.9659462760100065,0.6099458337837862,34.549756688791504,0.9805433244624782
1.5000000000000002,0.27520362680369237,5,0,-0.01880227356227049,0.5333333333333333,0.9659462760100065,0.6099458337837862,34.549756688791504,0.9805433244624782
1.6,0.27520362680369237,5,0,-0.01880227356227049,0.5333333333333333,0.9659462760100065,0.6099458337837862,34.549756688791504,0.9805433244624782
1.7000000000000002,0.27520362680369237,5,0,-0.01880227356227049,0.5333333333333333,0.9659462760100065,0.6099458337837862,34.549756688791504,0.9805433244624782
1.8000000000000003,0.27520362680369237,5,0,-0.01880227356227049,0.5333333333333333,0.9659462760100065,0.6099458337837862,34.549756688791504,0.9805433244624782
1.9000000000000001,0.27520362680369237,5,0,-0.01880227356227049,0.5333333333333333,0.9659462760100065,0.6099458337837862,34.549756688791504,0.9805433244624782
2.0,0.27520362680369237,5,0,-0.01880227356227049,0.5333333333333333,0.9659462760100065,0.6099458337837862,34.549756688791504,0.9805433244624782
2.1,0.27520362680369237,5,0,-0.01880227356227049,0.5333333333333333,0.9659462760100065,0.6099458337837862,34.549756688791504,0.9805433244624782
2.2,0.27520362680369237,5,0,-0.01880227356227049,0.5333333333333333,0.9659462760100065,0.6099458337837862,34.549756688791504,0.9805433244624782
2.3000000000000003,0.27520362680369237,5,0,-0.01880227356227049,0.5333333333333333,0.9659462760100065,0.6099458337837862,34.549756688791504,0.9805433244624782
2.4000000000000004,0.27520362680369237,5,0,-0.01880227356227049,0.5333333333333333,0.9659462760100065,0.6099458337837862,34.549756688791504,0.9805433244624782
2.5000000000000004,0.27520362680369237,5,0,-0.01880227356227049,0.5333333333333333,0.9659462760100065,0.6099458337837862,34.549756688791504,0.9805433244624782
2.6,0.27520362680369237,5,0,-0.01880227356227049,0.5333333333333333,0.9659462760100065,0.6099458337837862,34.549756688791504,0.9805433244624782
2.7,0.27520362680369237,5,0,-0.01880227356227049,0.5333333333333333,0.9659462760100065,0.6099458337837862,34.549756688791504,0.9805433244624782
2.8000000000000003,0.27520362680369237,5,0,-0.01880227356227049,0.5333333333333333,0.9659462760100065,0.6099458337837862,34.549756688791504,0.9805433244624782
2.9000000000000004,0.27520362680369237,5,0,-0.01880227356227049,0.5333333333333333,0.9659462760100065,0.6099458337837862,34.549756688791504,0.9805433244624782
3.0000000000000004,0.27520362680369237,5,0,-0.01880227356227049,0.5333333333333333,0.9659462760100065,0.6099458337837862,34.549756688791504,0.9805433244624782
3.1,0.27520362680369237,5,0,-0.01880227356227049,0.5333333333333333,0.9659462760100065,0.6099458337837862,34.549756688791504,0.9805433244624782
3.2,0.27520362680369237,5,0,-0.01880227356227049,0.5333333333333333,0.9659462760100065,0.6099458337837862,34.549756688791504,0.9805433244624782
3.3000000000000003,0.27520362680369237,5,0,-0.01880227356227049,0.5333333333333333,0.9659462760100065,0.6099458337837862,34.549756688791504,0.9805433244624782
3.4000000000000004,0.27520362680369237,5,0,-0.01880227356227049,0.5333333333333333,0.9659462760100065,0.6099458337837862,34.549756688791504,0.9805433244624782
3.5000000000000004,0.27520362680369237,5,0,-0.01880227356227049,0.5333333333333333,0.9659462760100065,0.6099458337837862,34.549756688791504,0.9805433244624782
3.6,0.27520362680369237,5,0,-0.01880227356227049,0.5333333333333333,0.9659462760100065,0.6099458337837862,34.549756688791504,0.9805433244624782
3.7,0.27520362680369237,5,0,-0.01880227356227049,0.5333333333333333,0.9659462760100065,0.6099458337837862,34.549756688791504,0.9805433244624782
3.8000000000000003,0.27520362680369237,5,0,-0.01880227356227049,0.5333333333333333,0.9659462760100065,0.6099458337837862,34.549756688791504,0.9805433244624782
3.9000000000000004,0.27520362680369237,5,0,-0.01880227356227049,0.5333333333333333,0.9659462760100065,0.6099458337837862,34.549756688791504,0.9805433244624782
4.0,0.27520362680369237,5,0,-0.01880227356227049,0.5333333333333333,0.9659462760100065,0.6099458337837862,34.549756688791504,0.9805433244624782
4.1,0.27520362680369237,5,0,-0.01880227356227049,0.5333333333333333,0.9659462760100065,0.6099458337837862,34.549756688791504,0.9805433244624782
4.2,0.27520362680369237,5,0,-0.01880227356227049,0.5333333333333333,0.9659462760100065,0.6099458337837862,34.549756688791504,0.9805433244624782
4.3,0.27520362680369237,5,0,-0.01880227356227049,0.5333333333333333,0.9659462760100065,0.6099458337837862,34.549756688791504,0.9805433244624782
4.3999999999999995,0.27520362680369237,5,0,-0.01880227356227049,0.5333333333333333,0.9659462760100065,0.6099458337837862,34.549756688791504,0.9805433244624782
4.5,0.27520362680369237,5,0,-0.01880227356227049,0.5333333333333333,0.9659462760100065,0.6099458337837862,34.549756688791504,0.9805433244624782
4.6,0.27520362680369237,5,0,-0.01880227356227049,0.5333333333333333,0.9659462760100065,0.6099458337837862,34.549756688791504,0.9805433244624782
4.7,0.27520362680369237,5,0,-0.01880227356227049,0.5333333333333333,0.9659462760100065,0.6099458337837862,34.549756688791504,0.9805433244624782
4.8,0.27520362680369237,5,0,-0.01880227356227049,0.5333333333333333,0.9659462760100065,0.6099458337837862,34.549756688791504,0.9805433244624782
4.9,0.27520362680369237,5,0,-0.01880227356227049,0.5333333333333333,0.9659462760100065,0.6099458337837862,34.549756688791504,0.9805433244624782
5.0,0.27520362680369237,5,0,-0.01880227356227049,0.5333333333333333,0.9659462760100065,0.6099458337837862,34.549756688791504,0.9805433244624782
1.4000000000000001,0.2220351256408638,5,0,0.02346918994020447,0.5066666666666667,1.0485705970552706,0.5031279658872113,24.2531817249761,0.9747220447384195
1.5000000000000002,0.2220351256408638,5,0,0.02346918994020447,0.5066666666666667,1.0485705970552706,0.5031279658872113,24.2531817249761,0.9747220447384195
1.6,0.2220351256408638,5,0,0.02346918994020447,0.5066666666666667,1.0485705970552706,0.5031279658872113,24.2531817249761,0.9747220447384195
1.7000000000000002,0.2220351256408638,5,0,0.02346918994020447,0.5066666666666667,1.0485705970552706,0.5031279658872113,24.2531817249761,0.9747220447384195
1.8000000000000003,0.2220351256408638,5,0,0.02346918994020447,0.5066666666666667,1.0485705970552706,0.5031279658872113,24.2531817249761,0.9747220447384195
1.9000000000000001,0.2220351256408638,5,0,0.02346918994020447,0.5066666666666667,1.0485705970552706,0.5031279658872113,24.2531817249761,0.9747220447384195
2.0,0.2220351256408638,5,0,0.02346918994020447,0.5066666666666667,1.0485705970552706,0.5031279658872113,24.2531817249761,0.9747220447384195
2.1,0.2220351256408638,5,0,0.02346918994020447,0.5066666666666667,1.0485705970552706,0.5031279658872113,24.2531817249761,0.9747220447384195
2.2,0.2220351256408638,5,0,0.02346918994020447,0.5066666666666667,1.0485705970552706,0.5031279658872113,24.2531817249761,0.9747220447384195
2.3000000000000003,0.2220351256408638,5,0,0.02346918994020447,0.5066666666666667,1.0485705970552706,0.5031279658872113,24.2531817249761,0.9747220447384195
2.4000000000000004,0.2220351256408638,5,0,0.02346918994020447,0.5066666666666667,1.0485705970552706,0.5031279658872113,24.2531817249761,0.9747220447384195
2.5000000000000004,0.2220351256408638,5,0,0.02346918994020447,0.5066666666666667,1.0485705970552706,0.5031279658872113,24.2531817249761,0.9747220447384195
2.6,0.2220351256408638,5,0,0.02346918994020447,0.5066666666666667,1.0485705970552706,0.5031279658872113,24.2531817249761,0.9747220447384195
2.7,0.2220351256408638,5,0,0.02346918994020447,0.5066666666666667,1.0485705970552706,0.5031279658872113,24.2531817249761,0.9747220447384195
2.8000000000000003,0.2220351256408638,5,0,0.02346918994020447,0.5066666666666667,1.0485705970552706,0.5031279658872113,24.2531817249761,0.9747220447384195
2.9000000000000004,0.2220351256408638,5,0,0.02346918994020447,0.5066666666666667,1.0485705970552706,0.5031279658872113,24.2531817249761,0.9747220447384195
3.0000000000000004,0.2220351256408638,5,0,0.02346918994020447,0.5066666666666667,1.0485705970552706,0.5031279658872113,24.2531817249761,0.9747220447384195
3.1,0.2220351256408638,5,0,0.02346918994020447,0.5066666666666667,1.0485705970552706,0.5031279658872113,24.2531817249761,0.9747220447384195
3.2,0.2220351256408638,5,0,0.02346918994020447,0.5066666666666667,1.0485705970552706,0.5031279658872113,24.2531817249761,0.9747220447384195
3.3000000000000003,0.2220351256408638,5,0,0.02346918994020447,0.5066666666666667,1.0485705970552706,0.5031279658872113,24.2531817249761,0.9747220447384195
3.4000000000000004,0.2220351256408638,5,0,0.02346918994020447,0.5066666666666667,1.0485705970552706,0.5031279658872113,24.2531817249761,0.9747220447384195
3.5000000000000004,0.2220351256408638,5,0,0.02346918994020447,0.5066666666666667,1.0485705970552706,0.5031279658872113,24.2531817249761,0.9747220447384195
3.6,0.2220351256408638,5,0,0.02346918994020447,0.5066666666666667,1.0485705970552706,0.5031279658872113,24.2531817249761,0.9747220447384195
3.7,0.2220351256408638,5,0,0.02346918994020447,0.5066666666666667,1.0485705970552706,0.5031279658872113,24.2531817249761,0.9747220447384195
3.8000000000000003,0.2220351256408638,5,0,0.02346918994020447,0.5066666666666667,1.0485705970552706,0.5031279658872113,24.2531817249761,0.9747220447384195
3.9000000000000004,0.2220351256408638,5,0,0.02346918994020447,0.5066666666666667,1.0485705970552706,0.5031279658872113,24.2531817249761,0.9747220447384195
4.0,0.2220351256408638,5,0,0.02346918994020447,0.5066666666666667,1.0485705970552706,0.5031279658872113,24.2531817249761,0.9747220447384195
4.1,0.2220351256408638,5,0,0.02346918994020447,0.5066666666666667,1.0485705970552706,0.5031279658872113,24.2531817249761,0.9747220447384195
4.2,0.2220351256408638,5,0,0.02346918994020447,0.5066666666666667,1.0485705970552706,0.5031279658872113,24.2531817249761,0.9747220447384195
4.3,0.2220351256408638,5,0,0.02346918994020447,0.5066666666666667,1.0485705970552706,0.5031279658872113,24.2531817249761,0.9747220447384195
4.3999999999999995,0.2220351256408638,5,0,0.02346918994020447,0.5066666666666667,1.0485705970552706,0.5031279658872113,24.2531817249761,0.9747220447384195
4.5,0.2220351256408638,5,0,0.02346918994020447,0.5066666666666667,1.0485705970552706,0.5031279658872113,24.2531817249761,0.9747220447384195
4.6,0.2220351256408638,5,0,0.02346918994020447,0.5066666666666667,1.0485705970552706,0.5031279658872113,24.2531817249761,0.9747220447384195
4.7,0.2220351256408638,5,0,0.02346918994020447,0.5066666666666667,1.0485705970552706,0.5031279658872113,24.2531817249761,0.9747220447384195
4.8,0.2220351256408638,5,0,0.02346918994020447,0.5066666666666667,1.0485705970552706,0.5031279658872113,24.2531817249761,0.9747220447384195
4.9,0.2220351256408638,5,0,0.02346918994020447,0.5066666666666667,1.0485705970552706,0.5031279658872113,24.2531817249761,0.9747220447384195
5.0,0.2220351256408638,5,0,0.02346918994020447,0.5066666666666667,1.0485705970552706,0.5031279658872113,24.2531817249761,0.9747220447384195
0.1,0.0008870637395231862,5,44,0.10596821897815512,0.5,1.2689331776826405,0.26160701697295713,21.992083719592667,0.9830425891393085
0.2,0.5017326917943408,5,40,0.10596821897815512,0.5,1.2689331776826405,0.26160701697295713,31.69365944419248,0.9930192627905734
0.30000000000000004,0.5099632741445839,5,35,0.10596821897815512,0.5,1.2689331776826405,0.26160701697295713,31.692408463637445,0.9930184813470323
0.4,0.5099632741445839,5,28,0.10596821897815512,0.5,1.2689331776826405,0.26160701697295713,31.692408463637445,0.9930184813470323
0.5,0.5000704142601865,5,23,0.10596821897815512,0.5,1.2689331776826405,0.26160701697295713,31.807898082464398,0.9930883270609947
0.6,0.5000140883278008,5,17,0.10596821897815512,0.5,1.2689331776826405,0.26160701697295713,31.800098331165316,0.9930837155456148
0.7000000000000001,0.49941445783673183,5,13,0.10596821897815512,0.5,1.2689331776826405,0.26160701697295713,31.955836959119388,0.9931740130498423
0.8,0.49941445783673183,5,10,0.10596821897815512,0.5,1.2689331776826405,0.26160701697295713,31.955836959119388,0.9931740130498423
0.9,0.499458232553124,5,8,0.10596821897815512,0.5,1.2689331776826405,0.26160701697295713,31.953183410873866,0.9931725010902838
1.0,0.499458232553124,5,7,0.10596821897815512,0.5,1.2689331776826405,0.26160701697295713,31.953183410873866,0.9931725010902838
1.1,0.499458232553124,5,5,0.10596821897815512,0.5,1.2689331776826405,0.26160701697295713,31.953183410873866,0.9931725010902838
1.2000000000000002,0.4995154627629187,5,3,0.10596821897815512,0.5,1.2689331776826405,0.26160701697295713,31.950540920438332,0.9931709946404462
1.3000000000000003,0.4995154627629187,5,2,0.10596821897815512,0.5,1.2689331776826405,0.26160701697295713,31.950540920438332,0.9931709946404462
1.4000000000000001,0.0008870637395231862,5,0,0.10596821897815512,0.5,1.2689331776826405,0.26160701697295713,21.992083719592667,0.9830425891393085
1.5000000000000002,0.0008870637395231862,5,0,0.10596821897815512,0.5,1.2689331776826405,0.26160701697295713,21.992083719592667,0.9830425891393085
1.6,0.0008870637395231862,5,0,0.10596821897815512,0.5,1.2689331776826405,0.26160701697295713,21.992083719592667,0.9830425891393085
1.7000000000000002,0.0008870637395231862,5,0,0.10596821897815512,0.5,1.2689331776826405,0.26160701697295713,21.992083719592667,0.9830425891393085
1.8000000000000003,0.0008870637395231862,5,0,0.10596821897815512,0.5,1.2689331776826405,0.26160701697295713,21.992083719592667,0.9830425891393085
1.9000000000000001,0.0008870637395231862,5,0,0.10596821897815512,0.5,1.2689331776826405,0.26160701697295713,21.992083719592667,0.9830425891393085
2.0,0.0008870637395231862,5,0,0.10596821897815512,0.5,1.2689331776826405,0.26160701697295713,21.992083719592667,0.9830425891393085
2.1,0.0008870637395231862,5,0,0.10596821897815512,0.5,1.2689331776826405,0.26160701697295713,21.992083719592667,0.9830425891393085
2.2,0.0008870637395231862,5,0,0.10596821897815512,0.5,1.2689331776826405,0.26160701697295713,21.992083719592667,0.9830425891393085
2.3000000000000003,0.0008870637395231862,5,0,0.10596821897815512,0.5,1.2689331776826405,0.26160701697295713,21.992083719592667,0.9830425891393085
2.4000000000000004,0.0008870637395231862,5,0,0.10596821897815512,0.5,1.2689331776826405,0.26160701697295713,21.992083719592667,0.9830425891393085
2.5000000000000004,0.0008870637395231862,5,0,0.10596821897815512,0.5,1.2689331776826405,0.26160701697295713,21.992083719592667,0.9830425891393085
2.6,0.0008870637395231862,5,0,0.10596821897815512,0.5,1.2689331776826405,0.26160701697295713,21.992083719592667,0.9830425891393085
2.7,0.0008870637395231862,5,0,0.10596821897815512,0.5,1.2689331776826405,0.26160701697295713,21.992083719592667,0.9830425891393085
2.8000000000000003,0.0008870637395231862,5,0,0.10596821897815512,0.5,1.2689331776826405,0.26160701697295713,21.992083719592667,0.9830425891393085
2.9000000000000004,0.0008870637395231862,5,0,0.10596821897815512,0.5,1.2689331776826405,0.26160701697295713,21.992083719592667,0.9830425891393085
3.0000000000000004,0.0008870637395231862,5,0,0.10596821897815512,0.5,1.2689331776826405,0.26160701697295713,21.992083719592667,0.9830425891393085
3.1,0.0008870637395231862,5,0,0.10596821897815512,0.5,1.2689331776826405,0.26160701697295713,21.992083719592667,0.9830425891393085
3.2,0.0008870637395231862,5,0,0.10596821897815512,0.5,1.2689331776826405,0.26160701697295713,21.992083719592667,0.9830425891393085
3.3000000000000003,0.0008870637395231862,5,0,0.10596821897815512,0.5,1.2689331776826405,0.26160701697295713,21.992083719592667,0.9830425891393085
3.4000000000000004,0.0008870637395231862,5,0,0.10596821897815512,0.5,1.2689331776826405,0.26160701697295713,21.992083719592667,0.9830425891393085
3.5000000000000004,0.0008870637395231862,5,0,0.10596821897815512,0.5,1.2689331776826405,0.26160701697295713,21.992083719592667,0.9830425891393085
3.6,0.0008870637395231862,5,0,0.10596821897815512,0.5,1.2689331776826405,0.26160701697295713,21.992083719592667,0.9830425891393085
3.7,0.0008870637395231862,5,0,0.10596821897815512,0.5,1.2689331776826405,0.26160701697295713,21.992083719592667,0.9830425891393085
3.8000000000000003,0.0008870637395231862,5,0,0.10596821897815512,0.5,1.2689331776826405,0.26160701697295713,21.992083719592667,0.9830425891393085
3.9000000000000004,0.0008870637395231862,5,0,0.10596821897815512,0.5,1.2689331776826405,0.26160701697295713,21.992083719592667,0.9830425891393085
4.0,0.0008870637395231862,5,0,0.10596821897815512,0.5,1.2689331776826405,0.26160701697295713,21.992083719592667,0.9830425891393085
4.1,0.0008870637395231862,5,0,0.10596821897815512,0.5,1.2689331776826405,0.26160701697295713,21.992083719592667,0.9830425891393085
4.2,0.0008870637395231862,5,0,0.10596821897815512,0.5,1.2689331776826405,0.26160701697295713,21.992083719592667,0.9830425891393085
4.3,0.0008870637395231862,5,0,0.10596821897815512,0.5,1.2689331776826405,0.26160701697295713,21.992083719592667,0.9830425891393085
4.3999999999999995,0.0008870637395231862,5,0,0.10596821897815512,0.5,1.2689331776826405,0.26160701697295713,21.992083719592667,0.9830425891393085
4.5,0.0008870637395231862,5,0,0.10596821897815512,0.5,1.2689331776826405,0.26160701697295713,21.992083719592667,0.9830425891393085
4.6,0.0008870637395231862,5,0,0.10596821897815512,0.5,1.2689331776826405,0.26160701697295713,21.992083719592667,0.9830425891393085
4.7,0.0008870637395231862,5,0,0.10596821897815512,0.5,1.2689331776826405,0.26160701697295713,21.992083719592667,0.9830425891393085
4.8,0.0008870637395231862,5,0,0.10596821897815512,0.5,1.2689331776826405,0.26160701697295713,21.992083719592667,0.9830425891393085
4.9,0.0008870637395231862,5,0,0.10596821897815512,0.5,1.2689331776826405,0.26160701697295713,21.992083719592667,0.9830425891393085
5.0,0.0008870637395231862,5,0,0.10596821897815512,0.5,1.2689331776826405,0.26160701697295713,21.992083719592667,0.9830425891393085
0.1,0.10844691534421719,5,43,-0.025086798579811553,0.52,0.9539765067780513,0.572018103930804,22.504089307313723,0.9879005172353467
0.6,0.5152062768847072,5,16,-0.025086798579811553,0.52,0.9539765067780513,0.572018103930804,27.07358747775583,0.991111755193053
0.7000000000000001,0.5135659809626897,5,10,-0.025086798579811553,0.52,0.9539765067780513,0.572018103930804,27.07258944119734,0.9911111813271456
0.8,0.5135659809626897,5,7,-0.025086798579811553,0.52,0.9539765067780513,0.572018103930804,27.07258944119734,0.9911111813271456
0.9,0.5135659809626897,5,6,-0.025086798579811553,0.52,0.9539765067780513,0.572018103930804,27.07258944119734,0.9911111813271456
1.0,0.5135659809626897,5,5,-0.025086798579811553,0.52,0.9539765067780513,0.572018103930804,27.07258944119734,0.9911111813271456
1.1,0.5135659809626897,5,3,-0.025086798579811553,0.52,0.9539765067780513,0.572018103930804,27.07258944119734,0.9911111813271456
1.2000000000000002,0.5135659809626897,5,2,-0.025086798579811553,0.52,0.9539765067780513,0.572018103930804,27.07258944119734,0.9911111813271456
1.3000000000000003,0.5135659809626897,5,2,-0.025086798579811553,0.52,0.9539765067780513,0.572018103930804,27.07258944119734,0.9911111813271456
1.4000000000000001,0.5135659809626897,5,2,-0.025086798579811553,0.52,0.9539765067780513,0.572018103930804,27.07258944119734,0.9911111813271456
1.5000000000000002,0.49704499897879945,5,1,-0.025086798579811553,0.52,0.9539765067780513,0.572018103930804,27.47567645749307,0.9913377025964276
1.6,0.49704499897879945,5,1,-0.025086798579811553,0.52,0.9539765067780513,0.572018103930804,27.47567645749307,0.9913377025964276
1.7000000000000002,0.49730019974946144,5,1,-0.025086798579811553,0.52,0.9539765067780513,0.572018103930804,27.472788104097372,0.9913361101243422
1.8000000000000003,0.49730019974946144,5,1,-0.025086798579811553,0.52,0.9539765067780513,0.572018103930804,27.472788104097372,0.9913361101243422
1.9000000000000001,0.10844691534421719,5,0,-0.025086798579811553,0.52,0.9539765067780513,0.572018103930804,22.504089307313723,0.9879005172353467
2.0,0.10844691534421719,5,0,-0.025086798579811553,0.52,0.9539765067780513,0.572018103930804,22.504089307313723,0.9879005172353467
2.1,0.10844691534421719,5,0,-0.025086798579811553,0.52,0.9539765067780513,0.572018103930804,22.504089307313723,0.9879005172353467
2.2,0.10844691534421719,5,0,-0.025086798579811553,0.52,0.9539765067780513,0.572018103930804,22.504089307313723,0.9879005172353467
2.3000000000000003,0.10844691534421719,5,0,-0.025086798579811553,0.52,0.9539765067780513,0.572018103930804,22.504089307313723,0.9879005172353467
2.4000000000000004,0.10844691534421719,5,0,-0.025086798579811553,0.52,0.9539765067780513,0.572018103930804,22.504089307313723,0.9879005172353467
2.5000000000000004,0.10844691534421719,5,0,-0.025086798579811553,0.52,0.9539765067780513,0.572018103930804,22.504089307313723,0.9879005172353467
2.6,0.10844691534421719,5,0,-0.025086798579811553,0.52,0.9539765067780513,0.572018103930804,22.504089307313723,0.9879005172353467
2.7,0.10844691534421719,5,0,-0.025086798579811553,0.52,0.9539765067780513,0.572018103930804,22.504089307313723,0.9879005172353467
2.8000000000000003,0.10844691534421719,5,0,-0.025086798579811553,0.52,0.9539765067780513,0.572018103930804,22.504089307313723,0.9879005172353467
2.9000000000000004,0.10844691534421719,5,0,-0.025086798579811553,0.52,0.9539765067780513,0.572018103930804,22.504089307313723,0.9879005172353467
3.0000000000000004,0.10844691534421719,5,0,-0.025086798579811553,0.52,0.9539765067780513,0.572018103930804,22.504089307313723,0.9879005172353467
3.1,0.10844691534421719,5,0,-0.025086798579811553,0.52,0.9539765067780513,0.572018103930804,22.504089307313723,0.9879005172353467
3.2,0.10844691534421719,5,0,-0.025086798579811553,0.52,0.9539765067780513,0.572018103930804,22.504089307313723,0.9879005172353467
3.3000000000000003,0.10844691534421719,5,0,-0.025086798579811553,0.52,0.9539765067780513,0.572018103930804,22.504089307313723,0.9879005172353467
3.4000000000000004,0.10844691534421719,5,0,-0.025086798579811553,0.52,0.9539765067780513,0.572018103930804,22.504089307313723,0.9879005172353467
3.5000000000000004,0.10844691534421719,5,0,-0.025086798579811553,0.52,0.9539765067780513,0.572018103930804,22.504089307313723,0.9879005172353467
3.6,0.10844691534421719,5,0,-0.025086798579811553,0.52,0.9539765067780513,0.572018103930804,22.504089307313723,0.9879005172353467
3.7,0.10844691534421719,5,0,-0.025086798579811553,0.52,0.9539765067780513,0.572018103930804,22.504089307313723,0.9879005172353467
3.8000000000000003,0.10844691534421719,5,0,-0.025086798579811553,0.52,0.9539765067780513,0.572018103930804,22.504089307313723,0.9879005172353467
3.9000000000000004,0.10844691534421719,5,0,-0.025086798579811553,0.52,0.9539765067780513,0.572018103930804,22.504089307313723,0.9879005172353467
4.0,0.10844691534421719,5,0,-0.025086798579811553,0.52,0.9539765067780513,0.572018103930804,22.504089307313723,0.9879005172353467
4.1,0.10844691534421719,5,0,-0.025086798579811553,0.52,0.9539765067780513,0.572018103930804,22.504089307313723,0.9879005172353467
4.2,0.10844691534421719,5,0,-0.025086798579811553,0.52,0.9539765067780513,0.572018103930804,22.504089307313723,0.9879005172353467
4.3,0.10844691534421719,5,0,-0.025086798579811553,0.52,0.9539765067780513,0.572018103930804,22.504089307313723,0.9879005172353467
4.3999999999999995,0.10844691534421719,5,0,-0.025086798579811553,0.52,0.9539765067780513,0.572018103930804,22.504089307313723,0.9879005172353467
4.5,0.10844691534421719,5,0,-0.025086798579811553,0.52,0.9539765067780513,0.572018103930804,22.504089307313723,0.9879005172353467
4.6,0.10844691534421719,5,0,-0.025086798579811553,0.52,0.9539765067780513,0.572018103930804,22.504089307313723,0.9879005172353467
4.7,0.10844691534421719,5,0,-0.025086798579811553,0.52,0.9539765067780513,0.572018103930804,22.504089307313723,0.9879005172353467
4.8,0.10844691534421719,5,0,-0.025086798579811553,0.52,0.9539765067780513,0.572018103930804,22.504089307313723,0.9879005172353467
4.9,0.10844691534421719,5,0,-0.025086798579811553,0.52,0.9539765067780513,0.572018103930804,22.504089307313723,0.9879005172353467
5.0,0.10844691534421719,5,0,-0.025086798579811553,0.52,0.9539765067780513,0.572018103930804,22.504089307313723,0.9879005172353467
0.7000000000000001,0.505103459689866,5,13,-0.00823930015999752,0.4533333333333333,0.9821495046237038,0.3950364663831669,107.86393435402101,0.9983603721990797
0.8,0.5061276945225839,5,9,-0.00823930015999752,0.4533333333333333,0.9821495046237038,0.3950364663831669,107.75527118312279,0.9983534775143351
0.9,0.4963774178464405,5,4,-0.00823930015999752,0.4533333333333333,0.9821495046237038,0.3950364663831669,110.3977663594052,0.9985082558563974
1.0,0.4963774178464405,5,3,-0.00823930015999752,0.4533333333333333,0.9821495046237038,0.3950364663831669,110.3977663594052,0.9985082558563974
1.1,0.344975112890164,5,1,-0.00823930015999752,0.4533333333333333,0.9821495046237038,0.3950364663831669,117.1167538275044,0.9988262897811188
1.2000000000000002,0.344975112890164,5,1,-0.00823930015999752,0.4533333333333333,0.9821495046237038,0.3950364663831669,117.1167538275044,0.9988262897811188
1.3000000000000003,0.3457276306763944,5,1,-0.00823930015999752,0.4533333333333333,0.9821495046237038,0.3950364663831669,117.15338750575579,0.9988276731599421
1.4000000000000001,0.022710516959772165,5,0,-0.00823930015999752,0.4533333333333333,0.9821495046237038,0.3950364663831669,77.05193127256786,0.993434389154845
1.5000000000000002,0.022710516959772165,5,0,-0.00823930015999752,0.4533333333333333,0.9821495046237038,0.3950364663831669,77.05193127256786,0.993434389154845
1.6,0.022710516959772165,5,0,-0.00823930015999752,0.4533333333333333,0.9821495046237038,0.3950364663831669,77.05193127256786,0.993434389154845
1.7000000000000002,0.022710516959772165,5,0,-0.00823930015999752,0.4533333333333333,0.9821495046237038,0.3950364663831669,77.05193127256786,0.993434389154845
1.8000000000000003,0.022710516959772165,5,0,-0.00823930015999752,0.4533333333333333,0.9821495046237038,0.3950364663831669,77.05193127256786,0.993434389154845
1.9000000000000001,0.022710516959772165,5,0,-0.00823930015999752,0.4533333333333333,0.9821495046237038,0.3950364663831669,77.05193127256786,0.993434389154845
2.0,0.022710516959772165,5,0,-0.00823930015999752,0.4533333333333333,0.9821495046237038,0.3950364663831669,77.05193127256786,0.993434389154845
2.1,0.022710516959772165,5,0,-0.00823930015999752,0.4533333333333333,0.9821495046237038,0.3950364663831669,77.05193127256786,0.993434389154845
2.2,0.022710516959772165,5,0,-0.00823930015999752,0.4533333333333333,0.9821495046237038,0.3950364663831669,77.05193127256786,0.993434389154845
2.3000000000000003,0.022710516959772165,5,0,-0.00823930015999752,0.4533333333333333,0.9821495046237038,0.3950364663831669,77.05193127256786,0.993434389154845
2.4000000000000004,0.022710516959772165,5,0,-0.00823930015999752,0.4533333333333333,0.9821495046237038,0.3950364663831669,77.05193127256786,0.993434389154845
2.5000000000000004,0.022710516959772165,5,0,-0.00823930015999752,0.4533333333333333,0.9821495046237038,0.3950364663831669,77.05193127256786,0.993434389154845
2.6,0.022710516959772165,5,0,-0.00823930015999752,0.4533333333333333,0.9821495046237038,0.3950364663831669,77.05193127256786,0.993434389154845
2.7,0.022710516959772165,5,0,-0.00823930015999752,0.4533333333333333,0.9821495046237038,0.3950364663831669,77.05193127256786,0.993434389154845
2.8000000000000003,0.022710516959772165,5,0,-0.00823930015999752,0.4533333333333333,0.9821495046237038,0.3950364663831669,77.05193127256786,0.993434389154845
2.9000000000000004,0.022710516959772165,5,0,-0.00823930015999752,0.4533333333333333,0.9821495046237038,0.3950364663831669,77.05193127256786,0.993434389154845
3.0000000000000004,0.022710516959772165,5,0,-0.00823930015999752,0.4533333333333333,0.9821495046237038,0.3950364663831669,77.05193127256786,0.993434389154845
3.1,0.022710516959772165,5,0,-0.00823930015999752,0.4533333333333333,0.9821495046237038,0.3950364663831669,77.05193127256786,0.993434389154845
3.2,0.022710516959772165,5,0,-0.00823930015999752,0.4533333333333333,0.9821495046237038,0.3950364663831669,77.05193127256786,0.993434389154845
3.3000000000000003,0.022710516959772165,5,0,-0.00823930015999752,0.4533333333333333,0.9821495046237038,0.3950364663831669,77.05193127256786,0.993434389154845
3.4000000000000004,0.022710516959772165,5,0,-0.00823930015999752,0.4533333333333333,0.9821495046237038,0.3950364663831669,77.05193127256786,0.993434389154845
3.5000000000000004,0.022710516959772165,5,0,-0.00823930015999752,0.4533333333333333,0.9821495046237038,0.3950364663831669,77.05193127256786,0.993434389154845
3.6,0.022710516959772165,5,0,-0.00823930015999752,0.4533333333333333,0.9821495046237038,0.3950364663831669,77.05193127256786,0.993434389154845
3.7,0.022710516959772165,5,0,-0.00823930015999752,0.4533333333333333,0.9821495046237038,0.3950364663831669,77.05193127256786,0.993434389154845
3.8000000000000003,0.022710516959772165,5,0,-0.00823930015999752,0.4533333333333333,0.9821495046237038,0.3950364663831669,77.05193127256786,0.993434389154845
3.9000000000000004,0.022710516959772165,5,0,-0.00823930015999752,0.4533333333333333,0.9821495046237038,0.3950364663831669,77.05193127256786,0.993434389154845
4.0,0.022710516959772165,5,0,-0.00823930015999752,0.4533333333333333,0.9821495046237038,0.3950364663831669,77.05193127256786,0.993434389154845
4.1,0.022710516959772165,5,0,-0.00823930015999752,0.4533333333333333,0.9821495046237038,0.3950364663831669,77.05193127256786,0.993434389154845
4.2,0.022710516959772165,5,0,-0.00823930015999752,0.4533333333333333,0.9821495046237038,0.3950364663831669,77.05193127256786,0.993434389154845
4.3,0.022710516959772165,5,0,-0.00823930015999752,0.4533333333333333,0.9821495046237038,0.3950364663831669,77.05193127256786,0.993434389154845
4.3999999999999995,0.022710516959772165,5,0,-0.00823930015999752,0.4533333333333333,0.9821495046237038,0.3950364663831669,77.05193127256786,0.993434389154845
4.5,0.022710516959772165,5,0,-0.00823930015999752,0.4533333333333333,0.9821495046237038,0.3950364663831669,77.05193127256786,0.993434389154845
4.6,0.022710516959772165,5,0,-0.00823930015999752,0.4533333333333333,0.9821495046237038,0.3950364663831669,77.05193127256786,0.993434389154845
4.7,0.022710516959772165,5,0,-0.00823930015999752,0.4533333333333333,0.9821495046237038,0.3950364663831669,77.05193127256786,0.993434389154845
4.8,0.022710516959772165,5,0,-0.00823930015999752,0.4533333333333333,0.9821495046237038,0.3950364663831669,77.05193127256786,0.993434389154845
4.9,0.022710516959772165,5,0,-0.00823930015999752,0.4533333333333333,0.9821495046237038,0.3950364663831669,77.05193127256786,0.993434389154845
5.0,0.022710516959772165,5,0,-0.00823930015999752,0.4533333333333333,0.9821495046237038,0.3950364663831669,77.05193127256786,0.993434389154845
0.1,0.2213394009296129,5,42,-0.17767157749296808,0.44,0.7123526741927982,0.6643024059456341,83.96115441142962,0.9967048430939973
0.30000000000000004,0.2213394009296129,5,31,-0.17767157749296808,0.44,0.7123526741927982,0.6643024059456341,83.96115441142962,0.9967048430939973
0.4,0.5077462107762205,5,27,-0.17767157749296808,0.44,0.7123526741927982,0.6643024059456341,108.75503532672177,0.9982893461556385
0.8,0.5017082036668703,5,8,-0.17767157749296808,0.44,0.7123526741927982,0.6643024059456341,108.90609364830028,0.9982959199207072
0.9,0.4996642175325532,5,5,-0.17767157749296808,0.44,0.7123526741927982,0.6643024059456341,109.57188879286595,0.9983239683176228
1.0,0.4957584627331923,5,2,-0.17767157749296808,0.44,0.7123526741927982,0.6643024059456341,110.66508415523471,0.9983681658715386
1.1,0.4957584627331923,5,2,-0.17767157749296808,0.44,0.7123526741927982,0.6643024059456341,110.66508415523471,0.9983681658715386
1.2000000000000002,0.4958593885928206,5,2,-0.17767157749296808,0.44,0.7123526741927982,0.6643024059456341,110.6527601543003,0.9983676778094278
1.3000000000000003,0.4958593885928206,5,2,-0.17767157749296808,0.44,0.7123526741927982,0.6643024059456341,110.6527601543003,0.9983676778094278
1.4000000000000001,0.4958593885928206,5,1,-0.17767157749296808,0.44,0.7123526741927982,0.6643024059456341,110.6527601543003,0.9983676778094278
1.5000000000000002,0.4958593885928206,5,1,-0.17767157749296808,0.44,0.7123526741927982,0.6643024059456341,110.6527601543003,0.9983676778094278
1.6,0.4959192444367652,5,1,-0.17767157749296808,0.44,0.7123526741927982,0.6643024059456341,110.64047724881843,0.9983671911599367
1.7000000000000002,0.4959192444367652,5,1,-0.17767157749296808,0.44,0.7123526741927982,0.6643024059456341,110.64047724881843,0.9983671911599367
1.8000000000000003,0.4959192444367652,5,1,-0.17767157749296808,0.44,0.7123526741927982,0.6643024059456341,110.64047724881843,0.9983671911599367
1.9000000000000001,0.2213394009296129,5,0,-0.17767157749296808,0.44,0.7123526741927982,0.6643024059456341,83.96115441142962,0.9967048430939973
2.0,0.2213394009296129,5,0,-0.17767157749296808,0.44,0.7123526741927982,0.6643024059456341,83.96115441142962,0.9967048430939973
2.1,0.2213394009296129,5,0,-0.17767157749296808,0.44,0.7123526741927982,0.6643024059456341,83.96115441142962,0.9967048430939973
2.2,0.2213394009296129,5,0,-0.17767157749296808,0.44,0.7123526741927982,0.6643024059456341,83.96115441142962,0.9967048430939973
2.3000000000000003,0.2213394009296129,5,0,-0.17767157749296808,0.44,0.7123526741927982,0.6643024059456341,83.96115441142962,0.9967048430939973
2.4000000000000004,0.2213394009296129,5,0,-0.17767157749296808,0.44,0.7123526741927982,0.6643024059456341,83.96115441142962,0.9967048430939973
2.5000000000000004,0.2213394009296129,5,0,-0.17767157749296808,0.44,0.7123526741927982,0.6643024059456341,83.96115441142962,0.9967048430939973
2.6,0.2213394009296129,5,0,-0.17767157749296808,0.44,0.7123526741927982,0.6643024059456341,83.96115441142962,0.9967048430939973
2.7,0.2213394009296129,5,0,-0.17767157749296808,0.44,0.7123526741927982,0.6643024059456341,83.96115441142962,0.9967048430939973
2.8000000000000003,0.2213394009296129,5,0,-0.17767157749296808,0.44,0.7123526741927982,0.6643024059456341,83.96115441142962,0.9967048430939973
2.9000000000000004,0.2213394009296129,5,0,-0.17767157749296808,0.44,0.7123526741927982,0.6643024059456341,83.96115441142962,0.9967048430939973
3.0000000000000004,0.2213394009296129,5,0,-0.17767157749296808,0.44,0.7123526741927982,0.6643024059456341,83.96115441142962,0.9967048430939973
3.1,0.2213394009296129,5,0,-0.17767157749296808,0.44,0.7123526741927982,0.6643024059456341,83.96115441142962,0.9967048430939973
3.2,0.2213394009296129,5,0,-0.17767157749296808,0.44,0.7123526741927982,0.6643024059456341,83.96115441142962,0.9967048430939973
3.3000000000000003,0.2213394009296129,5,0,-0.17767157749296808,0.44,0.7123526741927982,0.6643024059456341,83.96115441142962,0.9967048430939973
3.4000000000000004,0.2213394009296129,5,0,-0.17767157749296808,0.44,0.7123526741927982,0.6643024059456341,83.96115441142962,0.9967048430939973
3.5000000000000004,0.2213394009296129,5,0,-0.17767157749296808,0.44,0.7123526741927982,0.6643024059456341,83.96115441142962,0.9967048430939973
3.6,0.2213394009296129,5,0,-0.17767157749296808,0.44,0.7123526741927982,0.6643024059456341,83.96115441142962,0.9967048430939973
3.7,0.2213394009296129,5,0,-0.17767157749296808,0.44,0.7123526741927982,0.6643024059456341,83.96115441142962,0.9967048430939973
3.8000000000000003,0.2213394009296129,5,0,-0.17767157749296808,0.44,0.7123526741927982,0.6643024059456341,83.96115441142962,0.9967048430939973
3.9000000000000004,0.2213394009296129,5,0,-0.17767157749296808,0.44,0.7123526741927982,0.6643024059456341,83.96115441142962,0.9967048430939973
4.0,0.2213394009296129,5,0,-0.17767157749296808,0.44,0.7123526741927982,0.6643024059456341,83.96115441142962,0.9967048430939973
4.1,0.2213394009296129,5,0,-0.17767157749296808,0.44,0.7123526741927982,0.6643024059456341,83.96115441142962,0.9967048430939973
4.2,0.2213394009296129,5,0,-0.17767157749296808,0.44,0.7123526741927982,0.6643024059456341,83.96115441142962,0.9967048430939973
4.3,0.2213394009296129,5,0,-0.17767157749296808,0.44,0.7123526741927982,0.6643024059456341,83.96115441142962,0.9967048430939973
4.3999999999999995,0.2213394009296129,5,0,-0.17767157749296808,0.44,0.7123526741927982,0.6643024059456341,83.96115441142962,0.9967048430939973
4.5,0.2213394009296129,5,0,-0.17767157749296808,0.44,0.7123526741927982,0.6643024059456341,83.96115441142962,0.9967048430939973
4.6,0.2213394009296129,5,0,-0.17767157749296808,0.44,0.7123526741927982,0.6643024059456341,83.96115441142962,0.9967048430939973
4.7,0.2213394009296129,5,0,-0.17767157749296808,0.44,0.7123526741927982,0.6643024059456341,83.96115441142962,0.9967048430939973
4.8,0.2213394009296129,5,0,-0.17767157749296808,0.44,0.7123526741927982,0.6643024059456341,83.96115441142962,0.9967048430939973
4.9,0.2213394009296129,5,0,-0.17767157749296808,0.44,0.7123526741927982,0.6643024059456341,83.96115441142962,0.9967048430939973
5.0,0.2213394009296129,5,0,-0.17767157749296808,0.44,0.7123526741927982,0.6643024059456341,83.96115441142962,0.9967048430939973
0.2,0.3406160965526066,5,35,0.021876211850593075,0.44666666666666666,1.0514988310179076,0.4005742747762257,21.13441658126545,0.9805443321045906
1.2000000000000002,0.3406160965526066,5,0,0.021876211850593075,0.44666666666666666,1.0514988310179076,0.4005742747762257,21.13441658126545,0.9805443321045906
1.3000000000000003,0.3406160965526066,5,0,0.021876211850593075,0.44666666666666666,1.0514988310179076,0.4005742747762257,21.13441658126545,0.9805443321045906
1.4000000000000001,0.3406160965526066,5,0,0.021876211850593075,0.44666666666666666,1.0514988310179076,0.4005742747762257,21.13441658126545,0.9805443321045906
1.5000000000000002,0.3406160965526066,5,0,0.021876211850593075,0.44666666666666666,1.0514988310179076,0.4005742747762257,21.13441658126545,0.9805443321045906
1.6,0.3406160965526066,5,0,0.021876211850593075,0.44666666666666666,1.0514988310179076,0.4005742747762257,21.13441658126545,0.9805443321045906
1.7000000000000002,0.3406160965526066,5,0,0.021876211850593075,0.44666666666666666,1.0514988310179076,0.4005742747762257,21.13441658126545,0.9805443321045906
1.8000000000000003,0.3406160965526066,5,0,0.021876211850593075,0.44666666666666666,1.0514988310179076,0.4005742747762257,21.13441658126545,0.9805443321045906
1.9000000000000001,0.3406160965526066,5,0,0.021876211850593075,0.44666666666666666,1.0514988310179076,0.4005742747762257,21.13441658126545,0.9805443321045906
2.0,0.3406160965526066,5,0,0.021876211850593075,0.44666666666666666,1.0514988310179076,0.4005742747762257,21.13441658126545,0.9805443321045906
2.1,0.3406160965526066,5,0,0.021876211850593075,0.44666666666666666,1.0514988310179076,0.4005742747762257,21.13441658126545,0.9805443321045906
2.2,0.3406160965526066,5,0,0.021876211850593075,0.44666666666666666,1.0514988310179076,0.4005742747762257,21.13441658126545,0.9805443321045906
2.3000000000000003,0.3406160965526066,5,0,0.021876211850593075,0.44666666666666666,1.0514988310179076,0.4005742747762257,21.13441658126545,0.9805443321045906
2.4000000000000004,0.3406160965526066,5,0,0.021876211850593075,0.44666666666666666,1.0514988310179076,0.4005742747762257,21.13441658126545,0.9805443321045906
2.5000000000000004,0.3406160965526066,5,0,0.021876211850593075,0.44666666666666666,1.0514988310179076,0.4005742747762257,21.13441658126545,0.9805443321045906
2.6,0.3406160965526066,5,0,0.021876211850593075,0.44666666666666666,1.0514988310179076,0.4005742747762257,21.13441658126545,0.9805443321045906
2.7,0.3406160965526066,5,0,0.021876211850593075,0.44666666666666666,1.0514988310179076,0.4005742747762257,21.13441658126545,0.9805443321045906
2.8000000000000003,0.3406160965526066,5,0,0.021876211850593075,0.44666666666666666,1.0514988310179076,0.4005742747762257,21.13441658126545,0.9805443321045906
2.9000000000000004,0.3406160965526066,5,0,0.021876211850593075,0.44666666666666666,1.0514988310179076,0.4005742747762257,21.13441658126545,0.9805443321045906
3.0000000000000004,0.3406160965526066,5,0,0.021876211850593075,0.44666666666666666,1.0514988310179076,0.4005742747762257,21.13441658126545,0.9805443321045906
3.1,0.3406160965526066,5,0,0.021876211850593075,0.44666666666666666,1.0514988310179076,0.4005742747762257,21.13441658126545,0.9805443321045906
3.2,0.3406160965526066,5,0,0.021876211850593075,0.44666666666666666,1.0514988310179076,0.4005742747762257,21.13441658126545,0.9805443321045906
3.3000000000000003,0.3406160965526066,5,0,0.021876211850593075,0.44666666666666666,1.0514988310179076,0.4005742747762257,21.13441658126545,0.9805443321045906
3.4000000000000004,0.3406160965526066,5,0,0.021876211850593075,0.44666666666666666,1.0514988310179076,0.4005742747762257,21.13441658126545,0.9805443321045906
3.5000000000000004,0.3406160965526066,5,0,0.021876211850593075,0.44666666666666666,1.0514988310179076,0.4005742747762257,21.13441658126545,0.9805443321045906
3.6,0.3406160965526066,5,0,0.021876211850593075,0.44666666666666666,1.0514988310179076,0.4005742747762257,21.13441658126545,0.9805443321045906
3.7,0.3406160965526066,5,0,0.021876211850593075,0.44666666666666666,1.0514988310179076,0.4005742747762257,21.13441658126545,0.9805443321045906
3.8000000000000003,0.3406160965526066,5,0,0.021876211850593075,0.44666666666666666,1.0514988310179076,0.4005742747762257,21.13441658126545,0.9805443321045906
3.9000000000000004,0.3406160965526066,5,0,0.021876211850593075,0.44666666666666666,1.0514988310179076,0.4005742747762257,21.13441658126545,0.9805443321045906
4.0,0.3406160965526066,5,0,0.021876211850593075,0.44666666666666666,1.0514988310179076,0.4005742747762257,21.13441658126545,0.9805443321045906
4.1,0.3406160965526066,5,0,0.021876211850593075,0.44666666666666666,1.0514988310179076,0.4005742747762257,21.13441658126545,0.9805443321045906
4.2,0.3406160965526066,5,0,0.021876211850593075,0.44666666666666666,1.0514988310179076,0.4005742747762257,21.13441658126545,0.9805443321045906
4.3,0.3406160965526066,5,0,0.021876211850593075,0.44666666666666666,1.0514988310179076,0.4005742747762257,21.13441658126545,0.9805443321045906
4.3999999999999995,0.3406160965526066,5,0,0.021876211850593075,0.44666666666666666,1.0514988310179076,0.4005742747762257,21.13441658126545,0.9805443321045906
4.5,0.3406160965526066,5,0,0.021876211850593075,0.44666666666666666,1.0514988310179076,0.4005742747762257,21.13441658126545,0.9805443321045906
4.6,0.3406160965526066,5,0,0.021876211850593075,0.44666666666666666,1.0514988310179076,0.4005742747762257,21.13441658126545,0.9805443321045906
4.7,0.3406160965526066,5,0,0.021876211850593075,0.44666666666666666,1.0514988310179076,0.4005742747762257,21.13441658126545,0.9805443321045906
4.8,0.3406160965526066,5,0,0.021876211850593075,0.44666666666666666,1.0514988310179076,0.4005742747762257,21.13441658126545,0.9805443321045906
4.9,0.3406160965526066,5,0,0.021876211850593075,0.44666666666666666,1.0514988310179076,0.4005742747762257,21.13441658126545,0.9805443321045906
5.0,0.3406160965526066,5,0,0.021876211850593075,0.44666666666666666,1.0514988310179076,0.4005742747762257,21.13441658126545,0.9805443321045906
