drift_k,r2_train,complexity,regimes,mcc_test,hit_ratio,profit_factor,max_drawdown,mape_test,rho_residuos,ticker
0.1,0.19719334618682005,5,33,0.11556103822713815,0.54,1.2722677431507348,0.28172725862079645,12.726266571961487,0.9839378642402578,BTC-USD
0.2,0.5054426632468596,5,24,0.11556103822713815,0.54,1.2722677431507348,0.28172725862079645,16.78249786933421,0.990297813282377,BTC-USD
0.30000000000000004,0.503061642600598,5,19,0.11556103822713815,0.54,1.2722677431507348,0.28172725862079645,16.77814198423191,0.9902933391128754,BTC-USD
0.4,0.49622398039427046,5,16,0.11556103822713815,0.54,1.2722677431507348,0.28172725862079645,17.151066222262155,0.9906559596569697,BTC-USD
0.5,0.49622398039427046,5,12,0.11556103822713815,0.54,1.2722677431507348,0.28172725862079645,17.151066222262155,0.9906559596569697,BTC-USD
0.6,0.49622398039427046,5,10,0.11556103822713815,0.54,1.2722677431507348,0.28172725862079645,17.151066222262155,0.9906559596569697,BTC-USD
0.7000000000000001,0.4912407360280608,5,7,0.11556103822713815,0.54,1.2722677431507348,0.28172725862079645,17.413831041905393,0.9908961209893342,BTC-USD
0.8,0.4912407360280608,5,7,0.11556103822713815,0.54,1.2722677431507348,0.28172725862079645,17.413831041905393,0.9908961209893342,BTC-USD
0.9,0.4558788907666924,5,5,0.11556103822713815,0.54,1.2722677431507348,0.28172725862079645,18.26125039689126,0.9915743265519454,BTC-USD
1.0,0.4558788907666924,5,3,0.11556103822713815,0.54,1.2722677431507348,0.28172725862079645,18.26125039689126,0.9915743265519454,BTC-USD
1.1,0.4558788907666924,5,3,0.11556103822713815,0.54,1.2722677431507348,0.28172725862079645,18.26125039689126,0.9915743265519454,BTC-USD
1.2000000000000002,0.4558788907666924,5,3,0.11556103822713815,0.54,1.2722677431507348,0.28172725862079645,18.26125039689126,0.9915743265519454,BTC-USD
1.3000000000000003,0.4558788907666924,5,3,0.11556103822713815,0.54,1.2722677431507348,0.28172725862079645,18.26125039689126,0.9915743265519454,BTC-USD
1.4000000000000001,0.4558788907666924,5,3,0.11556103822713815,0.54,1.2722677431507348,0.28172725862079645,18.26125039689126,0.9915743265519454,BTC-USD
1.5000000000000002,0.4558788907666924,5,3,0.11556103822713815,0.54,1.2722677431507348,0.28172725862079645,18.26125039689126,0.9915743265519454,BTC-USD
1.6,0.32628328710682875,6,2,0.11556103822713815,0.54,1.2722677431507348,0.28172725862079645,15.788278300533861,0.9892530989790834,BTC-USD
1.7000000000000002,0.32678262502138505,6,2,0.11556103822713815,0.54,1.2722677431507348,0.28172725862079645,15.772720480876465,0.9892325630388314,BTC-USD
1.8000000000000003,0.32678262502138505,6,2,0.11556103822713815,0.54,1.2722677431507348,0.28172725862079645,15.772720480876465,0.9892325630388314,BTC-USD
1.9000000000000001,0.32678262502138505,6,2,0.11556103822713815,0.54,1.2722677431507348,0.28172725862079645,15.772720480876465,0.9892325630388314,BTC-USD
2.0,0.32678262502138505,6,2,0.11556103822713815,0.54,1.2722677431507348,0.28172725862079645,15.772720480876465,0.9892325630388314,BTC-USD
2.1,0.32678262502138505,6,2,0.11556103822713815,0.54,1.2722677431507348,0.28172725862079645,15.772720480876465,0.9892325630388314,BTC-USD
2.2,0.32678262502138505,6,2,0.11556103822713815,0.54,1.2722677431507348,0.28172725862079645,15.772720480876465,0.9892325630388314,BTC-USD
2.3000000000000003,0.32678262502138505,6,2,0.11556103822713815,0.54,1.2722677431507348,0.28172725862079645,15.772720480876465,0.9892325630388314,BTC-USD
2.4000000000000004,0.30139662912955467,6,1,0.11556103822713815,0.54,1.2722677431507348,0.28172725862079645,14.85793141614788,0.9880385595901268,BTC-USD
2.5000000000000004,0.30139662912955467,6,1,0.11556103822713815,0.54,1.2722677431507348,0.28172725862079645,14.85793141614788,0.9880385595901268,BTC-USD
2.6,0.30139662912955467,6,1,0.11556103822713815,0.54,1.2722677431507348,0.28172725862079645,14.85793141614788,0.9880385595901268,BTC-USD
2.7,0.30139662912955467,6,1,0.11556103822713815,0.54,1.2722677431507348,0.28172725862079645,14.85793141614788,0.9880385595901268,BTC-USD
2.8000000000000003,0.19719334618682005,5,0,0.11556103822713815,0.54,1.2722677431507348,0.28172725862079645,12.726266571961487,0.9839378642402578,BTC-USD
2.9000000000000004,0.19719334618682005,5,0,0.11556103822713815,0.54,1.2722677431507348,0.28172725862079645,12.726266571961487,0.9839378642402578,BTC-USD
3.0000000000000004,0.19719334618682005,5,0,0.11556103822713815,0.54,1.2722677431507348,0.28172725862079645,12.726266571961487,0.9839378642402578,BTC-USD
3.1,0.19719334618682005,5,0,0.11556103822713815,0.54,1.2722677431507348,0.28172725862079645,12.726266571961487,0.9839378642402578,BTC-USD
3.2,0.19719334618682005,5,0,0.11556103822713815,0.54,1.2722677431507348,0.28172725862079645,12.726266571961487,0.9839378642402578,BTC-USD
3.3000000000000003,0.19719334618682005,5,0,0.11556103822713815,0.54,1.2722677431507348,0.28172725862079645,12.726266571961487,0.9839378642402578,BTC-USD
3.4000000000000004,0.19719334618682005,5,0,0.11556103822713815,0.54,1.2722677431507348,0.28172725862079645,12.726266571961487,0.9839378642402578,BTC-USD
3.5000000000000004,0.19719334618682005,5,0,0.11556103822713815,0.54,1.2722677431507348,0.28172725862079645,12.726266571961487,0.9839378642402578,BTC-USD
3.6,0.19719334618682005,5,0,0.11556103822713815,0.54,1.2722677431507348,0.28172725862079645,12.726266571961487,0.9839378642402578,BTC-USD
3.7,0.19719334618682005,5,0,0.11556103822713815,0.54,1.2722677431507348,0.28172725862079645,12.726266571961487,0.9839378642402578,BTC-USD
3.8000000000000003,0.19719334618682005,5,0,0.11556103822713815,0.54,1.2722677431507348,0.28172725862079645,12.726266571961487,0.9839378642402578,BTC-USD
3.9000000000000004,0.19719334618682005,5,0,0.11556103822713815,0.54,1.2722677431507348,0.28172725862079645,12.726266571961487,0.9839378642402578,BTC-USD
4.0,0.19719334618682005,5,0,0.11556103822713815,0.54,1.2722677431507348,0.28172725862079645,12.726266571961487,0.9839378642402578,BTC-USD
4.1,0.19719334618682005,5,0,0.11556103822713815,0.54,1.2722677431507348,0.28172725862079645,12.726266571961487,0.9839378642402578,BTC-USD
4.2,0.19719334618682005,5,0,0.11556103822713815,0.54,1.2722677431507348,0.28172725862079645,12.726266571961487,0.9839378642402578,BTC-USD
4.3,0.19719334618682005,5,0,0.11556103822713815,0.54,1.2722677431507348,0.28172725862079645,12.726266571961487,0.9839378642402578,BTC-USD
4.3999999999999995,0.19719334618682005,5,0,0.11556103822713815,0.54,1.2722677431507348,0.28172725862079645,12.726266571961487,0.9839378642402578,BTC-USD
4.5,0.19719334618682005,5,0,0.11556103822713815,0.54,1.2722677431507348,0.28172725862079645,12.726266571961487,0.9839378642402578,BTC-USD
4.6,0.19719334618682005,5,0,0.11556103822713815,0.54,1.2722677431507348,0.28172725862079645,12.726266571961487,0.9839378642402578,BTC-USD
4.7,0.19719334618682005,5,0,0.11556103822713815,0.54,1.2722677431507348,0.28172725862079645,12.726266571961487,0.9839378642402578,BTC-USD
4.8,0.19719334618682005,5,0,0.11556103822713815,0.54,1.2722677431507348,0.28172725862079645,12.726266571961487,0.9839378642402578,BTC-USD
4.9,0.19719334618682005,5,0,0.11556103822713815,0.54,1.2722677431507348,0.28172725862079645,12.726266571961487,0.9839378642402578,BTC-USD
5.0,0.19719334618682005,5,0,0.11556103822713815,0.54,1.2722677431507348,0.28172725862079645,12.726266571961487,0.9839378642402578,BTC-USD
0.1,0.2780371632224886,6,37,0.14020236069958125,0.54,1.350683313050354,0.3168767173113177,22.06993460267182,0.9678704307779994,ETH-USD
0.2,0.5069844093853516,5,26,0.14020236069958125,0.54,1.350683313050354,0.3168767173113177,16.96452902048241,0.9796971996240497,ETH-USD
0.30000000000000004,0.4987339506468917,4,18,0.14020236069958125,0.54,1.350683313050354,0.3168767173113177,17.039540399779533,0.9799419785652317,ETH-USD
0.4,0.4987339506468917,4,16,0.14020236069958125,0.54,1.350683313050354,0.3168767173113177,17.039540399779533,0.9799419785652317,ETH-USD
0.5,0.4987542309437546,5,13,0.14020236069958125,0.54,1.350683313050354,0.3168767173113177,17.038515616272402,0.9799386218558803,ETH-USD
0.6,0.49885325968545124,5,9,0.14020236069958125,0.54,1.350683313050354,0.3168767173113177,17.035464807607784,0.9799286295278582,ETH-USD
0.7000000000000001,0.4854662191052177,5,5,0.14020236069958125,0.54,1.350683313050354,0.3168767173113177,17.423116133605653,0.9811809126613327,ETH-USD
0.8,0.48570250513187163,5,4,0.14020236069958125,0.54,1.350683313050354,0.3168767173113177,17.419064508701204,0.9811681286897538,ETH-USD
0.9,0.48570250513187163,5,4,0.14020236069958125,0.54,1.350683313050354,0.3168767173113177,17.419064508701204,0.9811681286897538,ETH-USD
1.0,0.4707547300413545,5,3,0.14020236069958125,0.54,1.350683313050354,0.3168767173113177,17.635280950120276,0.9818145102284593,ETH-USD
1.1,0.4707547300413545,5,2,0.14020236069958125,0.54,1.350683313050354,0.3168767173113177,17.635280950120276,0.9818145102284593,ETH-USD
1.2000000000000002,0.4707547300413545,5,2,0.14020236069958125,0.54,1.350683313050354,0.3168767173113177,17.635280950120276,0.9818145102284593,ETH-USD
1.3000000000000003,0.4707547300413545,5,2,0.14020236069958125,0.54,1.350683313050354,0.3168767173113177,17.635280950120276,0.9818145102284593,ETH-USD
1.4000000000000001,0.4707547300413545,5,2,0.14020236069958125,0.54,1.350683313050354,0.3168767173113177,17.635280950120276,0.9818145102284593,ETH-USD
1.5000000000000002,0.2908328012329247,6,1,0.14020236069958125,0.54,1.350683313050354,0.3168767173113177,16.548944409696116,0.9741285201989818,ETH-USD
1.6,0.2908328012329247,6,1,0.14020236069958125,0.54,1.350683313050354,0.3168767173113177,16.548944409696116,0.9741285201989818,ETH-USD
1.7000000000000002,0.2780371632224886,6,0,0.14020236069958125,0.54,1.350683313050354,0.3168767173113177,22.06993460267182,0.9678704307779994,ETH-USD
1.8000000000000003,0.2780371632224886,6,0,0.14020236069958125,0.54,1.350683313050354,0.3168767173113177,22.06993460267182,0.9678704307779994,ETH-USD
1.9000000000000001,0.2780371632224886,6,0,0.14020236069958125,0.54,1.350683313050354,0.3168767173113177,22.06993460267182,0.9678704307779994,ETH-USD
2.0,0.2780371632224886,6,0,0.14020236069958125,0.54,1.350683313050354,0.3168767173113177,22.06993460267182,0.9678704307779994,ETH-USD
2.1,0.2780371632224886,6,0,0.14020236069958125,0.54,1.350683313050354,0.3168767173113177,22.06993460267182,0.9678704307779994,ETH-USD
2.2,0.2780371632224886,6,0,0.14020236069958125,0.54,1.350683313050354,0.3168767173113177,22.06993460267182,0.9678704307779994,ETH-USD
2.3000000000000003,0.2780371632224886,6,0,0.14020236069958125,0.54,1.350683313050354,0.3168767173113177,22.06993460267182,0.9678704307779994,ETH-USD
2.4000000000000004,0.2780371632224886,6,0,0.14020236069958125,0.54,1.350683313050354,0.3168767173113177,22.06993460267182,0.9678704307779994,ETH-USD
2.5000000000000004,0.2780371632224886,6,0,0.14020236069958125,0.54,1.350683313050354,0.3168767173113177,22.06993460267182,0.9678704307779994,ETH-USD
2.6,0.2780371632224886,6,0,0.14020236069958125,0.54,1.350683313050354,0.3168767173113177,22.06993460267182,0.9678704307779994,ETH-USD
2.7,0.2780371632224886,6,0,0.14020236069958125,0.54,1.350683313050354,0.3168767173113177,22.06993460267182,0.9678704307779994,ETH-USD
2.8000000000000003,0.2780371632224886,6,0,0.14020236069958125,0.54,1.350683313050354,0.3168767173113177,22.06993460267182,0.9678704307779994,ETH-USD
2.9000000000000004,0.2780371632224886,6,0,0.14020236069958125,0.54,1.350683313050354,0.3168767173113177,22.06993460267182,0.9678704307779994,ETH-USD
3.0000000000000004,0.2780371632224886,6,0,0.14020236069958125,0.54,1.350683313050354,0.3168767173113177,22.06993460267182,0.9678704307779994,ETH-USD
3.1,0.2780371632224886,6,0,0.14020236069958125,0.54,1.350683313050354,0.3168767173113177,22.06993460267182,0.9678704307779994,ETH-USD
3.2,0.2780371632224886,6,0,0.14020236069958125,0.54,1.350683313050354,0.3168767173113177,22.06993460267182,0.9678704307779994,ETH-USD
3.3000000000000003,0.2780371632224886,6,0,0.14020236069958125,0.54,1.350683313050354,0.3168767173113177,22.06993460267182,0.9678704307779994,ETH-USD
3.4000000000000004,0.2780371632224886,6,0,0.14020236069958125,0.54,1.350683313050354,0.3168767173113177,22.06993460267182,0.9678704307779994,ETH-USD
3.5000000000000004,0.2780371632224886,6,0,0.14020236069958125,0.54,1.350683313050354,0.3168767173113177,22.06993460267182,0.9678704307779994,ETH-USD
3.6,0.2780371632224886,6,0,0.14020236069958125,0.54,1.350683313050354,0.3168767173113177,22.06993460267182,0.9678704307779994,ETH-USD
3.7,0.2780371632224886,6,0,0.14020236069958125,0.54,1.350683313050354,0.3168767173113177,22.06993460267182,0.9678704307779994,ETH-USD
3.8000000000000003,0.2780371632224886,6,0,0.14020236069958125,0.54,1.350683313050354,0.3168767173113177,22.06993460267182,0.9678704307779994,ETH-USD
3.9000000000000004,0.2780371632224886,6,0,0.14020236069958125,0.54,1.350683313050354,0.3168767173113177,22.06993460267182,0.9678704307779994,ETH-USD
4.0,0.2780371632224886,6,0,0.14020236069958125,0.54,1.350683313050354,0.3168767173113177,22.06993460267182,0.9678704307779994,ETH-USD
4.1,0.2780371632224886,6,0,0.14020236069958125,0.54,1.350683313050354,0.3168767173113177,22.06993460267182,0.9678704307779994,ETH-USD
4.2,0.2780371632224886,6,0,0.14020236069958125,0.54,1.350683313050354,0.3168767173113177,22.06993460267182,0.9678704307779994,ETH-USD
4.3,0.2780371632224886,6,0,0.14020236069958125,0.54,1.350683313050354,0.3168767173113177,22.06993460267182,0.9678704307779994,ETH-USD
4.3999999999999995,0.2780371632224886,6,0,0.14020236069958125,0.54,1.350683313050354,0.3168767173113177,22.06993460267182,0.9678704307779994,ETH-USD
4.5,0.2780371632224886,6,0,0.14020236069958125,0.54,1.350683313050354,0.3168767173113177,22.06993460267182,0.9678704307779994,ETH-USD
4.6,0.2780371632224886,6,0,0.14020236069958125,0.54,1.350683313050354,0.3168767173113177,22.06993460267182,0.9678704307779994,ETH-USD
4.7,0.2780371632224886,6,0,0.14020236069958125,0.54,1.350683313050354,0.3168767173113177,22.06993460267182,0.9678704307779994,ETH-USD
4.8,0.2780371632224886,6,0,0.14020236069958125,0.54,1.350683313050354,0.3168767173113177,22.06993460267182,0.9678704307779994,ETH-USD
4.9,0.2780371632224886,6,0,0.14020236069958125,0.54,1.350683313050354,0.3168767173113177,22.06993460267182,0.9678704307779994,ETH-USD
5.0,0.2780371632224886,6,0,0.14020236069958125,0.54,1.350683313050354,0.3168767173113177,22.06993460267182,0.9678704307779994,ETH-USD
0.1,0.20822311124350779,6,38,0.1630820993431753,0.5666666666666667,1.4040840818684168,0.27541579293799784,13.805386905628056,0.9748430338258287,SOL-USD
0.2,0.20822311124350779,6,26,0.1630820993431753,0.5666666666666667,1.4040840818684168,0.27541579293799784,13.805386905628056,0.9748430338258287,SOL-USD
0.30000000000000004,0.20822311124350779,6,20,0.1630820993431753,0.5666666666666667,1.4040840818684168,0.27541579293799784,13.805386905628056,0.9748430338258287,SOL-USD
0.4,0.49961658940906956,5,16,0.1630820993431753,0.5666666666666667,1.4040840818684168,0.27541579293799784,26.45542791914799,0.9904338270670323,SOL-USD
0.5,0.4922254647091673,5,12,0.1630820993431753,0.5666666666666667,1.4040840818684168,0.27541579293799784,27.302484361448375,0.9908648500883063,SOL-USD
0.6,0.4922254647091673,5,9,0.1630820993431753,0.5666666666666667,1.4040840818684168,0.27541579293799784,27.302484361448375,0.9908648500883063,SOL-USD
0.7000000000000001,0.4922254647091673,5,5,0.1630820993431753,0.5666666666666667,1.4040840818684168,0.27541579293799784,27.302484361448375,0.9908648500883063,SOL-USD
0.8,0.35116668652859345,6,4,0.1630820993431753,0.5666666666666667,1.4040840818684168,0.27541579293799784,27.297154847350242,0.990894902990469,SOL-USD
0.9,0.2989828754527037,5,2,0.1630820993431753,0.5666666666666667,1.4040840818684168,0.27541579293799784,22.139225279875813,0.9877186561467248,SOL-USD
1.0,0.2989828754527037,5,2,0.1630820993431753,0.5666666666666667,1.4040840818684168,0.27541579293799784,22.139225279875813,0.9877186561467248,SOL-USD
1.1,0.2989828754527037,5,2,0.1630820993431753,0.5666666666666667,1.4040840818684168,0.27541579293799784,22.139225279875813,0.9877186561467248,SOL-USD
1.2000000000000002,0.2996927996723551,6,1,0.1630820993431753,0.5666666666666667,1.4040840818684168,0.27541579293799784,21.987063536008904,0.9875806652199857,SOL-USD
1.3000000000000003,0.2996927996723551,6,1,0.1630820993431753,0.5666666666666667,1.4040840818684168,0.27541579293799784,21.987063536008904,0.9875806652199857,SOL-USD
1.4000000000000001,0.2996927996723551,6,1,0.1630820993431753,0.5666666666666667,1.4040840818684168,0.27541579293799784,21.987063536008904,0.9875806652199857,SOL-USD
1.5000000000000002,0.2996927996723551,6,1,0.1630820993431753,0.5666666666666667,1.4040840818684168,0.27541579293799784,21.987063536008904,0.9875806652199857,SOL-USD
1.6,0.2996927996723551,6,1,0.1630820993431753,0.5666666666666667,1.4040840818684168,0.27541579293799784,21.987063536008904,0.9875806652199857,SOL-USD
1.7000000000000002,0.2996927996723551,6,1,0.1630820993431753,0.5666666666666667,1.4040840818684168,0.27541579293799784,21.987063536008904,0.9875806652199857,SOL-USD
1.8000000000000003,0.2996927996723551,6,1,0.1630820993431753,0.5666666666666667,1.4040840818684168,0.27541579293799784,21.987063536008904,0.9875806652199857,SOL-USD
1.9000000000000001,0.2996927996723551,6,1,0.1630820993431753,0.5666666666666667,1.4040840818684168,0.27541579293799784,21.987063536008904,0.9875806652199857,SOL-USD
2.0,0.2996927996723551,6,1,0.1630820993431753,0.5666666666666667,1.4040840818684168,0.27541579293799784,21.987063536008904,0.9875806652199857,SOL-USD
2.1,0.2996927996723551,6,1,0.1630820993431753,0.5666666666666667,1.4040840818684168,0.27541579293799784,21.987063536008904,0.9875806652199857,SOL-USD
2.2,0.2996927996723551,6,1,0.1630820993431753,0.5666666666666667,1.4040840818684168,0.27541579293799784,21.987063536008904,0.9875806652199857,SOL-USD
2.3000000000000003,0.2996927996723551,6,1,0.1630820993431753,0.5666666666666667,1.4040840818684168,0.27541579293799784,21.987063536008904,0.9875806652199857,SOL-USD
2.4000000000000004,0.2996927996723551,6,1,0.1630820993431753,0.5666666666666667,1.4040840818684168,0.27541579293799784,21.987063536008904,0.9875806652199857,SOL-USD
2.5000000000000004,0.2996927996723551,6,1,0.1630820993431753,0.5666666666666667,1.4040840818684168,0.27541579293799784,21.987063536008904,0.9875806652199857,SOL-USD
2.6,0.2996927996723551,6,1,0.1630820993431753,0.5666666666666667,1.4040840818684168,0.27541579293799784,21.987063536008904,0.9875806652199857,SOL-USD
2.7,0.2996927996723551,6,1,0.1630820993431753,0.5666666666666667,1.4040840818684168,0.27541579293799784,21.987063536008904,0.9875806652199857,SOL-USD
2.8000000000000003,0.2996927996723551,6,1,0.1630820993431753,0.5666666666666667,1.4040840818684168,0.27541579293799784,21.987063536008904,0.9875806652199857,SOL-USD
2.9000000000000004,0.2996927996723551,6,1,0.1630820993431753,0.5666666666666667,1.4040840818684168,0.27541579293799784,21.987063536008904,0.9875806652199857,SOL-USD
3.0000000000000004,0.20822311124350779,6,0,0.1630820993431753,0.5666666666666667,1.4040840818684168,0.27541579293799784,13.805386905628056,0.9748430338258287,SOL-USD
3.1,0.20822311124350779,6,0,0.1630820993431753,0.5666666666666667,1.4040840818684168,0.27541579293799784,13.805386905628056,0.9748430338258287,SOL-USD
3.2,0.20822311124350779,6,0,0.1630820993431753,0.5666666666666667,1.4040840818684168,0.27541579293799784,13.805386905628056,0.9748430338258287,SOL-USD
3.3000000000000003,0.20822311124350779,6,0,0.1630820993431753,0.5666666666666667,1.4040840818684168,0.27541579293799784,13.805386905628056,0.9748430338258287,SOL-USD
3.4000000000000004,0.20822311124350779,6,0,0.1630820993431753,0.5666666666666667,1.4040840818684168,0.27541579293799784,13.805386905628056,0.9748430338258287,SOL-USD
3.5000000000000004,0.20822311124350779,6,0,0.1630820993431753,0.5666666666666667,1.4040840818684168,0.27541579293799784,13.805386905628056,0.9748430338258287,SOL-USD
3.6,0.20822311124350779,6,0,0.1630820993431753,0.5666666666666667,1.4040840818684168,0.27541579293799784,13.805386905628056,0.9748430338258287,SOL-USD
3.7,0.20822311124350779,6,0,0.1630820993431753,0.5666666666666667,1.4040840818684168,0.27541579293799784,13.805386905628056,0.9748430338258287,SOL-USD
3.8000000000000003,0.20822311124350779,6,0,0.1630820993431753,0.5666666666666667,1.4040840818684168,0.27541579293799784,13.805386905628056,0.9748430338258287,SOL-USD
3.9000000000000004,0.20822311124350779,6,0,0.1630820993431753,0.5666666666666667,1.4040840818684168,0.27541579293799784,13.805386905628056,0.9748430338258287,SOL-USD
4.0,0.20822311124350779,6,0,0.1630820993431753,0.5666666666666667,1.4040840818684168,0.27541579293799784,13.805386905628056,0.9748430338258287,SOL-USD
4.1,0.20822311124350779,6,0,0.1630820993431753,0.5666666666666667,1.4040840818684168,0.27541579293799784,13.805386905628056,0.9748430338258287,SOL-USD
4.2,0.20822311124350779,6,0,0.1630820993431753,0.5666666666666667,1.4040840818684168,0.27541579293799784,13.805386905628056,0.9748430338258287,SOL-USD
4.3,0.20822311124350779,6,0,0.1630820993431753,0.5666666666666667,1.4040840818684168,0.27541579293799784,13.805386905628056,0.9748430338258287,SOL-USD
4.3999999999999995,0.20822311124350779,6,0,0.1630820993431753,0.5666666666666667,1.4040840818684168,0.27541579293799784,13.805386905628056,0.9748430338258287,SOL-USD
4.5,0.20822311124350779,6,0,0.1630820993431753,0.5666666666666667,1.4040840818684168,0.27541579293799784,13.805386905628056,0.9748430338258287,SOL-USD
4.6,0.20822311124350779,6,0,0.1630820993431753,0.5666666666666667,1.4040840818684168,0.27541579293799784,13.805386905628056,0.9748430338258287,SOL-USD
4.7,0.20822311124350779,6,0,0.1630820993431753,0.5666666666666667,1.4040840818684168,0.27541579293799784,13.805386905628056,0.9748430338258287,SOL-USD
4.8,0.20822311124350779,6,0,0.1630820993431753,0.5666666666666667,1.4040840818684168,0.27541579293799784,13.805386905628056,0.9748430338258287,SOL-USD
4.9,0.20822311124350779,6,0,0.1630820993431753,0.5666666666666667,1.4040840818684168,0.27541579293799784,13.805386905628056,0.9748430338258287,SOL-USD
5.0,0.20822311124350779,6,0,0.1630820993431753,0.5666666666666667,1.4040840818684168,0.27541579293799784,13.805386905628056,0.9748430338258287,SOL-USD
0.1,0.1369914129546801,5,32,0.1830291852041644,0.6266666666666667,1.412564746785568,0.27149941070698325,30.147190807411068,0.9550170839574201,XRP-USD
0.2,0.1369914129546801,5,25,0.1830291852041644,0.6266666666666667,1.412564746785568,0.27149941070698325,30.147190807411068,0.9550170839574201,XRP-USD
0.30000000000000004,0.1369914129546801,5,20,0.1830291852041644,0.6266666666666667,1.412564746785568,0.27149941070698325,30.147190807411068,0.9550170839574201,XRP-USD
0.4,0.1369914129546801,5,15,0.1830291852041644,0.6266666666666667,1.412564746785568,0.27149941070698325,30.147190807411068,0.9550170839574201,XRP-USD
0.5,0.1369914129546801,5,13,0.1830291852041644,0.6266666666666667,1.412564746785568,0.27149941070698325,30.147190807411068,0.9550170839574201,XRP-USD
0.6,0.1369914129546801,5,9,0.1830291852041644,0.6266666666666667,1.412564746785568,0.27149941070698325,30.147190807411068,0.9550170839574201,XRP-USD
0.7000000000000001,0.1369914129546801,5,9,0.1830291852041644,0.6266666666666667,1.412564746785568,0.27149941070698325,30.147190807411068,0.9550170839574201,XRP-USD
0.8,0.1369914129546801,5,6,0.1830291852041644,0.6266666666666667,1.412564746785568,0.27149941070698325,30.147190807411068,0.9550170839574201,XRP-USD
0.9,0.5016838930738576,5,5,0.1830291852041644,0.6266666666666667,1.412564746785568,0.27149941070698325,18.700803920320418,0.9743610120865756,XRP-USD
1.0,0.5016838930738576,5,5,0.1830291852041644,0.6266666666666667,1.412564746785568,0.27149941070698325,18.700803920320418,0.9743610120865756,XRP-USD
1.1,0.5016838930738576,5,3,0.1830291852041644,0.6266666666666667,1.412564746785568,0.27149941070698325,18.700803920320418,0.9743610120865756,XRP-USD
1.2000000000000002,0.4782866669569192,5,2,0.1830291852041644,0.6266666666666667,1.412564746785568,0.27149941070698325,18.35390746980769,0.977842233530008,XRP-USD
1.3000000000000003,0.4782866669569192,5,2,0.1830291852041644,0.6266666666666667,1.412564746785568,0.27149941070698325,18.35390746980769,0.977842233530008,XRP-USD
1.4000000000000001,0.4782866669569192,5,1,0.1830291852041644,0.6266666666666667,1.412564746785568,0.27149941070698325,18.35390746980769,0.977842233530008,XRP-USD
1.5000000000000002,0.4782866669569192,5,1,0.1830291852041644,0.6266666666666667,1.412564746785568,0.27149941070698325,18.35390746980769,0.977842233530008,XRP-USD
1.6,0.4788826807057742,5,1,0.1830291852041644,0.6266666666666667,1.412564746785568,0.27149941070698325,18.35522787144111,0.9777899923857911,XRP-USD
1.7000000000000002,0.4792301171940675,5,1,0.1830291852041644,0.6266666666666667,1.412564746785568,0.27149941070698325,18.355709916119274,0.977772595079144,XRP-USD
1.8000000000000003,0.4792301171940675,5,1,0.1830291852041644,0.6266666666666667,1.412564746785568,0.27149941070698325,18.355709916119274,0.977772595079144,XRP-USD
1.9000000000000001,0.4792301171940675,5,1,0.1830291852041644,0.6266666666666667,1.412564746785568,0.27149941070698325,18.355709916119274,0.977772595079144,XRP-USD
2.0,0.4792301171940675,5,1,0.1830291852041644,0.6266666666666667,1.412564746785568,0.27149941070698325,18.355709916119274,0.977772595079144,XRP-USD
2.1,0.4792301171940675,5,1,0.1830291852041644,0.6266666666666667,1.412564746785568,0.27149941070698325,18.355709916119274,0.977772595079144,XRP-USD
2.2,0.1369914129546801,5,0,0.1830291852041644,0.6266666666666667,1.412564746785568,0.27149941070698325,30.147190807411068,0.9550170839574201,XRP-USD
2.3000000000000003,0.1369914129546801,5,0,0.1830291852041644,0.6266666666666667,1.412564746785568,0.27149941070698325,30.147190807411068,0.9550170839574201,XRP-USD
2.4000000000000004,0.1369914129546801,5,0,0.1830291852041644,0.6266666666666667,1.412564746785568,0.27149941070698325,30.147190807411068,0.9550170839574201,XRP-USD
2.5000000000000004,0.1369914129546801,5,0,0.1830291852041644,0.6266666666666667,1.412564746785568,0.27149941070698325,30.147190807411068,0.9550170839574201,XRP-USD
2.6,0.1369914129546801,5,0,0.1830291852041644,0.6266666666666667,1.412564746785568,0.27149941070698325,30.147190807411068,0.9550170839574201,XRP-USD
2.7,0.1369914129546801,5,0,0.1830291852041644,0.6266666666666667,1.412564746785568,0.27149941070698325,30.147190807411068,0.9550170839574201,XRP-USD
2.8000000000000003,0.1369914129546801,5,0,0.1830291852041644,0.6266666666666667,1.412564746785568,0.27149941070698325,30.147190807411068,0.9550170839574201,XRP-USD
2.9000000000000004,0.1369914129546801,5,0,0.1830291852041644,0.6266666666666667,1.412564746785568,0.27149941070698325,30.147190807411068,0.9550170839574201,XRP-USD
3.0000000000000004,0.1369914129546801,5,0,0.1830291852041644,0.6266666666666667,1.412564746785568,0.27149941070698325,30.147190807411068,0.9550170839574201,XRP-USD
3.1,0.1369914129546801,5,0,0.1830291852041644,0.6266666666666667,1.412564746785568,0.27149941070698325,30.147190807411068,0.9550170839574201,XRP-USD
3.2,0.1369914129546801,5,0,0.1830291852041644,0.6266666666666667,1.412564746785568,0.27149941070698325,30.147190807411068,0.9550170839574201,XRP-USD
3.3000000000000003,0.1369914129546801,5,0,0.1830291852041644,0.6266666666666667,1.412564746785568,0.27149941070698325,30.147190807411068,0.9550170839574201,XRP-USD
3.4000000000000004,0.1369914129546801,5,0,0.1830291852041644,0.6266666666666667,1.412564746785568,0.27149941070698325,30.147190807411068,0.9550170839574201,XRP-USD
3.5000000000000004,0.1369914129546801,5,0,0.1830291852041644,0.6266666666666667,1.412564746785568,0.27149941070698325,30.147190807411068,0.9550170839574201,XRP-USD
3.6,0.1369914129546801,5,0,0.1830291852041644,0.6266666666666667,1.412564746785568,0.27149941070698325,30.147190807411068,0.9550170839574201,XRP-USD
3.7,0.1369914129546801,5,0,0.1830291852041644,0.6266666666666667,1.412564746785568,0.27149941070698325,30.147190807411068,0.9550170839574201,XRP-USD
3.8000000000000003,0.1369914129546801,5,0,0.1830291852041644,0.6266666666666667,1.412564746785568,0.27149941070698325,30.147190807411068,0.9550170839574201,XRP-USD
3.9000000000000004,0.1369914129546801,5,0,0.1830291852041644,0.6266666666666667,1.412564746785568,0.27149941070698325,30.147190807411068,0.9550170839574201,XRP-USD
4.0,0.1369914129546801,5,0,0.1830291852041644,0.6266666666666667,1.412564746785568,0.27149941070698325,30.147190807411068,0.9550170839574201,XRP-USD
4.1,0.1369914129546801,5,0,0.1830291852041644,0.6266666666666667,1.412564746785568,0.27149941070698325,30.147190807411068,0.9550170839574201,XRP-USD
4.2,0.1369914129546801,5,0,0.1830291852041644,0.6266666666666667,1.412564746785568,0.27149941070698325,30.147190807411068,0.9550170839574201,XRP-USD
4.3,0.1369914129546801,5,0,0.1830291852041644,0.6266666666666667,1.412564746785568,0.27149941070698325,30.147190807411068,0.9550170839574201,XRP-USD
4.3999999999999995,0.1369914129546801,5,0,0.1830291852041644,0.6266666666666667,1.412564746785568,0.27149941070698325,30.147190807411068,0.9550170839574201,XRP-USD
4.5,0.1369914129546801,5,0,0.1830291852041644,0.6266666666666667,1.412564746785568,0.27149941070698325,30.147190807411068,0.9550170839574201,XRP-USD
4.6,0.1369914129546801,5,0,0.1830291852041644,0.6266666666666667,1.412564746785568,0.27149941070698325,30.147190807411068,0.9550170839574201,XRP-USD
4.7,0.1369914129546801,5,0,0.1830291852041644,0.6266666666666667,1.412564746785568,0.27149941070698325,30.147190807411068,0.9550170839574201,XRP-USD
4.8,0.1369914129546801,5,0,0.1830291852041644,0.6266666666666667,1.412564746785568,0.27149941070698325,30.147190807411068,0.9550170839574201,XRP-USD
4.9,0.1369914129546801,5,0,0.1830291852041644,0.6266666666666667,1.412564746785568,0.27149941070698325,30.147190807411068,0.9550170839574201,XRP-USD
5.0,0.1369914129546801,5,0,0.1830291852041644,0.6266666666666667,1.412564746785568,0.27149941070698325,30.147190807411068,0.9550170839574201,XRP-USD
0.1,0.17551094308763387,5,35,0.18787518424043526,0.5933333333333334,1.4633651701433417,0.23157393988687536,23.179146027163526,0.9769368238147669,ADA-USD
0.2,0.17551094308763387,5,25,0.18787518424043526,0.5933333333333334,1.4633651701433417,0.23157393988687536,23.179146027163526,0.9769368238147669,ADA-USD
0.30000000000000004,0.17551094308763387,5,22,0.18787518424043526,0.5933333333333334,1.4633651701433417,0.23157393988687536,23.179146027163526,0.9769368238147669,ADA-USD
0.4,0.4990125669947061,4,15,0.18787518424043526,0.5933333333333334,1.4633651701433417,0.23157393988687536,35.122489295772944,0.9878171846706352,ADA-USD
0.5,0.49905334459379713,5,11,0.18787518424043526,0.5933333333333334,1.4633651701433417,0.23157393988687536,35.12006193880262,0.9878157981245059,ADA-USD
0.6,0.49905334459379713,5,8,0.18787518424043526,0.5933333333333334,1.4633651701433417,0.23157393988687536,35.12006193880262,0.9878157981245059,ADA-USD
0.7000000000000001,0.48935826021792356,5,6,0.18787518424043526,0.5933333333333334,1.4633651701433417,0.23157393988687536,36.05379663503355,0.9883156718687159,ADA-USD
0.8,0.48935826021792356,5,3,0.18787518424043526,0.5933333333333334,1.4633651701433417,0.23157393988687536,36.05379663503355,0.9883156718687159,ADA-USD
0.9,0.48935826021792356,5,3,0.18787518424043526,0.5933333333333334,1.4633651701433417,0.23157393988687536,36.05379663503355,0.9883156718687159,ADA-USD
1.0,0.48935826021792356,5,2,0.18787518424043526,0.5933333333333334,1.4633651701433417,0.23157393988687536,36.05379663503355,0.9883156718687159,ADA-USD
1.1,0.48935826021792356,5,1,0.18787518424043526,0.5933333333333334,1.4633651701433417,0.23157393988687536,36.05379663503355,0.9883156718687159,ADA-USD
1.2000000000000002,0.48935826021792356,5,1,0.18787518424043526,0.5933333333333334,1.4633651701433417,0.23157393988687536,36.05379663503355,0.9883156718687159,ADA-USD
1.3000000000000003,0.48944620083699886,5,1,0.18787518424043526,0.5933333333333334,1.4633651701433417,0.23157393988687536,36.04885228779114,0.9883131496431573,ADA-USD
1.4000000000000001,0.48944620083699886,5,1,0.18787518424043526,0.5933333333333334,1.4633651701433417,0.23157393988687536,36.04885228779114,0.9883131496431573,ADA-USD
1.5000000000000002,0.48944620083699886,5,1,0.18787518424043526,0.5933333333333334,1.4633651701433417,0.23157393988687536,36.04885228779114,0.9883131496431573,ADA-USD
1.6,0.48944620083699886,5,1,0.18787518424043526,0.5933333333333334,1.4633651701433417,0.23157393988687536,36.04885228779114,0.9883131496431573,ADA-USD
1.7000000000000002,0.48944620083699886,5,1,0.18787518424043526,0.5933333333333334,1.4633651701433417,0.23157393988687536,36.04885228779114,0.9883131496431573,ADA-USD
1.8000000000000003,0.48944620083699886,5,1,0.18787518424043526,0.5933333333333334,1.4633651701433417,0.23157393988687536,36.04885228779114,0.9883131496431573,ADA-USD
1.9000000000000001,0.48948480732017086,5,1,0.18787518424043526,0.5933333333333334,1.4633651701433417,0.23157393988687536,36.04391606210731,0.9883106305132272,ADA-USD
2.0,0.48948480732017086,5,1,0.18787518424043526,0.5933333333333334,1.4633651701433417,0.23157393988687536,36.04391606210731,0.9883106305132272,ADA-USD
2.1,0.48948480732017086,5,1,0.18787518424043526,0.5933333333333334,1.4633651701433417,0.23157393988687536,36.04391606210731,0.9883106305132272,ADA-USD
2.2,0.48948480732017086,5,1,0.18787518424043526,0.5933333333333334,1.4633651701433417,0.23157393988687536,36.04391606210731,0.9883106305132272,ADA-USD
2.3000000000000003,0.48948480732017086,5,1,0.18787518424043526,0.5933333333333334,1.4633651701433417,0.23157393988687536,36.04391606210731,0.9883106305132272,ADA-USD
2.4000000000000004,0.48948480732017086,5,1,0.18787518424043526,0.5933333333333334,1.4633651701433417,0.23157393988687536,36.04391606210731,0.9883106305132272,ADA-USD
2.5000000000000004,0.48948480732017086,5,1,0.18787518424043526,0.5933333333333334,1.4633651701433417,0.23157393988687536,36.04391606210731,0.9883106305132272,ADA-USD
2.6,0.48948480732017086,5,1,0.18787518424043526,0.5933333333333334,1.4633651701433417,0.23157393988687536,36.04391606210731,0.9883106305132272,ADA-USD
2.7,0.17551094308763387,5,0,0.18787518424043526,0.5933333333333334,1.4633651701433417,0.23157393988687536,23.179146027163526,0.9769368238147669,ADA-USD
2.8000000000000003,0.17551094308763387,5,0,0.18787518424043526,0.5933333333333334,1.4633651701433417,0.23157393988687536,23.179146027163526,0.9769368238147669,ADA-USD
2.9000000000000004,0.17551094308763387,5,0,0.18787518424043526,0.5933333333333334,1.4633651701433417,0.23157393988687536,23.179146027163526,0.9769368238147669,ADA-USD
3.0000000000000004,0.17551094308763387,5,0,0.18787518424043526,0.5933333333333334,1.4633651701433417,0.23157393988687536,23.179146027163526,0.9769368238147669,ADA-USD
3.1,0.17551094308763387,5,0,0.18787518424043526,0.5933333333333334,1.4633651701433417,0.23157393988687536,23.179146027163526,0.9769368238147669,ADA-USD
3.2,0.17551094308763387,5,0,0.18787518424043526,0.5933333333333334,1.4633651701433417,0.23157393988687536,23.179146027163526,0.9769368238147669,ADA-USD
3.3000000000000003,0.17551094308763387,5,0,0.18787518424043526,0.5933333333333334,1.4633651701433417,0.23157393988687536,23.179146027163526,0.9769368238147669,ADA-USD
3.4000000000000004,0.17551094308763387,5,0,0.18787518424043526,0.5933333333333334,1.4633651701433417,0.23157393988687536,23.179146027163526,0.9769368238147669,ADA-USD
3.5000000000000004,0.17551094308763387,5,0,0.18787518424043526,0.5933333333333334,1.4633651701433417,0.23157393988687536,23.179146027163526,0.9769368238147669,ADA-USD
3.6,0.17551094308763387,5,0,0.18787518424043526,0.5933333333333334,1.4633651701433417,0.23157393988687536,23.179146027163526,0.9769368238147669,ADA-USD
3.7,0.17551094308763387,5,0,0.18787518424043526,0.5933333333333334,1.4633651701433417,0.23157393988687536,23.179146027163526,0.9769368238147669,ADA-USD
3.8000000000000003,0.17551094308763387,5,0,0.18787518424043526,0.5933333333333334,1.4633651701433417,0.23157393988687536,23.179146027163526,0.9769368238147669,ADA-USD
3.9000000000000004,0.17551094308763387,5,0,0.18787518424043526,0.5933333333333334,1.4633651701433417,0.23157393988687536,23.179146027163526,0.9769368238147669,ADA-USD
4.0,0.17551094308763387,5,0,0.18787518424043526,0.5933333333333334,1.4633651701433417,0.23157393988687536,23.179146027163526,0.9769368238147669,ADA-USD
4.1,0.17551094308763387,5,0,0.18787518424043526,0.5933333333333334,1.4633651701433417,0.23157393988687536,23.179146027163526,0.9769368238147669,ADA-USD
4.2,0.17551094308763387,5,0,0.18787518424043526,0.5933333333333334,1.4633651701433417,0.23157393988687536,23.179146027163526,0.9769368238147669,ADA-USD
4.3,0.17551094308763387,5,0,0.18787518424043526,0.5933333333333334,1.4633651701433417,0.23157393988687536,23.179146027163526,0.9769368238147669,ADA-USD
4.3999999999999995,0.17551094308763387,5,0,0.18787518424043526,0.5933333333333334,1.4633651701433417,0.23157393988687536,23.179146027163526,0.9769368238147669,ADA-USD
4.5,0.17551094308763387,5,0,0.18787518424043526,0.5933333333333334,1.4633651701433417,0.23157393988687536,23.179146027163526,0.9769368238147669,ADA-USD
4.6,0.17551094308763387,5,0,0.18787518424043526,0.5933333333333334,1.4633651701433417,0.23157393988687536,23.179146027163526,0.9769368238147669,ADA-USD
4.7,0.17551094308763387,5,0,0.18787518424043526,0.5933333333333334,1.4633651701433417,0.23157393988687536,23.179146027163526,0.9769368238147669,ADA-USD
4.8,0.17551094308763387,5,0,0.18787518424043526,0.5933333333333334,1.4633651701433417,0.23157393988687536,23.179146027163526,0.9769368238147669,ADA-USD
4.9,0.17551094308763387,5,0,0.18787518424043526,0.5933333333333334,1.4633651701433417,0.23157393988687536,23.179146027163526,0.9769368238147669,ADA-USD
5.0,0.17551094308763387,5,0,0.18787518424043526,0.5933333333333334,1.4633651701433417,0.23157393988687536,23.179146027163526,0.9769368238147669,ADA-USD
0.1,0.10800278284864001,6,34,0.11767623972963864,0.5733333333333334,1.2582561346712773,0.31969591580517387,14.77225385221467,0.9790282844825021,DOGE-USD
0.2,0.10800278284864001,6,24,0.11767623972963864,0.5733333333333334,1.2582561346712773,0.31969591580517387,14.77225385221467,0.9790282844825021,DOGE-USD
0.30000000000000004,0.10800278284864001,6,18,0.11767623972963864,0.5733333333333334,1.2582561346712773,0.31969591580517387,14.77225385221467,0.9790282844825021,DOGE-USD
0.4,0.10800278284864001,6,13,0.11767623972963864,0.5733333333333334,1.2582561346712773,0.31969591580517387,14.77225385221467,0.9790282844825021,DOGE-USD
0.5,0.5004652777594596,5,12,0.11767623972963864,0.5733333333333334,1.2582561346712773,0.31969591580517387,24.53471828896088,0.9909053251605754,DOGE-USD
0.6,0.5004652777594596,5,12,0.11767623972963864,0.5733333333333334,1.2582561346712773,0.31969591580517387,24.53471828896088,0.9909053251605754,DOGE-USD
0.7000000000000001,0.5004652777594596,5,8,0.11767623972963864,0.5733333333333334,1.2582561346712773,0.31969591580517387,24.53471828896088,0.9909053251605754,DOGE-USD
0.8,0.4974864813448195,5,5,0.11767623972963864,0.5733333333333334,1.2582561346712773,0.31969591580517387,24.732573929820557,0.9910184402563683,DOGE-USD
0.9,0.48756399181123505,5,4,0.11767623972963864,0.5733333333333334,1.2582561346712773,0.31969591580517387,25.474805463007893,0.991418895184276,DOGE-USD
1.0,0.48756399181123505,5,4,0.11767623972963864,0.5733333333333334,1.2582561346712773,0.31969591580517387,25.474805463007893,0.991418895184276,DOGE-USD
1.1,0.4925619389600507,5,4,0.11767623972963864,0.5733333333333334,1.2582561346712773,0.31969591580517387,25.46984007330824,0.9914163191763841,DOGE-USD
1.2000000000000002,0.4925619389600507,5,4,0.11767623972963864,0.5733333333333334,1.2582561346712773,0.31969591580517387,25.46984007330824,0.9914163191763841,DOGE-USD
1.3000000000000003,0.4925619389600507,5,4,0.11767623972963864,0.5733333333333334,1.2582561346712773,0.31969591580517387,25.46984007330824,0.9914163191763841,DOGE-USD
1.4000000000000001,0.4925619389600507,5,4,0.11767623972963864,0.5733333333333334,1.2582561346712773,0.31969591580517387,25.46984007330824,0.9914163191763841,DOGE-USD
1.5000000000000002,0.4925619389600507,5,4,0.11767623972963864,0.5733333333333334,1.2582561346712773,0.31969591580517387,25.46984007330824,0.9914163191763841,DOGE-USD
1.6,0.4925619389600507,5,4,0.11767623972963864,0.5733333333333334,1.2582561346712773,0.31969591580517387,25.46984007330824,0.9914163191763841,DOGE-USD
1.7000000000000002,0.4925619389600507,5,4,0.11767623972963864,0.5733333333333334,1.2582561346712773,0.31969591580517387,25.46984007330824,0.9914163191763841,DOGE-USD
1.8000000000000003,0.4311798881981394,4,3,0.11767623972963864,0.5733333333333334,1.2582561346712773,0.31969591580517387,26.74156729553815,0.9920311830679878,DOGE-USD
1.9000000000000001,0.16097653306747078,6,2,0.11767623972963864,0.5733333333333334,1.2582561346712773,0.31969591580517387,20.660317031387653,0.9882767643710619,DOGE-USD
2.0,0.16097653306747078,6,2,0.11767623972963864,0.5733333333333334,1.2582561346712773,0.31969591580517387,20.660317031387653,0.9882767643710619,DOGE-USD
2.1,0.16097653306747078,6,2,0.11767623972963864,0.5733333333333334,1.2582561346712773,0.31969591580517387,20.660317031387653,0.9882767643710619,DOGE-USD
2.2,0.16097653306747078,6,2,0.11767623972963864,0.5733333333333334,1.2582561346712773,0.31969591580517387,20.660317031387653,0.9882767643710619,DOGE-USD
2.3000000000000003,0.16097653306747078,6,2,0.11767623972963864,0.5733333333333334,1.2582561346712773,0.31969591580517387,20.660317031387653,0.9882767643710619,DOGE-USD
2.4000000000000004,0.16097653306747078,6,2,0.11767623972963864,0.5733333333333334,1.2582561346712773,0.31969591580517387,20.660317031387653,0.9882767643710619,DOGE-USD
2.5000000000000004,0.16097653306747078,6,2,0.11767623972963864,0.5733333333333334,1.2582561346712773,0.31969591580517387,20.660317031387653,0.9882767643710619,DOGE-USD
2.6,0.0864014282281268,6,1,0.11767623972963864,0.5733333333333334,1.2582561346712773,0.31969591580517387,18.46313031624187,0.9861072902099844,DOGE-USD
2.7,0.0864014282281268,6,1,0.11767623972963864,0.5733333333333334,1.2582561346712773,0.31969591580517387,18.46313031624187,0.9861072902099844,DOGE-USD
2.8000000000000003,0.10800278284864001,6,0,0.11767623972963864,0.5733333333333334,1.2582561346712773,0.31969591580517387,14.77225385221467,0.9790282844825021,DOGE-USD
2.9000000000000004,0.10800278284864001,6,0,0.11767623972963864,0.5733333333333334,1.2582561346712773,0.31969591580517387,14.77225385221467,0.9790282844825021,DOGE-USD
3.0000000000000004,0.10800278284864001,6,0,0.11767623972963864,0.5733333333333334,1.2582561346712773,0.31969591580517387,14.77225385221467,0.9790282844825021,DOGE-USD
3.1,0.10800278284864001,6,0,0.11767623972963864,0.5733333333333334,1.2582561346712773,0.31969591580517387,14.77225385221467,0.9790282844825021,DOGE-USD
3.2,0.10800278284864001,6,0,0.11767623972963864,0.5733333333333334,1.2582561346712773,0.31969591580517387,14.77225385221467,0.9790282844825021,DOGE-USD
3.3000000000000003,0.10800278284864001,6,0,0.11767623972963864,0.5733333333333334,1.2582561346712773,0.31969591580517387,14.77225385221467,0.9790282844825021,DOGE-USD
3.4000000000000004,0.10800278284864001,6,0,0.11767623972963864,0.5733333333333334,1.2582561346712773,0.31969591580517387,14.77225385221467,0.9790282844825021,DOGE-USD
3.5000000000000004,0.10800278284864001,6,0,0.11767623972963864,0.5733333333333334,1.2582561346712773,0.31969591580517387,14.77225385221467,0.9790282844825021,DOGE-USD
3.6,0.10800278284864001,6,0,0.11767623972963864,0.5733333333333334,1.2582561346712773,0.31969591580517387,14.77225385221467,0.9790282844825021,DOGE-USD
3.7,0.10800278284864001,6,0,0.11767623972963864,0.5733333333333334,1.2582561346712773,0.31969591580517387,14.77225385221467,0.9790282844825021,DOGE-USD
3.8000000000000003,0.10800278284864001,6,0,0.11767623972963864,0.5733333333333334,1.2582561346712773,0.31969591580517387,14.77225385221467,0.9790282844825021,DOGE-USD
3.9000000000000004,0.10800278284864001,6,0,0.11767623972963864,0.5733333333333334,1.2582561346712773,0.31969591580517387,14.77225385221467,0.9790282844825021,DOGE-USD
4.0,0.10800278284864001,6,0,0.11767623972963864,0.5733333333333334,1.2582561346712773,0.31969591580517387,14.77225385221467,0.9790282844825021,DOGE-USD
4.1,0.10800278284864001,6,0,0.11767623972963864,0.5733333333333334,1.2582561346712773,0.31969591580517387,14.77225385221467,0.9790282844825021,DOGE-USD
4.2,0.10800278284864001,6,0,0.11767623972963864,0.5733333333333334,1.2582561346712773,0.31969591580517387,14.77225385221467,0.9790282844825021,DOGE-USD
4.3,0.10800278284864001,6,0,0.11767623972963864,0.5733333333333334,1.2582561346712773,0.31969591580517387,14.77225385221467,0.9790282844825021,DOGE-USD
4.3999999999999995,0.10800278284864001,6,0,0.11767623972963864,0.5733333333333334,1.2582561346712773,0.31969591580517387,14.77225385221467,0.9790282844825021,DOGE-USD
4.5,0.10800278284864001,6,0,0.11767623972963864,0.5733333333333334,1.2582561346712773,0.31969591580517387,14.77225385221467,0.9790282844825021,DOGE-USD
4.6,0.10800278284864001,6,0,0.11767623972963864,0.5733333333333334,1.2582561346712773,0.31969591580517387,14.77225385221467,0.9790282844825021,DOGE-USD
4.7,0.10800278284864001,6,0,0.11767623972963864,0.5733333333333334,1.2582561346712773,0.31969591580517387,14.77225385221467,0.9790282844825021,DOGE-USD
4.8,0.10800278284864001,6,0,0.11767623972963864,0.5733333333333334,1.2582561346712773,0.31969591580517387,14.77225385221467,0.9790282844825021,DOGE-USD
4.9,0.10800278284864001,6,0,0.11767623972963864,0.5733333333333334,1.2582561346712773,0.31969591580517387,14.77225385221467,0.9790282844825021,DOGE-USD
5.0,0.10800278284864001,6,0,0.11767623972963864,0.5733333333333334,1.2582561346712773,0.31969591580517387,14.77225385221467,0.9790282844825021,DOGE-USD
0.1,0.1968465342091073,6,36,0.16145501893398423,0.6266666666666667,1.347057129203176,0.36855156142595397,11.011696889167686,0.9477122637346809,DOT-USD
0.2,0.1968465342091073,6,23,0.16145501893398423,0.6266666666666667,1.347057129203176,0.36855156142595397,11.011696889167686,0.9477122637346809,DOT-USD
0.30000000000000004,0.5047130149827448,5,19,0.16145501893398423,0.6266666666666667,1.347057129203176,0.36855156142595397,17.352688070559775,0.970856268410059,DOT-USD
0.4,0.5047130149827448,5,16,0.16145501893398423,0.6266666666666667,1.347057129203176,0.36855156142595397,17.352688070559775,0.970856268410059,DOT-USD
0.5,0.4981691714270406,5,9,0.16145501893398423,0.6266666666666667,1.347057129203176,0.36855156142595397,17.641411560860583,0.97144789837304,DOT-USD
0.6,0.4981691714270406,5,6,0.16145501893398423,0.6266666666666667,1.347057129203176,0.36855156142595397,17.641411560860583,0.97144789837304,DOT-USD
0.7000000000000001,0.4981691714270406,5,5,0.16145501893398423,0.6266666666666667,1.347057129203176,0.36855156142595397,17.641411560860583,0.97144789837304,DOT-USD
0.8,0.4981691714270406,5,4,0.16145501893398423,0.6266666666666667,1.347057129203176,0.36855156142595397,17.641411560860583,0.97144789837304,DOT-USD
0.9,0.4981691714270406,5,4,0.16145501893398423,0.6266666666666667,1.347057129203176,0.36855156142595397,17.641411560860583,0.97144789837304,DOT-USD
1.0,0.4981691714270406,5,3,0.16145501893398423,0.6266666666666667,1.347057129203176,0.36855156142595397,17.641411560860583,0.97144789837304,DOT-USD
1.1,0.49012174600215985,5,2,0.16145501893398423,0.6266666666666667,1.347057129203176,0.36855156142595397,18.241251502509428,0.9725762128460211,DOT-USD
1.2000000000000002,0.49012174600215985,5,1,0.16145501893398423,0.6266666666666667,1.347057129203176,0.36855156142595397,18.241251502509428,0.9725762128460211,DOT-USD
1.3000000000000003,0.49012174600215985,5,1,0.16145501893398423,0.6266666666666667,1.347057129203176,0.36855156142595397,18.241251502509428,0.9725762128460211,DOT-USD
1.4000000000000001,0.4902903961023926,5,1,0.16145501893398423,0.6266666666666667,1.347057129203176,0.36855156142595397,18.237160534525078,0.97256887143806,DOT-USD
1.5000000000000002,0.4902903961023926,5,1,0.16145501893398423,0.6266666666666667,1.347057129203176,0.36855156142595397,18.237160534525078,0.97256887143806,DOT-USD
1.6,0.4902903961023926,5,1,0.16145501893398423,0.6266666666666667,1.347057129203176,0.36855156142595397,18.237160534525078,0.97256887143806,DOT-USD
1.7000000000000002,0.4902903961023926,5,1,0.16145501893398423,0.6266666666666667,1.347057129203176,0.36855156142595397,18.237160534525078,0.97256887143806,DOT-USD
1.8000000000000003,0.1968465342091073,6,0,0.16145501893398423,0.6266666666666667,1.347057129203176,0.36855156142595397,11.011696889167686,0.9477122637346809,DOT-USD
1.9000000000000001,0.1968465342091073,6,0,0.16145501893398423,0.6266666666666667,1.347057129203176,0.36855156142595397,11.011696889167686,0.9477122637346809,DOT-USD
2.0,0.1968465342091073,6,0,0.16145501893398423,0.6266666666666667,1.347057129203176,0.36855156142595397,11.011696889167686,0.9477122637346809,DOT-USD
2.1,0.1968465342091073,6,0,0.16145501893398423,0.6266666666666667,1.347057129203176,0.36855156142595397,11.011696889167686,0.9477122637346809,DOT-USD
2.2,0.1968465342091073,6,0,0.16145501893398423,0.6266666666666667,1.347057129203176,0.36855156142595397,11.011696889167686,0.9477122637346809,DOT-USD
2.3000000000000003,0.1968465342091073,6,0,0.16145501893398423,0.6266666666666667,1.347057129203176,0.36855156142595397,11.011696889167686,0.9477122637346809,DOT-USD
2.4000000000000004,0.1968465342091073,6,0,0.16145501893398423,0.6266666666666667,1.347057129203176,0.36855156142595397,11.011696889167686,0.9477122637346809,DOT-USD
2.5000000000000004,0.1968465342091073,6,0,0.16145501893398423,0.6266666666666667,1.347057129203176,0.36855156142595397,11.011696889167686,0.9477122637346809,DOT-USD
2.6,0.1968465342091073,6,0,0.16145501893398423,0.6266666666666667,1.347057129203176,0.36855156142595397,11.011696889167686,0.9477122637346809,DOT-USD
2.7,0.1968465342091073,6,0,0.16145501893398423,0.6266666666666667,1.347057129203176,0.36855156142595397,11.011696889167686,0.9477122637346809,DOT-USD
2.8000000000000003,0.1968465342091073,6,0,0.16145501893398423,0.6266666666666667,1.347057129203176,0.36855156142595397,11.011696889167686,0.9477122637346809,DOT-USD
2.9000000000000004,0.1968465342091073,6,0,0.16145501893398423,0.6266666666666667,1.347057129203176,0.36855156142595397,11.011696889167686,0.9477122637346809,DOT-USD
3.0000000000000004,0.1968465342091073,6,0,0.16145501893398423,0.6266666666666667,1.347057129203176,0.36855156142595397,11.011696889167686,0.9477122637346809,DOT-USD
3.1,0.1968465342091073,6,0,0.16145501893398423,0.6266666666666667,1.347057129203176,0.36855156142595397,11.011696889167686,0.9477122637346809,DOT-USD
3.2,0.1968465342091073,6,0,0.16145501893398423,0.6266666666666667,1.347057129203176,0.36855156142595397,11.011696889167686,0.9477122637346809,DOT-USD
3.3000000000000003,0.1968465342091073,6,0,0.16145501893398423,0.6266666666666667,1.347057129203176,0.36855156142595397,11.011696889167686,0.9477122637346809,DOT-USD
3.4000000000000004,0.1968465342091073,6,0,0.16145501893398423,0.6266666666666667,1.347057129203176,0.36855156142595397,11.011696889167686,0.9477122637346809,DOT-USD
3.5000000000000004,0.1968465342091073,6,0,0.16145501893398423,0.6266666666666667,1.347057129203176,0.36855156142595397,11.011696889167686,0.9477122637346809,DOT-USD
3.6,0.1968465342091073,6,0,0.16145501893398423,0.6266666666666667,1.347057129203176,0.36855156142595397,11.011696889167686,0.9477122637346809,DOT-USD
3.7,0.1968465342091073,6,0,0.16145501893398423,0.6266666666666667,1.347057129203176,0.36855156142595397,11.011696889167686,0.9477122637346809,DOT-USD
3.8000000000000003,0.1968465342091073,6,0,0.16145501893398423,0.6266666666666667,1.347057129203176,0.36855156142595397,11.011696889167686,0.9477122637346809,DOT-USD
3.9000000000000004,0.1968465342091073,6,0,0.16145501893398423,0.6266666666666667,1.347057129203176,0.36855156142595397,11.011696889167686,0.9477122637346809,DOT-USD
4.0,0.1968465342091073,6,0,0.16145501893398423,0.6266666666666667,1.347057129203176,0.36855156142595397,11.011696889167686,0.9477122637346809,DOT-USD
4.1,0.1968465342091073,6,0,0.16145501893398423,0.6266666666666667,1.347057129203176,0.36855156142595397,11.011696889167686,0.9477122637346809,DOT-USD
4.2,0.1968465342091073,6,0,0.16145501893398423,0.6266666666666667,1.347057129203176,0.36855156142595397,11.011696889167686,0.9477122637346809,DOT-USD
4.3,0.1968465342091073,6,0,0.16145501893398423,0.6266666666666667,1.347057129203176,0.36855156142595397,11.011696889167686,0.9477122637346809,DOT-USD
4.3999999999999995,0.1968465342091073,6,0,0.16145501893398423,0.6266666666666667,1.347057129203176,0.36855156142595397,11.011696889167686,0.9477122637346809,DOT-USD
4.5,0.1968465342091073,6,0,0.16145501893398423,0.6266666666666667,1.347057129203176,0.36855156142595397,11.011696889167686,0.9477122637346809,DOT-USD
4.6,0.1968465342091073,6,0,0.16145501893398423,0.6266666666666667,1.347057129203176,0.36855156142595397,11.011696889167686,0.9477122637346809,DOT-USD
4.7,0.1968465342091073,6,0,0.16145501893398423,0.6266666666666667,1.347057129203176,0.36855156142595397,11.011696889167686,0.9477122637346809,DOT-USD
4.8,0.1968465342091073,6,0,0.16145501893398423,0.6266666666666667,1.347057129203176,0.36855156142595397,11.011696889167686,0.9477122637346809,DOT-USD
4.9,0.1968465342091073,6,0,0.16145501893398423,0.6266666666666667,1.347057129203176,0.36855156142595397,11.011696889167686,0.9477122637346809,DOT-USD
5.0,0.1968465342091073,6,0,0.16145501893398423,0.6266666666666667,1.347057129203176,0.36855156142595397,11.011696889167686,0.9477122637346809,DOT-USD
0.1,0.999929183063542,5,30,0.1986365246063055,0.58,1.5208588064214756,0.20446064994443086,30.772919642872033,0.9637476881980755,LTC-USD
0.2,0.5002766704999827,5,22,0.1986365246063055,0.58,1.5208588064214756,0.20446064994443086,30.36536126048461,0.9646779938078992,LTC-USD
0.30000000000000004,0.5002766704999827,5,15,0.1986365246063055,0.58,1.5208588064214756,0.20446064994443086,30.36536126048461,0.9646779938078992,LTC-USD
0.4,0.5002766704999827,5,13,0.1986365246063055,0.58,1.5208588064214756,0.20446064994443086,30.36536126048461,0.9646779938078992,LTC-USD
0.5,0.4832756914921757,5,10,0.1986365246063055,0.58,1.5208588064214756,0.20446064994443086,29.212498509342748,0.9673463766628293,LTC-USD
0.6,0.40463611192953913,5,7,0.1986365246063055,0.58,1.5208588064214756,0.20446064994443086,27.74249013530018,0.9709539707554506,LTC-USD
0.7000000000000001,0.40463611192953913,5,4,0.1986365246063055,0.58,1.5208588064214756,0.20446064994443086,27.74249013530018,0.9709539707554506,LTC-USD
0.8,0.40463611192953913,5,4,0.1986365246063055,0.58,1.5208588064214756,0.20446064994443086,27.74249013530018,0.9709539707554506,LTC-USD
0.9,0.28209139406294775,6,2,0.1986365246063055,0.58,1.5208588064214756,0.20446064994443086,29.97417482156456,0.9658543372190714,LTC-USD
1.0,0.28209139406294775,6,2,0.1986365246063055,0.58,1.5208588064214756,0.20446064994443086,29.97417482156456,0.9658543372190714,LTC-USD
1.1,0.28209139406294775,6,1,0.1986365246063055,0.58,1.5208588064214756,0.20446064994443086,29.97417482156456,0.9658543372190714,LTC-USD
1.2000000000000002,0.28209139406294775,6,1,0.1986365246063055,0.58,1.5208588064214756,0.20446064994443086,29.97417482156456,0.9658543372190714,LTC-USD
1.3000000000000003,0.28209139406294775,6,1,0.1986365246063055,0.58,1.5208588064214756,0.20446064994443086,29.97417482156456,0.9658543372190714,LTC-USD
1.4000000000000001,0.28209139406294775,6,1,0.1986365246063055,0.58,1.5208588064214756,0.20446064994443086,29.97417482156456,0.9658543372190714,LTC-USD
1.5000000000000002,0.28209139406294775,6,1,0.1986365246063055,0.58,1.5208588064214756,0.20446064994443086,29.97417482156456,0.9658543372190714,LTC-USD
1.6,0.28209139406294775,6,1,0.1986365246063055,0.58,1.5208588064214756,0.20446064994443086,29.97417482156456,0.9658543372190714,LTC-USD
1.7000000000000002,0.28209139406294775,6,1,0.1986365246063055,0.58,1.5208588064214756,0.20446064994443086,29.97417482156456,0.9658543372190714,LTC-USD
1.8000000000000003,0.28209139406294775,6,1,0.1986365246063055,0.58,1.5208588064214756,0.20446064994443086,29.97417482156456,0.9658543372190714,LTC-USD
1.9000000000000001,0.28209139406294775,6,1,0.1986365246063055,0.58,1.5208588064214756,0.20446064994443086,29.97417482156456,0.9658543372190714,LTC-USD
2.0,0.31291529334345297,6,0,0.1986365246063055,0.58,1.5208588064214756,0.20446064994443086,40.097995798614654,0.9657200071939505,LTC-USD
2.1,0.31291529334345297,6,0,0.1986365246063055,0.58,1.5208588064214756,0.20446064994443086,40.097995798614654,0.9657200071939505,LTC-USD
2.2,0.31291529334345297,6,0,0.1986365246063055,0.58,1.5208588064214756,0.20446064994443086,40.097995798614654,0.9657200071939505,LTC-USD
2.3000000000000003,0.31291529334345297,6,0,0.1986365246063055,0.58,1.5208588064214756,0.20446064994443086,40.097995798614654,0.9657200071939505,LTC-USD
2.4000000000000004,0.31291529334345297,6,0,0.1986365246063055,0.58,1.5208588064214756,0.20446064994443086,40.097995798614654,0.9657200071939505,LTC-USD
2.5000000000000004,0.31291529334345297,6,0,0.1986365246063055,0.58,1.5208588064214756,0.20446064994443086,40.097995798614654,0.9657200071939505,LTC-USD
2.6,0.31291529334345297,6,0,0.1986365246063055,0.58,1.5208588064214756,0.20446064994443086,40.097995798614654,0.9657200071939505,LTC-USD
2.7,0.31291529334345297,6,0,0.1986365246063055,0.58,1.5208588064214756,0.20446064994443086,40.097995798614654,0.9657200071939505,LTC-USD
2.8000000000000003,0.31291529334345297,6,0,0.1986365246063055,0.58,1.5208588064214756,0.20446064994443086,40.097995798614654,0.9657200071939505,LTC-USD
2.9000000000000004,0.31291529334345297,6,0,0.1986365246063055,0.58,1.5208588064214756,0.20446064994443086,40.097995798614654,0.9657200071939505,LTC-USD
3.0000000000000004,0.31291529334345297,6,0,0.1986365246063055,0.58,1.5208588064214756,0.20446064994443086,40.097995798614654,0.9657200071939505,LTC-USD
3.1,0.31291529334345297,6,0,0.1986365246063055,0.58,1.5208588064214756,0.20446064994443086,40.097995798614654,0.9657200071939505,LTC-USD
3.2,0.31291529334345297,6,0,0.1986365246063055,0.58,1.5208588064214756,0.20446064994443086,40.097995798614654,0.9657200071939505,LTC-USD
3.3000000000000003,0.31291529334345297,6,0,0.1986365246063055,0.58,1.5208588064214756,0.20446064994443086,40.097995798614654,0.9657200071939505,LTC-USD
3.4000000000000004,0.31291529334345297,6,0,0.1986365246063055,0.58,1.5208588064214756,0.20446064994443086,40.097995798614654,0.9657200071939505,LTC-USD
3.5000000000000004,0.31291529334345297,6,0,0.1986365246063055,0.58,1.5208588064214756,0.20446064994443086,40.097995798614654,0.9657200071939505,LTC-USD
3.6,0.31291529334345297,6,0,0.1986365246063055,0.58,1.5208588064214756,0.20446064994443086,40.097995798614654,0.9657200071939505,LTC-USD
3.7,0.31291529334345297,6,0,0.1986365246063055,0.58,1.5208588064214756,0.20446064994443086,40.097995798614654,0.9657200071939505,LTC-USD
3.8000000000000003,0.31291529334345297,6,0,0.1986365246063055,0.58,1.5208588064214756,0.20446064994443086,40.097995798614654,0.9657200071939505,LTC-USD
3.9000000000000004,0.31291529334345297,6,0,0.1986365246063055,0.58,1.5208588064214756,0.20446064994443086,40.097995798614654,0.9657200071939505,LTC-USD
4.0,0.31291529334345297,6,0,0.1986365246063055,0.58,1.5208588064214756,0.20446064994443086,40.097995798614654,0.9657200071939505,LTC-USD
4.1,0.31291529334345297,6,0,0.1986365246063055,0.58,1.5208588064214756,0.20446064994443086,40.097995798614654,0.9657200071939505,LTC-USD
4.2,0.31291529334345297,6,0,0.1986365246063055,0.58,1.5208588064214756,0.20446064994443086,40.097995798614654,0.9657200071939505,LTC-USD
4.3,0.31291529334345297,6,0,0.1986365246063055,0.58,1.5208588064214756,0.20446064994443086,40.097995798614654,0.9657200071939505,LTC-USD
4.3999999999999995,0.31291529334345297,6,0,0.1986365246063055,0.58,1.5208588064214756,0.20446064994443086,40.097995798614654,0.9657200071939505,LTC-USD
4.5,0.31291529334345297,6,0,0.1986365246063055,0.58,1.5208588064214756,0.20446064994443086,40.097995798614654,0.9657200071939505,LTC-USD
4.6,0.31291529334345297,6,0,0.1986365246063055,0.58,1.5208588064214756,0.20446064994443086,40.097995798614654,0.9657200071939505,LTC-USD
4.7,0.31291529334345297,6,0,0.1986365246063055,0.58,1.5208588064214756,0.20446064994443086,40.097995798614654,0.9657200071939505,LTC-USD
4.8,0.31291529334345297,6,0,0.1986365246063055,0.58,1.5208588064214756,0.20446064994443086,40.097995798614654,0.9657200071939505,LTC-USD
4.9,0.31291529334345297,6,0,0.1986365246063055,0.58,1.5208588064214756,0.20446064994443086,40.097995798614654,0.9657200071939505,LTC-USD
5.0,0.31291529334345297,6,0,0.1986365246063055,0.58,1.5208588064214756,0.20446064994443086,40.097995798614654,0.9657200071939505,LTC-USD
0.1,0.9999310058817592,5,36,0.11832178347267358,0.5533333333333333,1.2719968780382354,0.3324166139495647,16.752341202780315,0.9800515418461154,LINK-USD
0.2,0.999999710178596,6,23,0.11832178347267358,0.5533333333333333,1.2719968780382354,0.3324166139495647,16.719434275363962,0.9798688161530755,LINK-USD
0.30000000000000004,0.9999994465413987,6,15,0.11832178347267358,0.5533333333333333,1.2719968780382354,0.3324166139495647,16.719056044819492,0.9798663891411479,LINK-USD
0.4,0.9999994465413987,6,10,0.11832178347267358,0.5533333333333333,1.2719968780382354,0.3324166139495647,16.719056044819492,0.9798663891411479,LINK-USD
0.5,0.999999719062364,6,7,0.11832178347267358,0.5533333333333333,1.2719968780382354,0.3324166139495647,16.719450235669257,0.9798689171120954,LINK-USD
0.6,0.999999719062364,6,5,0.11832178347267358,0.5533333333333333,1.2719968780382354,0.3324166139495647,16.719450235669257,0.9798689171120954,LINK-USD
0.7000000000000001,0.999999719062364,6,5,0.11832178347267358,0.5533333333333333,1.2719968780382354,0.3324166139495647,16.719450235669257,0.9798689171120954,LINK-USD
0.8,0.9980082940392514,6,2,0.11832178347267358,0.5533333333333333,1.2719968780382354,0.3324166139495647,16.693067146134176,0.9795954173316653,LINK-USD
0.9,0.9980082940392514,6,2,0.11832178347267358,0.5533333333333333,1.2719968780382354,0.3324166139495647,16.693067146134176,0.9795954173316653,LINK-USD
1.0,0.9827688904975009,6,1,0.11832178347267358,0.5533333333333333,1.2719968780382354,0.3324166139495647,16.66538353018005,0.979191467787596,LINK-USD
1.1,0.9827688904975009,6,1,0.11832178347267358,0.5533333333333333,1.2719968780382354,0.3324166139495647,16.66538353018005,0.979191467787596,LINK-USD
1.2000000000000002,0.9827688904975009,6,1,0.11832178347267358,0.5533333333333333,1.2719968780382354,0.3324166139495647,16.66538353018005,0.979191467787596,LINK-USD
1.3000000000000003,0.9827688904975009,6,1,0.11832178347267358,0.5533333333333333,1.2719968780382354,0.3324166139495647,16.66538353018005,0.979191467787596,LINK-USD
1.4000000000000001,0.9827688904975009,6,1,0.11832178347267358,0.5533333333333333,1.2719968780382354,0.3324166139495647,16.66538353018005,0.979191467787596,LINK-USD
1.5000000000000002,0.9827688904975009,6,1,0.11832178347267358,0.5533333333333333,1.2719968780382354,0.3324166139495647,16.66538353018005,0.979191467787596,LINK-USD
1.6,0.7941580811542348,6,0,0.11832178347267358,0.5533333333333333,1.2719968780382354,0.3324166139495647,18.68432989698608,0.9681960065052604,LINK-USD
1.7000000000000002,0.7941580811542348,6,0,0.11832178347267358,0.5533333333333333,1.2719968780382354,0.3324166139495647,18.68432989698608,0.9681960065052604,LINK-USD
1.8000000000000003,0.7941580811542348,6,0,0.11832178347267358,0.5533333333333333,1.2719968780382354,0.3324166139495647,18.68432989698608,0.9681960065052604,LINK-USD
1.9000000000000001,0.7941580811542348,6,0,0.11832178347267358,0.5533333333333333,1.2719968780382354,0.3324166139495647,18.68432989698608,0.9681960065052604,LINK-USD
2.0,0.7941580811542348,6,0,0.11832178347267358,0.5533333333333333,1.2719968780382354,0.3324166139495647,18.68432989698608,0.9681960065052604,LINK-USD
2.1,0.7941580811542348,6,0,0.11832178347267358,0.5533333333333333,1.2719968780382354,0.3324166139495647,18.68432989698608,0.9681960065052604,LINK-USD
2.2,0.7941580811542348,6,0,0.11832178347267358,0.5533333333333333,1.2719968780382354,0.3324166139495647,18.68432989698608,0.9681960065052604,LINK-USD
2.3000000000000003,0.7941580811542348,6,0,0.11832178347267358,0.5533333333333333,1.2719968780382354,0.3324166139495647,18.68432989698608,0.9681960065052604,LINK-USD
2.4000000000000004,0.7941580811542348,6,0,0.11832178347267358,0.5533333333333333,1.2719968780382354,0.3324166139495647,18.68432989698608,0.9681960065052604,LINK-USD
2.5000000000000004,0.7941580811542348,6,0,0.11832178347267358,0.5533333333333333,1.2719968780382354,0.3324166139495647,18.68432989698608,0.9681960065052604,LINK-USD
2.6,0.7941580811542348,6,0,0.11832178347267358,0.5533333333333333,1.2719968780382354,0.3324166139495647,18.68432989698608,0.9681960065052604,LINK-USD
2.7,0.7941580811542348,6,0,0.11832178347267358,0.5533333333333333,1.2719968780382354,0.3324166139495647,18.68432989698608,0.9681960065052604,LINK-USD
2.8000000000000003,0.7941580811542348,6,0,0.11832178347267358,0.5533333333333333,1.2719968780382354,0.3324166139495647,18.68432989698608,0.9681960065052604,LINK-USD
2.9000000000000004,0.7941580811542348,6,0,0.11832178347267358,0.5533333333333333,1.2719968780382354,0.3324166139495647,18.68432989698608,0.9681960065052604,LINK-USD
3.0000000000000004,0.7941580811542348,6,0,0.11832178347267358,0.5533333333333333,1.2719968780382354,0.3324166139495647,18.68432989698608,0.9681960065052604,LINK-USD
3.1,0.7941580811542348,6,0,0.11832178347267358,0.5533333333333333,1.2719968780382354,0.3324166139495647,18.68432989698608,0.9681960065052604,LINK-USD
3.2,0.7941580811542348,6,0,0.11832178347267358,0.5533333333333333,1.2719968780382354,0.3324166139495647,18.68432989698608,0.9681960065052604,LINK-USD
3.3000000000000003,0.7941580811542348,6,0,0.11832178347267358,0.5533333333333333,1.2719968780382354,0.3324166139495647,18.68432989698608,0.9681960065052604,LINK-USD
3.4000000000000004,0.7941580811542348,6,0,0.11832178347267358,0.5533333333333333,1.2719968780382354,0.3324166139495647,18.68432989698608,0.9681960065052604,LINK-USD
3.5000000000000004,0.7941580811542348,6,0,0.11832178347267358,0.5533333333333333,1.2719968780382354,0.3324166139495647,18.68432989698608,0.9681960065052604,LINK-USD
3.6,0.7941580811542348,6,0,0.11832178347267358,0.5533333333333333,1.2719968780382354,0.3324166139495647,18.68432989698608,0.9681960065052604,LINK-USD
3.7,0.7941580811542348,6,0,0.11832178347267358,0.5533333333333333,1.2719968780382354,0.3324166139495647,18.68432989698608,0.9681960065052604,LINK-USD
3.8000000000000003,0.7941580811542348,6,0,0.11832178347267358,0.5533333333333333,1.2719968780382354,0.3324166139495647,18.68432989698608,0.9681960065052604,LINK-USD
3.9000000000000004,0.7941580811542348,6,0,0.11832178347267358,0.5533333333333333,1.2719968780382354,0.3324166139495647,18.68432989698608,0.9681960065052604,LINK-USD
4.0,0.7941580811542348,6,0,0.11832178347267358,0.5533333333333333,1.2719968780382354,0.3324166139495647,18.68432989698608,0.9681960065052604,LINK-USD
4.1,0.7941580811542348,6,0,0.11832178347267358,0.5533333333333333,1.2719968780382354,0.3324166139495647,18.68432989698608,0.9681960065052604,LINK-USD
4.2,0.7941580811542348,6,0,0.11832178347267358,0.5533333333333333,1.2719968780382354,0.3324166139495647,18.68432989698608,0.9681960065052604,LINK-USD
4.3,0.7941580811542348,6,0,0.11832178347267358,0.5533333333333333,1.2719968780382354,0.3324166139495647,18.68432989698608,0.9681960065052604,LINK-USD
4.3999999999999995,0.7941580811542348,6,0,0.11832178347267358,0.5533333333333333,1.2719968780382354,0.3324166139495647,18.68432989698608,0.9681960065052604,LINK-USD
4.5,0.7941580811542348,6,0,0.11832178347267358,0.5533333333333333,1.2719968780382354,0.3324166139495647,18.68432989698608,0.9681960065052604,LINK-USD
4.6,0.7941580811542348,6,0,0.11832178347267358,0.5533333333333333,1.2719968780382354,0.3324166139495647,18.68432989698608,0.9681960065052604,LINK-USD
4.7,0.7941580811542348,6,0,0.11832178347267358,0.5533333333333333,1.2719968780382354,0.3324166139495647,18.68432989698608,0.9681960065052604,LINK-USD
4.8,0.7941580811542348,6,0,0.11832178347267358,0.5533333333333333,1.2719968780382354,0.3324166139495647,18.68432989698608,0.9681960065052604,LINK-USD
4.9,0.7941580811542348,6,0,0.11832178347267358,0.5533333333333333,1.2719968780382354,0.3324166139495647,18.68432989698608,0.9681960065052604,LINK-USD
5.0,0.7941580811542348,6,0,0.11832178347267358,0.5533333333333333,1.2719968780382354,0.3324166139495647,18.68432989698608,0.9681960065052604,LINK-USD
0.1,0.3254111589340099,5,38,0.1682643357460959,0.5866666666666667,1.4021591738647343,0.26889273064374686,12.64049157324151,0.9691230367716436,AVAX-USD
0.2,0.500249876138559,5,25,0.1682643357460959,0.5866666666666667,1.4021591738647343,0.26889273064374686,23.60284856183568,0.9889742749219879,AVAX-USD
0.30000000000000004,0.500249876138559,5,21,0.1682643357460959,0.5866666666666667,1.4021591738647343,0.26889273064374686,23.60284856183568,0.9889742749219879,AVAX-USD
0.4,0.4907307761305554,5,15,0.1682643357460959,0.5866666666666667,1.4021591738647343,0.26889273064374686,24.577552129438594,0.9896464990312852,AVAX-USD
0.5,0.4798834137389315,5,12,0.1682643357460959,0.5866666666666667,1.4021591738647343,0.26889273064374686,25.16946773977843,0.9900218304269329,AVAX-USD
0.6,0.4798834137389315,5,8,0.1682643357460959,0.5866666666666667,1.4021591738647343,0.26889273064374686,25.16946773977843,0.9900218304269329,AVAX-USD
0.7000000000000001,0.4800258756772438,5,8,0.1682643357460959,0.5866666666666667,1.4021591738647343,0.26889273064374686,25.162386465815338,0.990017462047904,AVAX-USD
0.8,0.4801676574190357,5,6,0.1682643357460959,0.5866666666666667,1.4021591738647343,0.26889273064374686,25.15531141116688,0.9900130947076565,AVAX-USD
0.9,0.4801676574190357,5,5,0.1682643357460959,0.5866666666666667,1.4021591738647343,0.26889273064374686,25.15531141116688,0.9900130947076565,AVAX-USD
1.0,0.4801676574190357,5,5,0.1682643357460959,0.5866666666666667,1.4021591738647343,0.26889273064374686,25.15531141116688,0.9900130947076565,AVAX-USD
1.1,0.28947950452541904,5,3,0.1682643357460959,0.5866666666666667,1.4021591738647343,0.26889273064374686,25.84390868048046,0.990480372528438,AVAX-USD
1.2000000000000002,0.28947950452541904,5,3,0.1682643357460959,0.5866666666666667,1.4021591738647343,0.26889273064374686,25.84390868048046,0.990480372528438,AVAX-USD
1.3000000000000003,0.28947950452541904,5,2,0.1682643357460959,0.5866666666666667,1.4021591738647343,0.26889273064374686,25.84390868048046,0.990480372528438,AVAX-USD
1.4000000000000001,0.28947950452541904,5,2,0.1682643357460959,0.5866666666666667,1.4021591738647343,0.26889273064374686,25.84390868048046,0.990480372528438,AVAX-USD
1.5000000000000002,0.28947950452541904,5,1,0.1682643357460959,0.5866666666666667,1.4021591738647343,0.26889273064374686,25.84390868048046,0.990480372528438,AVAX-USD
1.6,0.3254111589340099,5,0,0.1682643357460959,0.5866666666666667,1.4021591738647343,0.26889273064374686,12.64049157324151,0.9691230367716436,AVAX-USD
1.7000000000000002,0.3254111589340099,5,0,0.1682643357460959,0.5866666666666667,1.4021591738647343,0.26889273064374686,12.64049157324151,0.9691230367716436,AVAX-USD
1.8000000000000003,0.3254111589340099,5,0,0.1682643357460959,0.5866666666666667,1.4021591738647343,0.26889273064374686,12.64049157324151,0.9691230367716436,AVAX-USD
1.9000000000000001,0.3254111589340099,5,0,0.1682643357460959,0.5866666666666667,1.4021591738647343,0.26889273064374686,12.64049157324151,0.9691230367716436,AVAX-USD
2.0,0.3254111589340099,5,0,0.1682643357460959,0.5866666666666667,1.4021591738647343,0.26889273064374686,12.64049157324151,0.9691230367716436,AVAX-USD
2.1,0.3254111589340099,5,0,0.1682643357460959,0.5866666666666667,1.4021591738647343,0.26889273064374686,12.64049157324151,0.9691230367716436,AVAX-USD
2.2,0.3254111589340099,5,0,0.1682643357460959,0.5866666666666667,1.4021591738647343,0.26889273064374686,12.64049157324151,0.9691230367716436,AVAX-USD
2.3000000000000003,0.3254111589340099,5,0,0.1682643357460959,0.5866666666666667,1.4021591738647343,0.26889273064374686,12.64049157324151,0.9691230367716436,AVAX-USD
2.4000000000000004,0.3254111589340099,5,0,0.1682643357460959,0.5866666666666667,1.4021591738647343,0.26889273064374686,12.64049157324151,0.9691230367716436,AVAX-USD
2.5000000000000004,0.3254111589340099,5,0,0.1682643357460959,0.5866666666666667,1.4021591738647343,0.26889273064374686,12.64049157324151,0.9691230367716436,AVAX-USD
2.6,0.3254111589340099,5,0,0.1682643357460959,0.5866666666666667,1.4021591738647343,0.26889273064374686,12.64049157324151,0.9691230367716436,AVAX-USD
2.7,0.3254111589340099,5,0,0.1682643357460959,0.5866666666666667,1.4021591738647343,0.26889273064374686,12.64049157324151,0.9691230367716436,AVAX-USD
2.8000000000000003,0.3254111589340099,5,0,0.1682643357460959,0.5866666666666667,1.4021591738647343,0.26889273064374686,12.64049157324151,0.9691230367716436,AVAX-USD
2.9000000000000004,0.3254111589340099,5,0,0.1682643357460959,0.5866666666666667,1.4021591738647343,0.26889273064374686,12.64049157324151,0.9691230367716436,AVAX-USD
3.0000000000000004,0.3254111589340099,5,0,0.1682643357460959,0.5866666666666667,1.4021591738647343,0.26889273064374686,12.64049157324151,0.9691230367716436,AVAX-USD
3.1,0.3254111589340099,5,0,0.1682643357460959,0.5866666666666667,1.4021591738647343,0.26889273064374686,12.64049157324151,0.9691230367716436,AVAX-USD
3.2,0.3254111589340099,5,0,0.1682643357460959,0.5866666666666667,1.4021591738647343,0.26889273064374686,12.64049157324151,0.9691230367716436,AVAX-USD
3.3000000000000003,0.3254111589340099,5,0,0.1682643357460959,0.5866666666666667,1.4021591738647343,0.26889273064374686,12.64049157324151,0.9691230367716436,AVAX-USD
3.4000000000000004,0.3254111589340099,5,0,0.1682643357460959,0.5866666666666667,1.4021591738647343,0.26889273064374686,12.64049157324151,0.9691230367716436,AVAX-USD
3.5000000000000004,0.3254111589340099,5,0,0.1682643357460959,0.5866666666666667,1.4021591738647343,0.26889273064374686,12.64049157324151,0.9691230367716436,AVAX-USD
3.6,0.3254111589340099,5,0,0.1682643357460959,0.5866666666666667,1.4021591738647343,0.26889273064374686,12.64049157324151,0.9691230367716436,AVAX-USD
3.7,0.3254111589340099,5,0,0.1682643357460959,0.5866666666666667,1.4021591738647343,0.26889273064374686,12.64049157324151,0.9691230367716436,AVAX-USD
3.8000000000000003,0.3254111589340099,5,0,0.1682643357460959,0.5866666666666667,1.4021591738647343,0.26889273064374686,12.64049157324151,0.9691230367716436,AVAX-USD
3.9000000000000004,0.3254111589340099,5,0,0.1682643357460959,0.5866666666666667,1.4021591738647343,0.26889273064374686,12.64049157324151,0.9691230367716436,AVAX-USD
4.0,0.3254111589340099,5,0,0.1682643357460959,0.5866666666666667,1.4021591738647343,0.26889273064374686,12.64049157324151,0.9691230367716436,AVAX-USD
4.1,0.3254111589340099,5,0,0.1682643357460959,0.5866666666666667,1.4021591738647343,0.26889273064374686,12.64049157324151,0.9691230367716436,AVAX-USD
4.2,0.3254111589340099,5,0,0.1682643357460959,0.5866666666666667,1.4021591738647343,0.26889273064374686,12.64049157324151,0.9691230367716436,AVAX-USD
4.3,0.3254111589340099,5,0,0.1682643357460959,0.5866666666666667,1.4021591738647343,0.26889273064374686,12.64049157324151,0.9691230367716436,AVAX-USD
4.3999999999999995,0.3254111589340099,5,0,0.1682643357460959,0.5866666666666667,1.4021591738647343,0.26889273064374686,12.64049157324151,0.9691230367716436,AVAX-USD
4.5,0.3254111589340099,5,0,0.1682643357460959,0.5866666666666667,1.4021591738647343,0.26889273064374686,12.64049157324151,0.9691230367716436,AVAX-USD
4.6,0.3254111589340099,5,0,0.1682643357460959,0.5866666666666667,1.4021591738647343,0.26889273064374686,12.64049157324151,0.9691230367716436,AVAX-USD
4.7,0.3254111589340099,5,0,0.1682643357460959,0.5866666666666667,1.4021591738647343,0.26889273064374686,12.64049157324151,0.9691230367716436,AVAX-USD
4.8,0.3254111589340099,5,0,0.1682643357460959,0.5866666666666667,1.4021591738647343,0.26889273064374686,12.64049157324151,0.9691230367716436,AVAX-USD
4.9,0.3254111589340099,5,0,0.1682643357460959,0.5866666666666667,1.4021591738647343,0.26889273064374686,12.64049157324151,0.9691230367716436,AVAX-USD
5.0,0.3254111589340099,5,0,0.1682643357460959,0.5866666666666667,1.4021591738647343,0.26889273064374686,12.64049157324151,0.9691230367716436,AVAX-USD
0.1,0.23327042341494264,5,27,-0.13985101146039458,0.52,0.7880566839613178,0.2563760778294289,8.183546099511744,0.9871841945478058,TRX-USD
0.2,0.5011205063597237,5,21,-0.07719063100637358,0.43333333333333335,0.8488011603799849,0.29171141123387584,13.252499598042384,0.994943703992962,TRX-USD
0.30000000000000004,0.48104552685127683,4,14,-0.07719063100637358,0.43333333333333335,0.8488011603799849,0.29171141123387584,14.04068603468075,0.995504438793111,TRX-USD
0.4,0.48104552685127683,4,11,-0.07719063100637358,0.43333333333333335,0.8488011603799849,0.29171141123387584,14.04068603468075,0.995504438793111,TRX-USD
0.5,0.48104552685127683,4,8,-0.07719063100637358,0.43333333333333335,0.8488011603799849,0.29171141123387584,14.04068603468075,0.995504438793111,TRX-USD
0.6,0.48104552685127683,4,5,-0.07719063100637358,0.43333333333333335,0.8488011603799849,0.29171141123387584,14.04068603468075,0.995504438793111,TRX-USD
0.7000000000000001,0.48104552685127683,4,4,-0.07719063100637358,0.43333333333333335,0.8488011603799849,0.29171141123387584,14.04068603468075,0.995504438793111,TRX-USD
0.8,0.48104552685127683,4,4,-0.07719063100637358,0.43333333333333335,0.8488011603799849,0.29171141123387584,14.04068603468075,0.995504438793111,TRX-USD
0.9,0.48104552685127683,4,4,-0.07719063100637358,0.43333333333333335,0.8488011603799849,0.29171141123387584,14.04068603468075,0.995504438793111,TRX-USD
1.0,0.48104552685127683,4,3,-0.07719063100637358,0.43333333333333335,0.8488011603799849,0.29171141123387584,14.04068603468075,0.995504438793111,TRX-USD
1.1,0.48104552685127683,4,3,-0.07719063100637358,0.43333333333333335,0.8488011603799849,0.29171141123387584,14.04068603468075,0.995504438793111,TRX-USD
1.2000000000000002,0.48489253184033404,5,3,-0.07719063100637358,0.43333333333333335,0.8488011603799849,0.29171141123387584,13.966824063260347,0.9954562356905432,TRX-USD
1.3000000000000003,0.48489253184033404,5,3,-0.07719063100637358,0.43333333333333335,0.8488011603799849,0.29171141123387584,13.966824063260347,0.9954562356905432,TRX-USD
1.4000000000000001,0.48489253184033404,5,3,-0.07719063100637358,0.43333333333333335,0.8488011603799849,0.29171141123387584,13.966824063260347,0.9954562356905432,TRX-USD
1.5000000000000002,0.46329670039561205,4,2,-0.07719063100637358,0.43333333333333335,0.8488011603799849,0.29171141123387584,14.350810589427338,0.995698862629002,TRX-USD
1.6,0.46329670039561205,4,2,-0.07719063100637358,0.43333333333333335,0.8488011603799849,0.29171141123387584,14.350810589427338,0.995698862629002,TRX-USD
1.7000000000000002,0.46329670039561205,4,2,-0.07719063100637358,0.43333333333333335,0.8488011603799849,0.29171141123387584,14.350810589427338,0.995698862629002,TRX-USD
1.8000000000000003,0.46329670039561205,4,1,-0.07719063100637358,0.43333333333333335,0.8488011603799849,0.29171141123387584,14.350810589427338,0.995698862629002,TRX-USD
1.9000000000000001,0.23327042341494264,5,0,-0.13985101146039458,0.52,0.7880566839613178,0.2563760778294289,8.183546099511744,0.9871841945478058,TRX-USD
2.0,0.23327042341494264,5,0,-0.13985101146039458,0.52,0.7880566839613178,0.2563760778294289,8.183546099511744,0.9871841945478058,TRX-USD
2.1,0.23327042341494264,5,0,-0.13985101146039458,0.52,0.7880566839613178,0.2563760778294289,8.183546099511744,0.9871841945478058,TRX-USD
2.2,0.23327042341494264,5,0,-0.13985101146039458,0.52,0.7880566839613178,0.2563760778294289,8.183546099511744,0.9871841945478058,TRX-USD
2.3000000000000003,0.23327042341494264,5,0,-0.13985101146039458,0.52,0.7880566839613178,0.2563760778294289,8.183546099511744,0.9871841945478058,TRX-USD
2.4000000000000004,0.23327042341494264,5,0,-0.13985101146039458,0.52,0.7880566839613178,0.2563760778294289,8.183546099511744,0.9871841945478058,TRX-USD
2.5000000000000004,0.23327042341494264,5,0,-0.13985101146039458,0.52,0.7880566839613178,0.2563760778294289,8.183546099511744,0.9871841945478058,TRX-USD
2.6,0.23327042341494264,5,0,-0.13985101146039458,0.52,0.7880566839613178,0.2563760778294289,8.183546099511744,0.9871841945478058,TRX-USD
2.7,0.23327042341494264,5,0,-0.13985101146039458,0.52,0.7880566839613178,0.2563760778294289,8.183546099511744,0.9871841945478058,TRX-USD
2.8000000000000003,0.23327042341494264,5,0,-0.13985101146039458,0.52,0.7880566839613178,0.2563760778294289,8.183546099511744,0.9871841945478058,TRX-USD
2.9000000000000004,0.23327042341494264,5,0,-0.13985101146039458,0.52,0.7880566839613178,0.2563760778294289,8.183546099511744,0.9871841945478058,TRX-USD
3.0000000000000004,0.23327042341494264,5,0,-0.13985101146039458,0.52,0.7880566839613178,0.2563760778294289,8.183546099511744,0.9871841945478058,TRX-USD
3.1,0.23327042341494264,5,0,-0.13985101146039458,0.52,0.7880566839613178,0.2563760778294289,8.183546099511744,0.9871841945478058,TRX-USD
3.2,0.23327042341494264,5,0,-0.13985101146039458,0.52,0.7880566839613178,0.2563760778294289,8.183546099511744,0.9871841945478058,TRX-USD
3.3000000000000003,0.23327042341494264,5,0,-0.13985101146039458,0.52,0.7880566839613178,0.2563760778294289,8.183546099511744,0.9871841945478058,TRX-USD
3.4000000000000004,0.23327042341494264,5,0,-0.13985101146039458,0.52,0.7880566839613178,0.2563760778294289,8.183546099511744,0.9871841945478058,TRX-USD
3.5000000000000004,0.23327042341494264,5,0,-0.13985101146039458,0.52,0.7880566839613178,0.2563760778294289,8.183546099511744,0.9871841945478058,TRX-USD
3.6,0.23327042341494264,5,0,-0.13985101146039458,0.52,0.7880566839613178,0.2563760778294289,8.183546099511744,0.9871841945478058,TRX-USD
3.7,0.23327042341494264,5,0,-0.13985101146039458,0.52,0.7880566839613178,0.2563760778294289,8.183546099511744,0.9871841945478058,TRX-USD
3.8000000000000003,0.23327042341494264,5,0,-0.13985101146039458,0.52,0.7880566839613178,0.2563760778294289,8.183546099511744,0.9871841945478058,TRX-USD
3.9000000000000004,0.23327042341494264,5,0,-0.13985101146039458,0.52,0.7880566839613178,0.2563760778294289,8.183546099511744,0.9871841945478058,TRX-USD
4.0,0.23327042341494264,5,0,-0.13985101146039458,0.52,0.7880566839613178,0.2563760778294289,8.183546099511744,0.9871841945478058,TRX-USD
4.1,0.23327042341494264,5,0,-0.13985101146039458,0.52,0.7880566839613178,0.2563760778294289,8.183546099511744,0.9871841945478058,TRX-USD
4.2,0.23327042341494264,5,0,-0.13985101146039458,0.52,0.7880566839613178,0.2563760778294289,8.183546099511744,0.9871841945478058,TRX-USD
4.3,0.23327042341494264,5,0,-0.13985101146039458,0.52,0.7880566839613178,0.2563760778294289,8.183546099511744,0.9871841945478058,TRX-USD
4.3999999999999995,0.23327042341494264,5,0,-0.13985101146039458,0.52,0.7880566839613178,0.2563760778294289,8.183546099511744,0.9871841945478058,TRX-USD
4.5,0.23327042341494264,5,0,-0.13985101146039458,0.52,0.7880566839613178,0.2563760778294289,8.183546099511744,0.9871841945478058,TRX-USD
4.6,0.23327042341494264,5,0,-0.13985101146039458,0.52,0.7880566839613178,0.2563760778294289,8.183546099511744,0.9871841945478058,TRX-USD
4.7,0.23327042341494264,5,0,-0.13985101146039458,0.52,0.7880566839613178,0.2563760778294289,8.183546099511744,0.9871841945478058,TRX-USD
4.8,0.23327042341494264,5,0,-0.13985101146039458,0.52,0.7880566839613178,0.2563760778294289,8.183546099511744,0.9871841945478058,TRX-USD
4.9,0.23327042341494264,5,0,-0.13985101146039458,0.52,0.7880566839613178,0.2563760778294289,8.183546099511744,0.9871841945478058,TRX-USD
5.0,0.23327042341494264,5,0,-0.13985101146039458,0.52,0.7880566839613178,0.2563760778294289,8.183546099511744,0.9871841945478058,TRX-USD
0.1,0.2647460109758973,6,32,-0.010407002134659837,0.6066666666666667,0.9831349113390697,0.5742778847886165,12.407087057648102,0.959911521115151,XLM-USD
0.2,0.2647460109758973,6,17,-0.010407002134659837,0.6066666666666667,0.9831349113390697,0.5742778847886165,12.407087057648102,0.959911521115151,XLM-USD
0.30000000000000004,0.2647460109758973,6,14,-0.010407002134659837,0.6066666666666667,0.9831349113390697,0.5742778847886165,12.407087057648102,0.959911521115151,XLM-USD
0.4,0.2647460109758973,6,9,-0.010407002134659837,0.6066666666666667,0.9831349113390697,0.5742778847886165,12.407087057648102,0.959911521115151,XLM-USD
0.5,0.2647460109758973,6,9,-0.010407002134659837,0.6066666666666667,0.9831349113390697,0.5742778847886165,12.407087057648102,0.959911521115151,XLM-USD
0.6,0.2647460109758973,6,9,-0.010407002134659837,0.6066666666666667,0.9831349113390697,0.5742778847886165,12.407087057648102,0.959911521115151,XLM-USD
0.7000000000000001,0.2647460109758973,6,5,-0.010407002134659837,0.6066666666666667,0.9831349113390697,0.5742778847886165,12.407087057648102,0.959911521115151,XLM-USD
0.8,0.5025476290002584,5,4,-0.010407002134659837,0.6066666666666667,0.9831349113390697,0.5742778847886165,19.59455342587624,0.9780841011167466,XLM-USD
0.9,0.5025476290002584,5,4,-0.010407002134659837,0.6066666666666667,0.9831349113390697,0.5742778847886165,19.59455342587624,0.9780841011167466,XLM-USD
1.0,0.5025476290002584,5,3,-0.010407002134659837,0.6066666666666667,0.9831349113390697,0.5742778847886165,19.59455342587624,0.9780841011167466,XLM-USD
1.1,0.5025476290002584,5,3,-0.010407002134659837,0.6066666666666667,0.9831349113390697,0.5742778847886165,19.59455342587624,0.9780841011167466,XLM-USD
1.2000000000000002,0.5025476290002584,5,3,-0.010407002134659837,0.6066666666666667,0.9831349113390697,0.5742778847886165,19.59455342587624,0.9780841011167466,XLM-USD
1.3000000000000003,0.5025476290002584,5,3,-0.010407002134659837,0.6066666666666667,0.9831349113390697,0.5742778847886165,19.59455342587624,0.9780841011167466,XLM-USD
1.4000000000000001,0.5065659160154075,5,3,-0.010407002134659837,0.6066666666666667,0.9831349113390697,0.5742778847886165,19.592588121500043,0.9780810603864232,XLM-USD
1.5000000000000002,0.5065659160154075,5,3,-0.010407002134659837,0.6066666666666667,0.9831349113390697,0.5742778847886165,19.592588121500043,0.9780810603864232,XLM-USD
1.6,0.5120625896319091,5,3,-0.010407002134659837,0.6066666666666667,0.9831349113390697,0.5742778847886165,19.590630844138428,0.9780780308692868,XLM-USD
1.7000000000000002,0.5120625896319091,5,2,-0.010407002134659837,0.6066666666666667,0.9831349113390697,0.5742778847886165,19.590630844138428,0.9780780308692868,XLM-USD
1.8000000000000003,0.5120625896319091,5,2,-0.010407002134659837,0.6066666666666667,0.9831349113390697,0.5742778847886165,19.590630844138428,0.9780780308692868,XLM-USD
1.9000000000000001,0.5120625896319091,5,2,-0.010407002134659837,0.6066666666666667,0.9831349113390697,0.5742778847886165,19.590630844138428,0.9780780308692868,XLM-USD
2.0,0.5120625896319091,5,2,-0.010407002134659837,0.6066666666666667,0.9831349113390697,0.5742778847886165,19.590630844138428,0.9780780308692868,XLM-USD
2.1,0.5120625896319091,5,1,-0.010407002134659837,0.6066666666666667,0.9831349113390697,0.5742778847886165,19.590630844138428,0.9780780308692868,XLM-USD
2.2,0.2647460109758973,6,0,-0.010407002134659837,0.6066666666666667,0.9831349113390697,0.5742778847886165,12.407087057648102,0.959911521115151,XLM-USD
2.3000000000000003,0.2647460109758973,6,0,-0.010407002134659837,0.6066666666666667,0.9831349113390697,0.5742778847886165,12.407087057648102,0.959911521115151,XLM-USD
2.4000000000000004,0.2647460109758973,6,0,-0.010407002134659837,0.6066666666666667,0.9831349113390697,0.5742778847886165,12.407087057648102,0.959911521115151,XLM-USD
2.5000000000000004,0.2647460109758973,6,0,-0.010407002134659837,0.6066666666666667,0.9831349113390697,0.5742778847886165,12.407087057648102,0.959911521115151,XLM-USD
2.6,0.2647460109758973,6,0,-0.010407002134659837,0.6066666666666667,0.9831349113390697,0.5742778847886165,12.407087057648102,0.959911521115151,XLM-USD
2.7,0.2647460109758973,6,0,-0.010407002134659837,0.6066666666666667,0.9831349113390697,0.5742778847886165,12.407087057648102,0.959911521115151,XLM-USD
2.8000000000000003,0.2647460109758973,6,0,-0.010407002134659837,0.6066666666666667,0.9831349113390697,0.5742778847886165,12.407087057648102,0.959911521115151,XLM-USD
2.9000000000000004,0.2647460109758973,6,0,-0.010407002134659837,0.6066666666666667,0.9831349113390697,0.5742778847886165,12.407087057648102,0.959911521115151,XLM-USD
3.0000000000000004,0.2647460109758973,6,0,-0.010407002134659837,0.6066666666666667,0.9831349113390697,0.5742778847886165,12.407087057648102,0.959911521115151,XLM-USD
3.1,0.2647460109758973,6,0,-0.010407002134659837,0.6066666666666667,0.9831349113390697,0.5742778847886165,12.407087057648102,0.959911521115151,XLM-USD
3.2,0.2647460109758973,6,0,-0.010407002134659837,0.6066666666666667,0.9831349113390697,0.5742778847886165,12.407087057648102,0.959911521115151,XLM-USD
3.3000000000000003,0.2647460109758973,6,0,-0.010407002134659837,0.6066666666666667,0.9831349113390697,0.5742778847886165,12.407087057648102,0.959911521115151,XLM-USD
3.4000000000000004,0.2647460109758973,6,0,-0.010407002134659837,0.6066666666666667,0.9831349113390697,0.5742778847886165,12.407087057648102,0.959911521115151,XLM-USD
3.5000000000000004,0.2647460109758973,6,0,-0.010407002134659837,0.6066666666666667,0.9831349113390697,0.5742778847886165,12.407087057648102,0.959911521115151,XLM-USD
3.6,0.2647460109758973,6,0,-0.010407002134659837,0.6066666666666667,0.9831349113390697,0.5742778847886165,12.407087057648102,0.959911521115151,XLM-USD
3.7,0.2647460109758973,6,0,-0.010407002134659837,0.6066666666666667,0.9831349113390697,0.5742778847886165,12.407087057648102,0.959911521115151,XLM-USD
3.8000000000000003,0.2647460109758973,6,0,-0.010407002134659837,0.6066666666666667,0.9831349113390697,0.5742778847886165,12.407087057648102,0.959911521115151,XLM-USD
3.9000000000000004,0.2647460109758973,6,0,-0.010407002134659837,0.6066666666666667,0.9831349113390697,0.5742778847886165,12.407087057648102,0.959911521115151,XLM-USD
4.0,0.2647460109758973,6,0,-0.010407002134659837,0.6066666666666667,0.9831349113390697,0.5742778847886165,12.407087057648102,0.959911521115151,XLM-USD
4.1,0.2647460109758973,6,0,-0.010407002134659837,0.6066666666666667,0.9831349113390697,0.5742778847886165,12.407087057648102,0.959911521115151,XLM-USD
4.2,0.2647460109758973,6,0,-0.010407002134659837,0.6066666666666667,0.9831349113390697,0.5742778847886165,12.407087057648102,0.959911521115151,XLM-USD
4.3,0.2647460109758973,6,0,-0.010407002134659837,0.6066666666666667,0.9831349113390697,0.5742778847886165,12.407087057648102,0.959911521115151,XLM-USD
4.3999999999999995,0.2647460109758973,6,0,-0.010407002134659837,0.6066666666666667,0.9831349113390697,0.5742778847886165,12.407087057648102,0.959911521115151,XLM-USD
4.5,0.2647460109758973,6,0,-0.010407002134659837,0.6066666666666667,0.9831349113390697,0.5742778847886165,12.407087057648102,0.959911521115151,XLM-USD
4.6,0.2647460109758973,6,0,-0.010407002134659837,0.6066666666666667,0.9831349113390697,0.5742778847886165,12.407087057648102,0.959911521115151,XLM-USD
4.7,0.2647460109758973,6,0,-0.010407002134659837,0.6066666666666667,0.9831349113390697,0.5742778847886165,12.407087057648102,0.959911521115151,XLM-USD
4.8,0.2647460109758973,6,0,-0.010407002134659837,0.6066666666666667,0.9831349113390697,0.5742778847886165,12.407087057648102,0.959911521115151,XLM-USD
4.9,0.2647460109758973,6,0,-0.010407002134659837,0.6066666666666667,0.9831349113390697,0.5742778847886165,12.407087057648102,0.959911521115151,XLM-USD
5.0,0.2647460109758973,6,0,-0.010407002134659837,0.6066666666666667,0.9831349113390697,0.5742778847886165,12.407087057648102,0.959911521115151,XLM-USD
0.1,0.49049336249218367,5,2,-0.016689915789983745,0.41333333333333333,0.9611883408071323,0.281690159127579,572856632.97693,0.9999935967502183,UNI-USD
0.2,0.49049336249218367,5,2,-0.016689915789983745,0.41333333333333333,0.9611883408071323,0.281690159127579,572856632.97693,0.9999935967502183,UNI-USD
0.30000000000000004,0.49049336249218367,5,2,-0.016689915789983745,0.41333333333333333,0.9611883408071323,0.281690159127579,572856632.97693,0.9999935967502183,UNI-USD
0.4,0.21389125749678822,5,1,0.08047303967880609,0.4266666666666667,1.2324509563592512,0.13783700133335894,31.884690995769095,0.9945052156466497,UNI-USD
0.5,0.21389125749678822,5,1,0.08047303967880609,0.4266666666666667,1.2324509563592512,0.13783700133335894,31.884690995769095,0.9945052156466497,UNI-USD
0.6,0.024520773685066388,4,0,-0.016689915789983745,0.41333333333333333,0.9611883408071323,0.281690159127579,74.98979295721408,0.9990248978820673,UNI-USD
0.7000000000000001,0.024520773685066388,4,0,-0.016689915789983745,0.41333333333333333,0.9611883408071323,0.281690159127579,74.98979295721408,0.9990248978820673,UNI-USD
0.8,0.024520773685066388,4,0,-0.016689915789983745,0.41333333333333333,0.9611883408071323,0.281690159127579,74.98979295721408,0.9990248978820673,UNI-USD
0.9,0.024520773685066388,4,0,-0.016689915789983745,0.41333333333333333,0.9611883408071323,0.281690159127579,74.98979295721408,0.9990248978820673,UNI-USD
1.0,0.024520773685066388,4,0,-0.016689915789983745,0.41333333333333333,0.9611883408071323,0.281690159127579,74.98979295721408,0.9990248978820673,UNI-USD
1.1,0.024520773685066388,4,0,-0.016689915789983745,0.41333333333333333,0.9611883408071323,0.281690159127579,74.98979295721408,0.9990248978820673,UNI-USD
1.2000000000000002,0.024520773685066388,4,0,-0.016689915789983745,0.41333333333333333,0.9611883408071323,0.281690159127579,74.98979295721408,0.9990248978820673,UNI-USD
1.3000000000000003,0.024520773685066388,4,0,-0.016689915789983745,0.41333333333333333,0.9611883408071323,0.281690159127579,74.98979295721408,0.9990248978820673,UNI-USD
1.4000000000000001,0.024520773685066388,4,0,-0.016689915789983745,0.41333333333333333,0.9611883408071323,0.281690159127579,74.98979295721408,0.9990248978820673,UNI-USD
1.5000000000000002,0.024520773685066388,4,0,-0.016689915789983745,0.41333333333333333,0.9611883408071323,0.281690159127579,74.98979295721408,0.9990248978820673,UNI-USD
1.6,0.024520773685066388,4,0,-0.016689915789983745,0.41333333333333333,0.9611883408071323,0.281690159127579,74.98979295721408,0.9990248978820673,UNI-USD
1.7000000000000002,0.024520773685066388,4,0,-0.016689915789983745,0.41333333333333333,0.9611883408071323,0.281690159127579,74.98979295721408,0.9990248978820673,UNI-USD
1.8000000000000003,0.024520773685066388,4,0,-0.016689915789983745,0.41333333333333333,0.9611883408071323,0.281690159127579,74.98979295721408,0.9990248978820673,UNI-USD
1.9000000000000001,0.024520773685066388,4,0,-0.016689915789983745,0.41333333333333333,0.9611883408071323,0.281690159127579,74.98979295721408,0.9990248978820673,UNI-USD
2.0,0.024520773685066388,4,0,-0.016689915789983745,0.41333333333333333,0.9611883408071323,0.281690159127579,74.98979295721408,0.9990248978820673,UNI-USD
2.1,0.024520773685066388,4,0,-0.016689915789983745,0.41333333333333333,0.9611883408071323,0.281690159127579,74.98979295721408,0.9990248978820673,UNI-USD
2.2,0.024520773685066388,4,0,-0.016689915789983745,0.41333333333333333,0.9611883408071323,0.281690159127579,74.98979295721408,0.9990248978820673,UNI-USD
2.3000000000000003,0.024520773685066388,4,0,-0.016689915789983745,0.41333333333333333,0.9611883408071323,0.281690159127579,74.98979295721408,0.9990248978820673,UNI-USD
2.4000000000000004,0.024520773685066388,4,0,-0.016689915789983745,0.41333333333333333,0.9611883408071323,0.281690159127579,74.98979295721408,0.9990248978820673,UNI-USD
2.5000000000000004,0.024520773685066388,4,0,-0.016689915789983745,0.41333333333333333,0.9611883408071323,0.281690159127579,74.98979295721408,0.9990248978820673,UNI-USD
2.6,0.024520773685066388,4,0,-0.016689915789983745,0.41333333333333333,0.9611883408071323,0.281690159127579,74.98979295721408,0.9990248978820673,UNI-USD
2.7,0.024520773685066388,4,0,-0.016689915789983745,0.41333333333333333,0.9611883408071323,0.281690159127579,74.98979295721408,0.9990248978820673,UNI-USD
2.8000000000000003,0.024520773685066388,4,0,-0.016689915789983745,0.41333333333333333,0.9611883408071323,0.281690159127579,74.98979295721408,0.9990248978820673,UNI-USD
2.9000000000000004,0.024520773685066388,4,0,-0.016689915789983745,0.41333333333333333,0.9611883408071323,0.281690159127579,74.98979295721408,0.9990248978820673,UNI-USD
3.0000000000000004,0.024520773685066388,4,0,-0.016689915789983745,0.41333333333333333,0.9611883408071323,0.281690159127579,74.98979295721408,0.9990248978820673,UNI-USD
3.1,0.024520773685066388,4,0,-0.016689915789983745,0.41333333333333333,0.9611883408071323,0.281690159127579,74.98979295721408,0.9990248978820673,UNI-USD
3.2,0.024520773685066388,4,0,-0.016689915789983745,0.41333333333333333,0.9611883408071323,0.281690159127579,74.98979295721408,0.9990248978820673,UNI-USD
3.3000000000000003,0.024520773685066388,4,0,-0.016689915789983745,0.41333333333333333,0.9611883408071323,0.281690159127579,74.98979295721408,0.9990248978820673,UNI-USD
3.4000000000000004,0.024520773685066388,4,0,-0.016689915789983745,0.41333333333333333,0.9611883408071323,0.281690159127579,74.98979295721408,0.9990248978820673,UNI-USD
3.5000000000000004,0.024520773685066388,4,0,-0.016689915789983745,0.41333333333333333,0.9611883408071323,0.281690159127579,74.98979295721408,0.9990248978820673,UNI-USD
3.6,0.024520773685066388,4,0,-0.016689915789983745,0.41333333333333333,0.9611883408071323,0.281690159127579,74.98979295721408,0.9990248978820673,UNI-USD
3.7,0.024520773685066388,4,0,-0.016689915789983745,0.41333333333333333,0.9611883408071323,0.281690159127579,74.98979295721408,0.9990248978820673,UNI-USD
3.8000000000000003,0.024520773685066388,4,0,-0.016689915789983745,0.41333333333333333,0.9611883408071323,0.281690159127579,74.98979295721408,0.9990248978820673,UNI-USD
3.9000000000000004,0.024520773685066388,4,0,-0.016689915789983745,0.41333333333333333,0.9611883408071323,0.281690159127579,74.98979295721408,0.9990248978820673,UNI-USD
4.0,0.024520773685066388,4,0,-0.016689915789983745,0.41333333333333333,0.9611883408071323,0.281690159127579,74.98979295721408,0.9990248978820673,UNI-USD
4.1,0.024520773685066388,4,0,-0.016689915789983745,0.41333333333333333,0.9611883408071323,0.281690159127579,74.98979295721408,0.9990248978820673,UNI-USD
4.2,0.024520773685066388,4,0,-0.016689915789983745,0.41333333333333333,0.9611883408071323,0.281690159127579,74.98979295721408,0.9990248978820673,UNI-USD
4.3,0.024520773685066388,4,0,-0.016689915789983745,0.41333333333333333,0.9611883408071323,0.281690159127579,74.98979295721408,0.9990248978820673,UNI-USD
4.3999999999999995,0.024520773685066388,4,0,-0.016689915789983745,0.41333333333333333,0.9611883408071323,0.281690159127579,74.98979295721408,0.9990248978820673,UNI-USD
4.5,0.024520773685066388,4,0,-0.016689915789983745,0.41333333333333333,0.9611883408071323,0.281690159127579,74.98979295721408,0.9990248978820673,UNI-USD
4.6,0.024520773685066388,4,0,-0.016689915789983745,0.41333333333333333,0.9611883408071323,0.281690159127579,74.98979295721408,0.9990248978820673,UNI-USD
4.7,0.024520773685066388,4,0,-0.016689915789983745,0.41333333333333333,0.9611883408071323,0.281690159127579,74.98979295721408,0.9990248978820673,UNI-USD
4.8,0.024520773685066388,4,0,-0.016689915789983745,0.41333333333333333,0.9611883408071323,0.281690159127579,74.98979295721408,0.9990248978820673,UNI-USD
4.9,0.024520773685066388,4,0,-0.016689915789983745,0.41333333333333333,0.9611883408071323,0.281690159127579,74.98979295721408,0.9990248978820673,UNI-USD
5.0,0.024520773685066388,4,0,-0.016689915789983745,0.41333333333333333,0.9611883408071323,0.281690159127579,74.98979295721408,0.9990248978820673,UNI-USD
0.1,0.9940324755847002,5,30,0.233046894794243,0.56,1.7127838551879866,0.2360741272258652,26.26755532318134,0.9485030779175256,BCH-USD
0.2,0.99672282611336,5,21,0.233046894794243,0.56,1.7127838551879866,0.2360741272258652,26.283866643221916,0.9485754885862365,BCH-USD
0.30000000000000004,0.5128673422487204,5,16,0.233046894794243,0.56,1.7127838551879866,0.2360741272258652,24.926219998900955,0.9425626189790046,BCH-USD
0.4,0.5200139668954854,5,12,0.233046894794243,0.56,1.7127838551879866,0.2360741272258652,24.94266465127079,0.9426363566265907,BCH-USD
0.5,0.4653034734626454,5,10,0.233046894794243,0.56,1.7127838551879866,0.2360741272258652,24.168539563989384,0.9391467722542902,BCH-USD
0.6,0.4224510097758678,5,7,0.233046894794243,0.56,1.7127838551879866,0.2360741272258652,23.403527312062252,0.9356644922313854,BCH-USD
0.7000000000000001,0.4224510097758678,5,7,0.233046894794243,0.56,1.7127838551879866,0.2360741272258652,23.403527312062252,0.9356644922313854,BCH-USD
0.8,0.4224510097758678,5,6,0.233046894794243,0.56,1.7127838551879866,0.2360741272258652,23.403527312062252,0.9356644922313854,BCH-USD
0.9,0.2379373941011918,5,4,0.233046894794243,0.56,1.7127838551879866,0.2360741272258652,25.271701497903297,0.9435401415033753,BCH-USD
1.0,0.2379373941011918,5,3,0.233046894794243,0.56,1.7127838551879866,0.2360741272258652,25.271701497903297,0.9435401415033753,BCH-USD
1.1,0.2379373941011918,5,3,0.233046894794243,0.56,1.7127838551879866,0.2360741272258652,25.271701497903297,0.9435401415033753,BCH-USD
1.2000000000000002,0.2379373941011918,5,2,0.233046894794243,0.56,1.7127838551879866,0.2360741272258652,25.271701497903297,0.9435401415033753,BCH-USD
1.3000000000000003,0.2379373941011918,5,2,0.233046894794243,0.56,1.7127838551879866,0.2360741272258652,25.271701497903297,0.9435401415033753,BCH-USD
1.4000000000000001,0.3367429610740033,6,0,0.233046894794243,0.56,1.7127838551879866,0.2360741272258652,36.07822198260462,0.9763365281730336,BCH-USD
1.5000000000000002,0.3367429610740033,6,0,0.233046894794243,0.56,1.7127838551879866,0.2360741272258652,36.07822198260462,0.9763365281730336,BCH-USD
1.6,0.3367429610740033,6,0,0.233046894794243,0.56,1.7127838551879866,0.2360741272258652,36.07822198260462,0.9763365281730336,BCH-USD
1.7000000000000002,0.3367429610740033,6,0,0.233046894794243,0.56,1.7127838551879866,0.2360741272258652,36.07822198260462,0.9763365281730336,BCH-USD
1.8000000000000003,0.3367429610740033,6,0,0.233046894794243,0.56,1.7127838551879866,0.2360741272258652,36.07822198260462,0.9763365281730336,BCH-USD
1.9000000000000001,0.3367429610740033,6,0,0.233046894794243,0.56,1.7127838551879866,0.2360741272258652,36.07822198260462,0.9763365281730336,BCH-USD
2.0,0.3367429610740033,6,0,0.233046894794243,0.56,1.7127838551879866,0.2360741272258652,36.07822198260462,0.9763365281730336,BCH-USD
2.1,0.3367429610740033,6,0,0.233046894794243,0.56,1.7127838551879866,0.2360741272258652,36.07822198260462,0.9763365281730336,BCH-USD
2.2,0.3367429610740033,6,0,0.233046894794243,0.56,1.7127838551879866,0.2360741272258652,36.07822198260462,0.9763365281730336,BCH-USD
2.3000000000000003,0.3367429610740033,6,0,0.233046894794243,0.56,1.7127838551879866,0.2360741272258652,36.07822198260462,0.9763365281730336,BCH-USD
2.4000000000000004,0.3367429610740033,6,0,0.233046894794243,0.56,1.7127838551879866,0.2360741272258652,36.07822198260462,0.9763365281730336,BCH-USD
2.5000000000000004,0.3367429610740033,6,0,0.233046894794243,0.56,1.7127838551879866,0.2360741272258652,36.07822198260462,0.9763365281730336,BCH-USD
2.6,0.3367429610740033,6,0,0.233046894794243,0.56,1.7127838551879866,0.2360741272258652,36.07822198260462,0.9763365281730336,BCH-USD
2.7,0.3367429610740033,6,0,0.233046894794243,0.56,1.7127838551879866,0.2360741272258652,36.07822198260462,0.9763365281730336,BCH-USD
2.8000000000000003,0.3367429610740033,6,0,0.233046894794243,0.56,1.7127838551879866,0.2360741272258652,36.07822198260462,0.9763365281730336,BCH-USD
2.9000000000000004,0.3367429610740033,6,0,0.233046894794243,0.56,1.7127838551879866,0.2360741272258652,36.07822198260462,0.9763365281730336,BCH-USD
3.0000000000000004,0.3367429610740033,6,0,0.233046894794243,0.56,1.7127838551879866,0.2360741272258652,36.07822198260462,0.9763365281730336,BCH-USD
3.1,0.3367429610740033,6,0,0.233046894794243,0.56,1.7127838551879866,0.2360741272258652,36.07822198260462,0.9763365281730336,BCH-USD
3.2,0.3367429610740033,6,0,0.233046894794243,0.56,1.7127838551879866,0.2360741272258652,36.07822198260462,0.9763365281730336,BCH-USD
3.3000000000000003,0.3367429610740033,6,0,0.233046894794243,0.56,1.7127838551879866,0.2360741272258652,36.07822198260462,0.9763365281730336,BCH-USD
3.4000000000000004,0.3367429610740033,6,0,0.233046894794243,0.56,1.7127838551879866,0.2360741272258652,36.07822198260462,0.9763365281730336,BCH-USD
3.5000000000000004,0.3367429610740033,6,0,0.233046894794243,0.56,1.7127838551879866,0.2360741272258652,36.07822198260462,0.9763365281730336,BCH-USD
3.6,0.3367429610740033,6,0,0.233046894794243,0.56,1.7127838551879866,0.2360741272258652,36.07822198260462,0.9763365281730336,BCH-USD
3.7,0.3367429610740033,6,0,0.233046894794243,0.56,1.7127838551879866,0.2360741272258652,36.07822198260462,0.9763365281730336,BCH-USD
3.8000000000000003,0.3367429610740033,6,0,0.233046894794243,0.56,1.7127838551879866,0.2360741272258652,36.07822198260462,0.9763365281730336,BCH-USD
3.9000000000000004,0.3367429610740033,6,0,0.233046894794243,0.56,1.7127838551879866,0.2360741272258652,36.07822198260462,0.9763365281730336,BCH-USD
4.0,0.3367429610740033,6,0,0.233046894794243,0.56,1.7127838551879866,0.2360741272258652,36.07822198260462,0.9763365281730336,BCH-USD
4.1,0.3367429610740033,6,0,0.233046894794243,0.56,1.7127838551879866,0.2360741272258652,36.07822198260462,0.9763365281730336,BCH-USD
4.2,0.3367429610740033,6,0,0.233046894794243,0.56,1.7127838551879866,0.2360741272258652,36.07822198260462,0.9763365281730336,BCH-USD
4.3,0.3367429610740033,6,0,0.233046894794243,0.56,1.7127838551879866,0.2360741272258652,36.07822198260462,0.9763365281730336,BCH-USD
4.3999999999999995,0.3367429610740033,6,0,0.233046894794243,0.56,1.7127838551879866,0.2360741272258652,36.07822198260462,0.9763365281730336,BCH-USD
4.5,0.3367429610740033,6,0,0.233046894794243,0.56,1.7127838551879866,0.2360741272258652,36.07822198260462,0.9763365281730336,BCH-USD
4.6,0.3367429610740033,6,0,0.233046894794243,0.56,1.7127838551879866,0.2360741272258652,36.07822198260462,0.9763365281730336,BCH-USD
4.7,0.3367429610740033,6,0,0.233046894794243,0.56,1.7127838551879866,0.2360741272258652,36.07822198260462,0.9763365281730336,BCH-USD
4.8,0.3367429610740033,6,0,0.233046894794243,0.56,1.7127838551879866,0.2360741272258652,36.07822198260462,0.9763365281730336,BCH-USD
4.9,0.3367429610740033,6,0,0.233046894794243,0.56,1.7127838551879866,0.2360741272258652,36.07822198260462,0.9763365281730336,BCH-USD
5.0,0.3367429610740033,6,0,0.233046894794243,0.56,1.7127838551879866,0.2360741272258652,36.07822198260462,0.9763365281730336,BCH-USD
0.1,0.05435055493976754,5,33,0.09277091736562398,0.52,1.2171456043993558,0.4443739605939823,17.094889376275507,0.970183977060945,FIL-USD
0.2,0.49979571345169205,5,28,0.09277091736562398,0.52,1.2171456043993558,0.4443739605939823,21.289153340115494,0.9811395649404597,FIL-USD
0.30000000000000004,0.49979571345169205,5,23,0.09277091736562398,0.52,1.2171456043993558,0.4443739605939823,21.289153340115494,0.9811395649404597,FIL-USD
0.4,0.4998921226189993,5,18,0.09277091736562398,0.52,1.2171456043993558,0.4443739605939823,21.28827043592465,0.9811381171520859,FIL-USD
0.5,0.4998921226189993,5,16,0.09277091736562398,0.52,1.2171456043993558,0.4443739605939823,21.28827043592465,0.9811381171520859,FIL-USD
0.6,0.5103521285290916,5,12,0.09277091736562398,0.52,1.2171456043993558,0.4443739605939823,21.266132546170223,0.9811017210242378,FIL-USD
0.7000000000000001,0.5103521285290916,5,10,0.09277091736562398,0.52,1.2171456043993558,0.4443739605939823,21.266132546170223,0.9811017210242378,FIL-USD
0.8,0.5103521285290916,5,7,0.09277091736562398,0.52,1.2171456043993558,0.4443739605939823,21.266132546170223,0.9811017210242378,FIL-USD
0.9,0.5103521285290916,5,5,0.09277091736562398,0.52,1.2171456043993558,0.4443739605939823,21.266132546170223,0.9811017210242378,FIL-USD
1.0,0.5103521285290916,5,4,0.09277091736562398,0.52,1.2171456043993558,0.4443739605939823,21.266132546170223,0.9811017210242378,FIL-USD
1.1,0.5103521285290916,5,4,0.09277091736562398,0.52,1.2171456043993558,0.4443739605939823,21.266132546170223,0.9811017210242378,FIL-USD
1.2000000000000002,0.5103521285290916,5,3,0.09277091736562398,0.52,1.2171456043993558,0.4443739605939823,21.266132546170223,0.9811017210242378,FIL-USD
1.3000000000000003,0.5103521285290916,5,3,0.09277091736562398,0.52,1.2171456043993558,0.4443739605939823,21.266132546170223,0.9811017210242378,FIL-USD
1.4000000000000001,0.5103521285290916,5,2,0.09277091736562398,0.52,1.2171456043993558,0.4443739605939823,21.266132546170223,0.9811017210242378,FIL-USD
1.5000000000000002,0.5103521285290916,5,2,0.09277091736562398,0.52,1.2171456043993558,0.4443739605939823,21.266132546170223,0.9811017210242378,FIL-USD
1.6,0.5103521285290916,5,2,0.09277091736562398,0.52,1.2171456043993558,0.4443739605939823,21.266132546170223,0.9811017210242378,FIL-USD
1.7000000000000002,0.5103521285290916,5,2,0.09277091736562398,0.52,1.2171456043993558,0.4443739605939823,21.266132546170223,0.9811017210242378,FIL-USD
1.8000000000000003,0.5103521285290916,5,2,0.09277091736562398,0.52,1.2171456043993558,0.4443739605939823,21.266132546170223,0.9811017210242378,FIL-USD
1.9000000000000001,0.5103521285290916,5,2,0.09277091736562398,0.52,1.2171456043993558,0.4443739605939823,21.266132546170223,0.9811017210242378,FIL-USD
2.0,0.5103521285290916,5,2,0.09277091736562398,0.52,1.2171456043993558,0.4443739605939823,21.266132546170223,0.9811017210242378,FIL-USD
2.1,0.5103521285290916,5,2,0.09277091736562398,0.52,1.2171456043993558,0.4443739605939823,21.266132546170223,0.9811017210242378,FIL-USD
2.2,0.5103521285290916,5,2,0.09277091736562398,0.52,1.2171456043993558,0.4443739605939823,21.266132546170223,0.9811017210242378,FIL-USD
2.3000000000000003,0.5103521285290916,5,1,0.09277091736562398,0.52,1.2171456043993558,0.4443739605939823,21.266132546170223,0.9811017210242378,FIL-USD
2.4000000000000004,0.5103521285290916,5,1,0.09277091736562398,0.52,1.2171456043993558,0.4443739605939823,21.266132546170223,0.9811017210242378,FIL-USD
2.5000000000000004,0.5103521285290916,5,1,0.09277091736562398,0.52,1.2171456043993558,0.4443739605939823,21.266132546170223,0.9811017210242378,FIL-USD
2.6,0.5103521285290916,5,1,0.09277091736562398,0.52,1.2171456043993558,0.4443739605939823,21.266132546170223,0.9811017210242378,FIL-USD
2.7,0.5103521285290916,5,1,0.09277091736562398,0.52,1.2171456043993558,0.4443739605939823,21.266132546170223,0.9811017210242378,FIL-USD
2.8000000000000003,0.5103521285290916,5,1,0.09277091736562398,0.52,1.2171456043993558,0.4443739605939823,21.266132546170223,0.9811017210242378,FIL-USD
2.9000000000000004,0.05435055493976754,5,0,0.09277091736562398,0.52,1.2171456043993558,0.4443739605939823,17.094889376275507,0.970183977060945,FIL-USD
3.0000000000000004,0.05435055493976754,5,0,0.09277091736562398,0.52,1.2171456043993558,0.4443739605939823,17.094889376275507,0.970183977060945,FIL-USD
3.1,0.05435055493976754,5,0,0.09277091736562398,0.52,1.2171456043993558,0.4443739605939823,17.094889376275507,0.970183977060945,FIL-USD
3.2,0.05435055493976754,5,0,0.09277091736562398,0.52,1.2171456043993558,0.4443739605939823,17.094889376275507,0.970183977060945,FIL-USD
3.3000000000000003,0.05435055493976754,5,0,0.09277091736562398,0.52,1.2171456043993558,0.4443739605939823,17.094889376275507,0.970183977060945,FIL-USD
3.4000000000000004,0.05435055493976754,5,0,0.09277091736562398,0.52,1.2171456043993558,0.4443739605939823,17.094889376275507,0.970183977060945,FIL-USD
3.5000000000000004,0.05435055493976754,5,0,0.09277091736562398,0.52,1.2171456043993558,0.4443739605939823,17.094889376275507,0.970183977060945,FIL-USD
3.6,0.05435055493976754,5,0,0.09277091736562398,0.52,1.2171456043993558,0.4443739605939823,17.094889376275507,0.970183977060945,FIL-USD
3.7,0.05435055493976754,5,0,0.09277091736562398,0.52,1.2171456043993558,0.4443739605939823,17.094889376275507,0.970183977060945,FIL-USD
3.8000000000000003,0.05435055493976754,5,0,0.09277091736562398,0.52,1.2171456043993558,0.4443739605939823,17.094889376275507,0.970183977060945,FIL-USD
3.9000000000000004,0.05435055493976754,5,0,0.09277091736562398,0.52,1.2171456043993558,0.4443739605939823,17.094889376275507,0.970183977060945,FIL-USD
4.0,0.05435055493976754,5,0,0.09277091736562398,0.52,1.2171456043993558,0.4443739605939823,17.094889376275507,0.970183977060945,FIL-USD
4.1,0.05435055493976754,5,0,0.09277091736562398,0.52,1.2171456043993558,0.4443739605939823,17.094889376275507,0.970183977060945,FIL-USD
4.2,0.05435055493976754,5,0,0.09277091736562398,0.52,1.2171456043993558,0.4443739605939823,17.094889376275507,0.970183977060945,FIL-USD
4.3,0.05435055493976754,5,0,0.09277091736562398,0.52,1.2171456043993558,0.4443739605939823,17.094889376275507,0.970183977060945,FIL-USD
4.3999999999999995,0.05435055493976754,5,0,0.09277091736562398,0.52,1.2171456043993558,0.4443739605939823,17.094889376275507,0.970183977060945,FIL-USD
4.5,0.05435055493976754,5,0,0.09277091736562398,0.52,1.2171456043993558,0.4443739605939823,17.094889376275507,0.970183977060945,FIL-USD
4.6,0.05435055493976754,5,0,0.09277091736562398,0.52,1.2171456043993558,0.4443739605939823,17.094889376275507,0.970183977060945,FIL-USD
4.7,0.05435055493976754,5,0,0.09277091736562398,0.52,1.2171456043993558,0.4443739605939823,17.094889376275507,0.970183977060945,FIL-USD
4.8,0.05435055493976754,5,0,0.09277091736562398,0.52,1.2171456043993558,0.4443739605939823,17.094889376275507,0.970183977060945,FIL-USD
4.9,0.05435055493976754,5,0,0.09277091736562398,0.52,1.2171456043993558,0.4443739605939823,17.094889376275507,0.970183977060945,FIL-USD
5.0,0.05435055493976754,5,0,0.09277091736562398,0.52,1.2171456043993558,0.4443739605939823,17.094889376275507,0.970183977060945,FIL-USD
0.1,0.3738981788829247,6,35,0.1315355184685314,0.5533333333333333,1.3118449499571074,0.26840502843658026,13.230946985878129,0.9759801653359895,ETC-USD
0.2,0.9996973594966216,5,28,0.1315355184685314,0.5533333333333333,1.3118449499571074,0.26840502843658026,23.994339091324747,0.9903364847566665,ETC-USD
0.30000000000000004,0.9996973594966216,5,20,0.1315355184685314,0.5533333333333333,1.3118449499571074,0.26840502843658026,23.994339091324747,0.9903364847566665,ETC-USD
0.4,0.9985991594325427,5,15,0.1315355184685314,0.5533333333333333,1.3118449499571074,0.26840502843658026,24.205920021667225,0.9904707862884808,ETC-USD
0.5,0.9985991594325427,5,14,0.1315355184685314,0.5533333333333333,1.3118449499571074,0.26840502843658026,24.205920021667225,0.9904707862884808,ETC-USD
0.6,0.9986190482479689,5,11,0.1315355184685314,0.5533333333333333,1.3118449499571074,0.26840502843658026,24.202857072903644,0.9904688966548842,ETC-USD
0.7000000000000001,0.9986190482479689,5,8,0.1315355184685314,0.5533333333333333,1.3118449499571074,0.26840502843658026,24.202857072903644,0.9904688966548842,ETC-USD
0.8,0.9877665685021765,6,5,0.1315355184685314,0.5533333333333333,1.3118449499571074,0.26840502843658026,23.217371958647128,0.9897775077735309,ETC-USD
0.9,0.9877665685021765,6,5,0.1315355184685314,0.5533333333333333,1.3118449499571074,0.26840502843658026,23.217371958647128,0.9897775077735309,ETC-USD
1.0,0.9877665685021765,6,4,0.1315355184685314,0.5533333333333333,1.3118449499571074,0.26840502843658026,23.217371958647128,0.9897775077735309,ETC-USD
1.1,0.9880586467905921,6,3,0.1315355184685314,0.5533333333333333,1.3118449499571074,0.26840502843658026,23.22253656884875,0.9897813187143581,ETC-USD
1.2000000000000002,0.9880586467905921,6,3,0.1315355184685314,0.5533333333333333,1.3118449499571074,0.26840502843658026,23.22253656884875,0.9897813187143581,ETC-USD
1.3000000000000003,0.5248793039203664,6,2,0.1315355184685314,0.5533333333333333,1.3118449499571074,0.26840502843658026,19.64259963919466,0.9870750824668595,ETC-USD
1.4000000000000001,0.5248793039203664,6,2,0.1315355184685314,0.5533333333333333,1.3118449499571074,0.26840502843658026,19.64259963919466,0.9870750824668595,ETC-USD
1.5000000000000002,0.5248793039203664,6,2,0.1315355184685314,0.5533333333333333,1.3118449499571074,0.26840502843658026,19.64259963919466,0.9870750824668595,ETC-USD
1.6,0.5248793039203664,6,2,0.1315355184685314,0.5533333333333333,1.3118449499571074,0.26840502843658026,19.64259963919466,0.9870750824668595,ETC-USD
1.7000000000000002,0.5248793039203664,6,2,0.1315355184685314,0.5533333333333333,1.3118449499571074,0.26840502843658026,19.64259963919466,0.9870750824668595,ETC-USD
1.8000000000000003,0.5248793039203664,6,2,0.1315355184685314,0.5533333333333333,1.3118449499571074,0.26840502843658026,19.64259963919466,0.9870750824668595,ETC-USD
1.9000000000000001,0.5248793039203664,6,2,0.1315355184685314,0.5533333333333333,1.3118449499571074,0.26840502843658026,19.64259963919466,0.9870750824668595,ETC-USD
2.0,0.5248793039203664,6,2,0.1315355184685314,0.5533333333333333,1.3118449499571074,0.26840502843658026,19.64259963919466,0.9870750824668595,ETC-USD
2.1,0.3210751790148589,6,1,0.1315355184685314,0.5533333333333333,1.3118449499571074,0.26840502843658026,15.768515831306077,0.9819139418130506,ETC-USD
2.2,0.3210751790148589,6,1,0.1315355184685314,0.5533333333333333,1.3118449499571074,0.26840502843658026,15.768515831306077,0.9819139418130506,ETC-USD
2.3000000000000003,0.3738981788829247,6,0,0.1315355184685314,0.5533333333333333,1.3118449499571074,0.26840502843658026,13.230946985878129,0.9759801653359895,ETC-USD
2.4000000000000004,0.3738981788829247,6,0,0.1315355184685314,0.5533333333333333,1.3118449499571074,0.26840502843658026,13.230946985878129,0.9759801653359895,ETC-USD
2.5000000000000004,0.3738981788829247,6,0,0.1315355184685314,0.5533333333333333,1.3118449499571074,0.26840502843658026,13.230946985878129,0.9759801653359895,ETC-USD
2.6,0.3738981788829247,6,0,0.1315355184685314,0.5533333333333333,1.3118449499571074,0.26840502843658026,13.230946985878129,0.9759801653359895,ETC-USD
2.7,0.3738981788829247,6,0,0.1315355184685314,0.5533333333333333,1.3118449499571074,0.26840502843658026,13.230946985878129,0.9759801653359895,ETC-USD
2.8000000000000003,0.3738981788829247,6,0,0.1315355184685314,0.5533333333333333,1.3118449499571074,0.26840502843658026,13.230946985878129,0.9759801653359895,ETC-USD
2.9000000000000004,0.3738981788829247,6,0,0.1315355184685314,0.5533333333333333,1.3118449499571074,0.26840502843658026,13.230946985878129,0.9759801653359895,ETC-USD
3.0000000000000004,0.3738981788829247,6,0,0.1315355184685314,0.5533333333333333,1.3118449499571074,0.26840502843658026,13.230946985878129,0.9759801653359895,ETC-USD
3.1,0.3738981788829247,6,0,0.1315355184685314,0.5533333333333333,1.3118449499571074,0.26840502843658026,13.230946985878129,0.9759801653359895,ETC-USD
3.2,0.3738981788829247,6,0,0.1315355184685314,0.5533333333333333,1.3118449499571074,0.26840502843658026,13.230946985878129,0.9759801653359895,ETC-USD
3.3000000000000003,0.3738981788829247,6,0,0.1315355184685314,0.5533333333333333,1.3118449499571074,0.26840502843658026,13.230946985878129,0.9759801653359895,ETC-USD
3.4000000000000004,0.3738981788829247,6,0,0.1315355184685314,0.5533333333333333,1.3118449499571074,0.26840502843658026,13.230946985878129,0.9759801653359895,ETC-USD
3.5000000000000004,0.3738981788829247,6,0,0.1315355184685314,0.5533333333333333,1.3118449499571074,0.26840502843658026,13.230946985878129,0.9759801653359895,ETC-USD
3.6,0.3738981788829247,6,0,0.1315355184685314,0.5533333333333333,1.3118449499571074,0.26840502843658026,13.230946985878129,0.9759801653359895,ETC-USD
3.7,0.3738981788829247,6,0,0.1315355184685314,0.5533333333333333,1.3118449499571074,0.26840502843658026,13.230946985878129,0.9759801653359895,ETC-USD
3.8000000000000003,0.3738981788829247,6,0,0.1315355184685314,0.5533333333333333,1.3118449499571074,0.26840502843658026,13.230946985878129,0.9759801653359895,ETC-USD
3.9000000000000004,0.3738981788829247,6,0,0.1315355184685314,0.5533333333333333,1.3118449499571074,0.26840502843658026,13.230946985878129,0.9759801653359895,ETC-USD
4.0,0.3738981788829247,6,0,0.1315355184685314,0.5533333333333333,1.3118449499571074,0.26840502843658026,13.230946985878129,0.9759801653359895,ETC-USD
4.1,0.3738981788829247,6,0,0.1315355184685314,0.5533333333333333,1.3118449499571074,0.26840502843658026,13.230946985878129,0.9759801653359895,ETC-USD
4.2,0.3738981788829247,6,0,0.1315355184685314,0.5533333333333333,1.3118449499571074,0.26840502843658026,13.230946985878129,0.9759801653359895,ETC-USD
4.3,0.3738981788829247,6,0,0.1315355184685314,0.5533333333333333,1.3118449499571074,0.26840502843658026,13.230946985878129,0.9759801653359895,ETC-USD
4.3999999999999995,0.3738981788829247,6,0,0.1315355184685314,0.5533333333333333,1.3118449499571074,0.26840502843658026,13.230946985878129,0.9759801653359895,ETC-USD
4.5,0.3738981788829247,6,0,0.1315355184685314,0.5533333333333333,1.3118449499571074,0.26840502843658026,13.230946985878129,0.9759801653359895,ETC-USD
4.6,0.3738981788829247,6,0,0.1315355184685314,0.5533333333333333,1.3118449499571074,0.26840502843658026,13.230946985878129,0.9759801653359895,ETC-USD
4.7,0.3738981788829247,6,0,0.1315355184685314,0.5533333333333333,1.3118449499571074,0.26840502843658026,13.230946985878129,0.9759801653359895,ETC-USD
4.8,0.3738981788829247,6,0,0.1315355184685314,0.5533333333333333,1.3118449499571074,0.26840502843658026,13.230946985878129,0.9759801653359895,ETC-USD
4.9,0.3738981788829247,6,0,0.1315355184685314,0.5533333333333333,1.3118449499571074,0.26840502843658026,13.230946985878129,0.9759801653359895,ETC-USD
5.0,0.3738981788829247,6,0,0.1315355184685314,0.5533333333333333,1.3118449499571074,0.26840502843658026,13.230946985878129,0.9759801653359895,ETC-USD
0.1,0.7554188121904792,6,35,0.20038034450004982,0.62,1.4775284996154656,0.20285066030301357,22.318892448641225,0.9841505477170525,VET-USD
0.2,0.7554188121904792,6,27,0.20038034450004982,0.62,1.4775284996154656,0.20285066030301357,22.318892448641225,0.9841505477170525,VET-USD
0.30000000000000004,0.9999998954743267,6,21,0.20038034450004982,0.62,1.4775284996154656,0.20285066030301357,24.663118151597832,0.9862517855522879,VET-USD
0.4,0.9999998954743267,6,14,0.20038034450004982,0.62,1.4775284996154656,0.20285066030301357,24.663118151597832,0.9862517855522879,VET-USD
0.5,0.9999998954743267,6,10,0.20038034450004982,0.62,1.4775284996154656,0.20285066030301357,24.663118151597832,0.9862517855522879,VET-USD
0.6,0.9992336391769107,6,6,0.20038034450004982,0.62,1.4775284996154656,0.20285066030301357,24.483269184353464,0.9860869632029372,VET-USD
0.7000000000000001,0.9992336391769107,6,5,0.20038034450004982,0.62,1.4775284996154656,0.20285066030301357,24.483269184353464,0.9860869632029372,VET-USD
0.8,0.9992336391769107,6,4,0.20038034450004982,0.62,1.4775284996154656,0.20285066030301357,24.483269184353464,0.9860869632029372,VET-USD
0.9,0.9992336391769107,6,3,0.20038034450004982,0.62,1.4775284996154656,0.20285066030301357,24.483269184353464,0.9860869632029372,VET-USD
1.0,0.9748460280749482,6,1,0.20038034450004982,0.62,1.4775284996154656,0.20285066030301357,23.600724225360665,0.985240995553124,VET-USD
1.1,0.9748460280749482,6,1,0.20038034450004982,0.62,1.4775284996154656,0.20285066030301357,23.600724225360665,0.985240995553124,VET-USD
1.2000000000000002,0.9748460280749482,6,1,0.20038034450004982,0.62,1.4775284996154656,0.20285066030301357,23.600724225360665,0.985240995553124,VET-USD
1.3000000000000003,0.9748460280749482,6,1,0.20038034450004982,0.62,1.4775284996154656,0.20285066030301357,23.600724225360665,0.985240995553124,VET-USD
1.4000000000000001,0.9748460280749482,6,1,0.20038034450004982,0.62,1.4775284996154656,0.20285066030301357,23.600724225360665,0.985240995553124,VET-USD
1.5000000000000002,0.9748460280749482,6,1,0.20038034450004982,0.62,1.4775284996154656,0.20285066030301357,23.600724225360665,0.985240995553124,VET-USD
1.6,0.9748460280749482,6,1,0.20038034450004982,0.62,1.4775284996154656,0.20285066030301357,23.600724225360665,0.985240995553124,VET-USD
1.7000000000000002,0.9748460280749482,6,1,0.20038034450004982,0.62,1.4775284996154656,0.20285066030301357,23.600724225360665,0.985240995553124,VET-USD
1.8000000000000003,0.9748460280749482,6,1,0.20038034450004982,0.62,1.4775284996154656,0.20285066030301357,23.600724225360665,0.985240995553124,VET-USD
1.9000000000000001,0.9748460280749482,6,1,0.20038034450004982,0.62,1.4775284996154656,0.20285066030301357,23.600724225360665,0.985240995553124,VET-USD
2.0,0.9748460280749482,6,1,0.20038034450004982,0.62,1.4775284996154656,0.20285066030301357,23.600724225360665,0.985240995553124,VET-USD
2.1,0.9748460280749482,6,1,0.20038034450004982,0.62,1.4775284996154656,0.20285066030301357,23.600724225360665,0.985240995553124,VET-USD
2.2,0.7554188121904792,6,0,0.20038034450004982,0.62,1.4775284996154656,0.20285066030301357,22.318892448641225,0.9841505477170525,VET-USD
2.3000000000000003,0.7554188121904792,6,0,0.20038034450004982,0.62,1.4775284996154656,0.20285066030301357,22.318892448641225,0.9841505477170525,VET-USD
2.4000000000000004,0.7554188121904792,6,0,0.20038034450004982,0.62,1.4775284996154656,0.20285066030301357,22.318892448641225,0.9841505477170525,VET-USD
2.5000000000000004,0.7554188121904792,6,0,0.20038034450004982,0.62,1.4775284996154656,0.20285066030301357,22.318892448641225,0.9841505477170525,VET-USD
2.6,0.7554188121904792,6,0,0.20038034450004982,0.62,1.4775284996154656,0.20285066030301357,22.318892448641225,0.9841505477170525,VET-USD
2.7,0.7554188121904792,6,0,0.20038034450004982,0.62,1.4775284996154656,0.20285066030301357,22.318892448641225,0.9841505477170525,VET-USD
2.8000000000000003,0.7554188121904792,6,0,0.20038034450004982,0.62,1.4775284996154656,0.20285066030301357,22.318892448641225,0.9841505477170525,VET-USD
2.9000000000000004,0.7554188121904792,6,0,0.20038034450004982,0.62,1.4775284996154656,0.20285066030301357,22.318892448641225,0.9841505477170525,VET-USD
3.0000000000000004,0.7554188121904792,6,0,0.20038034450004982,0.62,1.4775284996154656,0.20285066030301357,22.318892448641225,0.9841505477170525,VET-USD
3.1,0.7554188121904792,6,0,0.20038034450004982,0.62,1.4775284996154656,0.20285066030301357,22.318892448641225,0.9841505477170525,VET-USD
3.2,0.7554188121904792,6,0,0.20038034450004982,0.62,1.4775284996154656,0.20285066030301357,22.318892448641225,0.9841505477170525,VET-USD
3.3000000000000003,0.7554188121904792,6,0,0.20038034450004982,0.62,1.4775284996154656,0.20285066030301357,22.318892448641225,0.9841505477170525,VET-USD
3.4000000000000004,0.7554188121904792,6,0,0.20038034450004982,0.62,1.4775284996154656,0.20285066030301357,22.318892448641225,0.9841505477170525,VET-USD
3.5000000000000004,0.7554188121904792,6,0,0.20038034450004982,0.62,1.4775284996154656,0.20285066030301357,22.318892448641225,0.9841505477170525,VET-USD
3.6,0.7554188121904792,6,0,0.20038034450004982,0.62,1.4775284996154656,0.20285066030301357,22.318892448641225,0.9841505477170525,VET-USD
3.7,0.7554188121904792,6,0,0.20038034450004982,0.62,1.4775284996154656,0.20285066030301357,22.318892448641225,0.9841505477170525,VET-USD
3.8000000000000003,0.7554188121904792,6,0,0.20038034450004982,0.62,1.4775284996154656,0.20285066030301357,22.318892448641225,0.9841505477170525,VET-USD
3.9000000000000004,0.7554188121904792,6,0,0.20038034450004982,0.62,1.4775284996154656,0.20285066030301357,22.318892448641225,0.9841505477170525,VET-USD
4.0,0.7554188121904792,6,0,0.20038034450004982,0.62,1.4775284996154656,0.20285066030301357,22.318892448641225,0.9841505477170525,VET-USD
4.1,0.7554188121904792,6,0,0.20038034450004982,0.62,1.4775284996154656,0.20285066030301357,22.318892448641225,0.9841505477170525,VET-USD
4.2,0.7554188121904792,6,0,0.20038034450004982,0.62,1.4775284996154656,0.20285066030301357,22.318892448641225,0.9841505477170525,VET-USD
4.3,0.7554188121904792,6,0,0.20038034450004982,0.62,1.4775284996154656,0.20285066030301357,22.318892448641225,0.9841505477170525,VET-USD
4.3999999999999995,0.7554188121904792,6,0,0.20038034450004982,0.62,1.4775284996154656,0.20285066030301357,22.318892448641225,0.9841505477170525,VET-USD
4.5,0.7554188121904792,6,0,0.20038034450004982,0.62,1.4775284996154656,0.20285066030301357,22.318892448641225,0.9841505477170525,VET-USD
4.6,0.7554188121904792,6,0,0.20038034450004982,0.62,1.4775284996154656,0.20285066030301357,22.318892448641225,0.9841505477170525,VET-USD
4.7,0.7554188121904792,6,0,0.20038034450004982,0.62,1.4775284996154656,0.20285066030301357,22.318892448641225,0.9841505477170525,VET-USD
4.8,0.7554188121904792,6,0,0.20038034450004982,0.62,1.4775284996154656,0.20285066030301357,22.318892448641225,0.9841505477170525,VET-USD
4.9,0.7554188121904792,6,0,0.20038034450004982,0.62,1.4775284996154656,0.20285066030301357,22.318892448641225,0.9841505477170525,VET-USD
5.0,0.7554188121904792,6,0,0.20038034450004982,0.62,1.4775284996154656,0.20285066030301357,22.318892448641225,0.9841505477170525,VET-USD
0.1,0.09445022460863295,6,32,0.11307931554873957,0.58,1.2421809941481474,0.4674131318748504,28.490304682925053,0.9843326772800063,THETA-USD
0.2,0.09445022460863295,6,26,0.11307931554873957,0.58,1.2421809941481474,0.4674131318748504,28.490304682925053,0.9843326772800063,THETA-USD
0.30000000000000004,0.5742490539819767,5,19,0.11307931554873957,0.58,1.2421809941481474,0.4674131318748504,34.552922228699515,0.9875081553914931,THETA-USD
0.4,0.5742490539819767,5,14,0.11307931554873957,0.58,1.2421809941481474,0.4674131318748504,34.552922228699515,0.9875081553914931,THETA-USD
0.5,0.49945078773151425,4,7,0.11307931554873957,0.58,1.2421809941481474,0.4674131318748504,34.76482427997889,0.9876075564675316,THETA-USD
0.6,0.49945078773151425,4,6,0.11307931554873957,0.58,1.2421809941481474,0.4674131318748504,34.76482427997889,0.9876075564675316,THETA-USD
0.7000000000000001,0.49945078773151425,4,6,0.11307931554873957,0.58,1.2421809941481474,0.4674131318748504,34.76482427997889,0.9876075564675316,THETA-USD
0.8,0.49405560338050847,5,4,0.11307931554873957,0.58,1.2421809941481474,0.4674131318748504,35.185501883015206,0.9877908658654085,THETA-USD
0.9,0.45579882108378755,4,2,0.11307931554873957,0.58,1.2421809941481474,0.4674131318748504,36.33505312204336,0.9882607418823102,THETA-USD
1.0,0.45579882108378755,4,2,0.11307931554873957,0.58,1.2421809941481474,0.4674131318748504,36.33505312204336,0.9882607418823102,THETA-USD
1.1,0.45579882108378755,4,1,0.11307931554873957,0.58,1.2421809941481474,0.4674131318748504,36.33505312204336,0.9882607418823102,THETA-USD
1.2000000000000002,0.45579882108378755,4,1,0.11307931554873957,0.58,1.2421809941481474,0.4674131318748504,36.33505312204336,0.9882607418823102,THETA-USD
1.3000000000000003,0.45579882108378755,4,1,0.11307931554873957,0.58,1.2421809941481474,0.4674131318748504,36.33505312204336,0.9882607418823102,THETA-USD
1.4000000000000001,0.45579882108378755,4,1,0.11307931554873957,0.58,1.2421809941481474,0.4674131318748504,36.33505312204336,0.9882607418823102,THETA-USD
1.5000000000000002,0.45579882108378755,4,1,0.11307931554873957,0.58,1.2421809941481474,0.4674131318748504,36.33505312204336,0.9882607418823102,THETA-USD
1.6,0.09445022460863295,6,0,0.11307931554873957,0.58,1.2421809941481474,0.4674131318748504,28.490304682925053,0.9843326772800063,THETA-USD
1.7000000000000002,0.09445022460863295,6,0,0.11307931554873957,0.58,1.2421809941481474,0.4674131318748504,28.490304682925053,0.9843326772800063,THETA-USD
1.8000000000000003,0.09445022460863295,6,0,0.11307931554873957,0.58,1.2421809941481474,0.4674131318748504,28.490304682925053,0.9843326772800063,THETA-USD
1.9000000000000001,0.09445022460863295,6,0,0.11307931554873957,0.58,1.2421809941481474,0.4674131318748504,28.490304682925053,0.9843326772800063,THETA-USD
2.0,0.09445022460863295,6,0,0.11307931554873957,0.58,1.2421809941481474,0.4674131318748504,28.490304682925053,0.9843326772800063,THETA-USD
2.1,0.09445022460863295,6,0,0.11307931554873957,0.58,1.2421809941481474,0.4674131318748504,28.490304682925053,0.9843326772800063,THETA-USD
2.2,0.09445022460863295,6,0,0.11307931554873957,0.58,1.2421809941481474,0.4674131318748504,28.490304682925053,0.9843326772800063,THETA-USD
2.3000000000000003,0.09445022460863295,6,0,0.11307931554873957,0.58,1.2421809941481474,0.4674131318748504,28.490304682925053,0.9843326772800063,THETA-USD
2.4000000000000004,0.09445022460863295,6,0,0.11307931554873957,0.58,1.2421809941481474,0.4674131318748504,28.490304682925053,0.9843326772800063,THETA-USD
2.5000000000000004,0.09445022460863295,6,0,0.11307931554873957,0.58,1.2421809941481474,0.4674131318748504,28.490304682925053,0.9843326772800063,THETA-USD
2.6,0.09445022460863295,6,0,0.11307931554873957,0.58,1.2421809941481474,0.4674131318748504,28.490304682925053,0.9843326772800063,THETA-USD
2.7,0.09445022460863295,6,0,0.11307931554873957,0.58,1.2421809941481474,0.4674131318748504,28.490304682925053,0.9843326772800063,THETA-USD
2.8000000000000003,0.09445022460863295,6,0,0.11307931554873957,0.58,1.2421809941481474,0.4674131318748504,28.490304682925053,0.9843326772800063,THETA-USD
2.9000000000000004,0.09445022460863295,6,0,0.11307931554873957,0.58,1.2421809941481474,0.4674131318748504,28.490304682925053,0.9843326772800063,THETA-USD
3.0000000000000004,0.09445022460863295,6,0,0.11307931554873957,0.58,1.2421809941481474,0.4674131318748504,28.490304682925053,0.9843326772800063,THETA-USD
3.1,0.09445022460863295,6,0,0.11307931554873957,0.58,1.2421809941481474,0.4674131318748504,28.490304682925053,0.9843326772800063,THETA-USD
3.2,0.09445022460863295,6,0,0.11307931554873957,0.58,1.2421809941481474,0.4674131318748504,28.490304682925053,0.9843326772800063,THETA-USD
3.3000000000000003,0.09445022460863295,6,0,0.11307931554873957,0.58,1.2421809941481474,0.4674131318748504,28.490304682925053,0.9843326772800063,THETA-USD
3.4000000000000004,0.09445022460863295,6,0,0.11307931554873957,0.58,1.2421809941481474,0.4674131318748504,28.490304682925053,0.9843326772800063,THETA-USD
3.5000000000000004,0.09445022460863295,6,0,0.11307931554873957,0.58,1.2421809941481474,0.4674131318748504,28.490304682925053,0.9843326772800063,THETA-USD
3.6,0.09445022460863295,6,0,0.11307931554873957,0.58,1.2421809941481474,0.4674131318748504,28.490304682925053,0.9843326772800063,THETA-USD
3.7,0.09445022460863295,6,0,0.11307931554873957,0.58,1.2421809941481474,0.4674131318748504,28.490304682925053,0.9843326772800063,THETA-USD
3.8000000000000003,0.09445022460863295,6,0,0.11307931554873957,0.58,1.2421809941481474,0.4674131318748504,28.490304682925053,0.9843326772800063,THETA-USD
3.9000000000000004,0.09445022460863295,6,0,0.11307931554873957,0.58,1.2421809941481474,0.4674131318748504,28.490304682925053,0.9843326772800063,THETA-USD
4.0,0.09445022460863295,6,0,0.11307931554873957,0.58,1.2421809941481474,0.4674131318748504,28.490304682925053,0.9843326772800063,THETA-USD
4.1,0.09445022460863295,6,0,0.11307931554873957,0.58,1.2421809941481474,0.4674131318748504,28.490304682925053,0.9843326772800063,THETA-USD
4.2,0.09445022460863295,6,0,0.11307931554873957,0.58,1.2421809941481474,0.4674131318748504,28.490304682925053,0.9843326772800063,THETA-USD
4.3,0.09445022460863295,6,0,0.11307931554873957,0.58,1.2421809941481474,0.4674131318748504,28.490304682925053,0.9843326772800063,THETA-USD
4.3999999999999995,0.09445022460863295,6,0,0.11307931554873957,0.58,1.2421809941481474,0.4674131318748504,28.490304682925053,0.9843326772800063,THETA-USD
4.5,0.09445022460863295,6,0,0.11307931554873957,0.58,1.2421809941481474,0.4674131318748504,28.490304682925053,0.9843326772800063,THETA-USD
4.6,0.09445022460863295,6,0,0.11307931554873957,0.58,1.2421809941481474,0.4674131318748504,28.490304682925053,0.9843326772800063,THETA-USD
4.7,0.09445022460863295,6,0,0.11307931554873957,0.58,1.2421809941481474,0.4674131318748504,28.490304682925053,0.9843326772800063,THETA-USD
4.8,0.09445022460863295,6,0,0.11307931554873957,0.58,1.2421809941481474,0.4674131318748504,28.490304682925053,0.9843326772800063,THETA-USD
4.9,0.09445022460863295,6,0,0.11307931554873957,0.58,1.2421809941481474,0.4674131318748504,28.490304682925053,0.9843326772800063,THETA-USD
5.0,0.09445022460863295,6,0,0.11307931554873957,0.58,1.2421809941481474,0.4674131318748504,28.490304682925053,0.9843326772800063,THETA-USD
0.1,0.9999920727029823,5,33,0.184184847834789,0.54,1.5176419461453086,0.300435588625764,34.48752049137945,0.9918669030974117,EOS-USD
0.2,0.5829374008860972,5,26,0.184184847834789,0.54,1.5176419461453086,0.300435588625764,31.541873676620867,0.9904148518483102,EOS-USD
0.30000000000000004,0.5829374008860972,5,22,0.184184847834789,0.54,1.5176419461453086,0.300435588625764,31.541873676620867,0.9904148518483102,EOS-USD
0.4,0.9998460904622909,5,18,0.184184847834789,0.54,1.5176419461453086,0.300435588625764,34.53517319228216,0.9918848455629257,EOS-USD
0.5,0.9998460904622909,5,11,0.184184847834789,0.54,1.5176419461453086,0.300435588625764,34.53517319228216,0.9918848455629257,EOS-USD
0.6,0.9998460904622909,5,9,0.184184847834789,0.54,1.5176419461453086,0.300435588625764,34.53517319228216,0.9918848455629257,EOS-USD
0.7000000000000001,0.9998460904622909,5,7,0.184184847834789,0.54,1.5176419461453086,0.300435588625764,34.53517319228216,0.9918848455629257,EOS-USD
0.8,0.9999619707607239,6,6,0.184184847834789,0.54,1.5176419461453086,0.300435588625764,34.496251431138965,0.9918696275107821,EOS-USD
0.9,0.9999624247882757,6,6,0.184184847834789,0.54,1.5176419461453086,0.300435588625764,34.49595073920542,0.9918695154607988,EOS-USD
1.0,0.9998460971826145,6,5,0.184184847834789,0.54,1.5176419461453086,0.300435588625764,34.552933198546995,0.9918905668794394,EOS-USD
1.1,0.9998460971826145,6,3,0.184184847834789,0.54,1.5176419461453086,0.300435588625764,34.552933198546995,0.9918905668794394,EOS-USD
1.2000000000000002,0.999109630427068,6,2,0.184184847834789,0.54,1.5176419461453086,0.300435588625764,34.74047749817075,0.9919573780238233,EOS-USD
1.3000000000000003,0.999109630427068,6,2,0.184184847834789,0.54,1.5176419461453086,0.300435588625764,34.74047749817075,0.9919573780238233,EOS-USD
1.4000000000000001,0.999109630427068,6,2,0.184184847834789,0.54,1.5176419461453086,0.300435588625764,34.74047749817075,0.9919573780238233,EOS-USD
1.5000000000000002,0.999109630427068,6,2,0.184184847834789,0.54,1.5176419461453086,0.300435588625764,34.74047749817075,0.9919573780238233,EOS-USD
1.6,0.999109630427068,6,2,0.184184847834789,0.54,1.5176419461453086,0.300435588625764,34.74047749817075,0.9919573780238233,EOS-USD
1.7000000000000002,0.5829374008860972,5,0,0.184184847834789,0.54,1.5176419461453086,0.300435588625764,31.541873676620867,0.9904148518483102,EOS-USD
1.8000000000000003,0.5829374008860972,5,0,0.184184847834789,0.54,1.5176419461453086,0.300435588625764,31.541873676620867,0.9904148518483102,EOS-USD
1.9000000000000001,0.5829374008860972,5,0,0.184184847834789,0.54,1.5176419461453086,0.300435588625764,31.541873676620867,0.9904148518483102,EOS-USD
2.0,0.5829374008860972,5,0,0.184184847834789,0.54,1.5176419461453086,0.300435588625764,31.541873676620867,0.9904148518483102,EOS-USD
2.1,0.5829374008860972,5,0,0.184184847834789,0.54,1.5176419461453086,0.300435588625764,31.541873676620867,0.9904148518483102,EOS-USD
2.2,0.5829374008860972,5,0,0.184184847834789,0.54,1.5176419461453086,0.300435588625764,31.541873676620867,0.9904148518483102,EOS-USD
2.3000000000000003,0.5829374008860972,5,0,0.184184847834789,0.54,1.5176419461453086,0.300435588625764,31.541873676620867,0.9904148518483102,EOS-USD
2.4000000000000004,0.5829374008860972,5,0,0.184184847834789,0.54,1.5176419461453086,0.300435588625764,31.541873676620867,0.9904148518483102,EOS-USD
2.5000000000000004,0.5829374008860972,5,0,0.184184847834789,0.54,1.5176419461453086,0.300435588625764,31.541873676620867,0.9904148518483102,EOS-USD
2.6,0.5829374008860972,5,0,0.184184847834789,0.54,1.5176419461453086,0.300435588625764,31.541873676620867,0.9904148518483102,EOS-USD
2.7,0.5829374008860972,5,0,0.184184847834789,0.54,1.5176419461453086,0.300435588625764,31.541873676620867,0.9904148518483102,EOS-USD
2.8000000000000003,0.5829374008860972,5,0,0.184184847834789,0.54,1.5176419461453086,0.300435588625764,31.541873676620867,0.9904148518483102,EOS-USD
2.9000000000000004,0.5829374008860972,5,0,0.184184847834789,0.54,1.5176419461453086,0.300435588625764,31.541873676620867,0.9904148518483102,EOS-USD
3.0000000000000004,0.5829374008860972,5,0,0.184184847834789,0.54,1.5176419461453086,0.300435588625764,31.541873676620867,0.9904148518483102,EOS-USD
3.1,0.5829374008860972,5,0,0.184184847834789,0.54,1.5176419461453086,0.300435588625764,31.541873676620867,0.9904148518483102,EOS-USD
3.2,0.5829374008860972,5,0,0.184184847834789,0.54,1.5176419461453086,0.300435588625764,31.541873676620867,0.9904148518483102,EOS-USD
3.3000000000000003,0.5829374008860972,5,0,0.184184847834789,0.54,1.5176419461453086,0.300435588625764,31.541873676620867,0.9904148518483102,EOS-USD
3.4000000000000004,0.5829374008860972,5,0,0.184184847834789,0.54,1.5176419461453086,0.300435588625764,31.541873676620867,0.9904148518483102,EOS-USD
3.5000000000000004,0.5829374008860972,5,0,0.184184847834789,0.54,1.5176419461453086,0.300435588625764,31.541873676620867,0.9904148518483102,EOS-USD
3.6,0.5829374008860972,5,0,0.184184847834789,0.54,1.5176419461453086,0.300435588625764,31.541873676620867,0.9904148518483102,EOS-USD
3.7,0.5829374008860972,5,0,0.184184847834789,0.54,1.5176419461453086,0.300435588625764,31.541873676620867,0.9904148518483102,EOS-USD
3.8000000000000003,0.5829374008860972,5,0,0.184184847834789,0.54,1.5176419461453086,0.300435588625764,31.541873676620867,0.9904148518483102,EOS-USD
3.9000000000000004,0.5829374008860972,5,0,0.184184847834789,0.54,1.5176419461453086,0.300435588625764,31.541873676620867,0.9904148518483102,EOS-USD
4.0,0.5829374008860972,5,0,0.184184847834789,0.54,1.5176419461453086,0.300435588625764,31.541873676620867,0.9904148518483102,EOS-USD
4.1,0.5829374008860972,5,0,0.184184847834789,0.54,1.5176419461453086,0.300435588625764,31.541873676620867,0.9904148518483102,EOS-USD
4.2,0.5829374008860972,5,0,0.184184847834789,0.54,1.5176419461453086,0.300435588625764,31.541873676620867,0.9904148518483102,EOS-USD
4.3,0.5829374008860972,5,0,0.184184847834789,0.54,1.5176419461453086,0.300435588625764,31.541873676620867,0.9904148518483102,EOS-USD
4.3999999999999995,0.5829374008860972,5,0,0.184184847834789,0.54,1.5176419461453086,0.300435588625764,31.541873676620867,0.9904148518483102,EOS-USD
4.5,0.5829374008860972,5,0,0.184184847834789,0.54,1.5176419461453086,0.300435588625764,31.541873676620867,0.9904148518483102,EOS-USD
4.6,0.5829374008860972,5,0,0.184184847834789,0.54,1.5176419461453086,0.300435588625764,31.541873676620867,0.9904148518483102,EOS-USD
4.7,0.5829374008860972,5,0,0.184184847834789,0.54,1.5176419461453086,0.300435588625764,31.541873676620867,0.9904148518483102,EOS-USD
4.8,0.5829374008860972,5,0,0.184184847834789,0.54,1.5176419461453086,0.300435588625764,31.541873676620867,0.9904148518483102,EOS-USD
4.9,0.5829374008860972,5,0,0.184184847834789,0.54,1.5176419461453086,0.300435588625764,31.541873676620867,0.9904148518483102,EOS-USD
5.0,0.5829374008860972,5,0,0.184184847834789,0.54,1.5176419461453086,0.300435588625764,31.541873676620867,0.9904148518483102,EOS-USD
0.1,0.4999998237745966,4,31,0.20119727159159645,0.6,1.5045032474942237,0.1752016158425346,40.58241560851034,0.9698905016067074,XTZ-USD
0.2,0.44061009793498107,6,22,0.20119727159159645,0.6,1.5045032474942237,0.1752016158425346,46.029664829481156,0.9767693707985285,XTZ-USD
0.30000000000000004,0.44061009793498107,6,16,0.20119727159159645,0.6,1.5045032474942237,0.1752016158425346,46.029664829481156,0.9767693707985285,XTZ-USD
0.4,0.44061009793498107,6,14,0.20119727159159645,0.6,1.5045032474942237,0.1752016158425346,46.029664829481156,0.9767693707985285,XTZ-USD
0.5,0.48269094188396205,4,9,0.20119727159159645,0.6,1.5045032474942237,0.1752016158425346,41.07989274528144,0.9705180056479977,XTZ-USD
0.6,0.48269094188396205,4,7,0.20119727159159645,0.6,1.5045032474942237,0.1752016158425346,41.07989274528144,0.9705180056479977,XTZ-USD
0.7000000000000001,0.48269094188396205,4,6,0.20119727159159645,0.6,1.5045032474942237,0.1752016158425346,41.07989274528144,0.9705180056479977,XTZ-USD
0.8,0.48269094188396205,4,5,0.20119727159159645,0.6,1.5045032474942237,0.1752016158425346,41.07989274528144,0.9705180056479977,XTZ-USD
0.9,0.9367899874701986,5,2,0.20119727159159645,0.6,1.5045032474942237,0.1752016158425346,39.2705799583273,0.968326937660591,XTZ-USD
1.0,0.9367899874701986,5,2,0.20119727159159645,0.6,1.5045032474942237,0.1752016158425346,39.2705799583273,0.968326937660591,XTZ-USD
1.1,0.01940896933039382,4,1,0.20119727159159645,0.6,1.5045032474942237,0.1752016158425346,46.160941972489525,0.9769140527201632,XTZ-USD
1.2000000000000002,0.01940896933039382,4,1,0.20119727159159645,0.6,1.5045032474942237,0.1752016158425346,46.160941972489525,0.9769140527201632,XTZ-USD
1.3000000000000003,0.01940896933039382,4,1,0.20119727159159645,0.6,1.5045032474942237,0.1752016158425346,46.160941972489525,0.9769140527201632,XTZ-USD
1.4000000000000001,0.01940896933039382,4,1,0.20119727159159645,0.6,1.5045032474942237,0.1752016158425346,46.160941972489525,0.9769140527201632,XTZ-USD
1.5000000000000002,0.01940896933039382,4,1,0.20119727159159645,0.6,1.5045032474942237,0.1752016158425346,46.160941972489525,0.9769140527201632,XTZ-USD
1.6,0.44061009793498107,6,0,0.20119727159159645,0.6,1.5045032474942237,0.1752016158425346,46.029664829481156,0.9767693707985285,XTZ-USD
1.7000000000000002,0.44061009793498107,6,0,0.20119727159159645,0.6,1.5045032474942237,0.1752016158425346,46.029664829481156,0.9767693707985285,XTZ-USD
1.8000000000000003,0.44061009793498107,6,0,0.20119727159159645,0.6,1.5045032474942237,0.1752016158425346,46.029664829481156,0.9767693707985285,XTZ-USD
1.9000000000000001,0.44061009793498107,6,0,0.20119727159159645,0.6,1.5045032474942237,0.1752016158425346,46.029664829481156,0.9767693707985285,XTZ-USD
2.0,0.44061009793498107,6,0,0.20119727159159645,0.6,1.5045032474942237,0.1752016158425346,46.029664829481156,0.9767693707985285,XTZ-USD
2.1,0.44061009793498107,6,0,0.20119727159159645,0.6,1.5045032474942237,0.1752016158425346,46.029664829481156,0.9767693707985285,XTZ-USD
2.2,0.44061009793498107,6,0,0.20119727159159645,0.6,1.5045032474942237,0.1752016158425346,46.029664829481156,0.9767693707985285,XTZ-USD
2.3000000000000003,0.44061009793498107,6,0,0.20119727159159645,0.6,1.5045032474942237,0.1752016158425346,46.029664829481156,0.9767693707985285,XTZ-USD
2.4000000000000004,0.44061009793498107,6,0,0.20119727159159645,0.6,1.5045032474942237,0.1752016158425346,46.029664829481156,0.9767693707985285,XTZ-USD
2.5000000000000004,0.44061009793498107,6,0,0.20119727159159645,0.6,1.5045032474942237,0.1752016158425346,46.029664829481156,0.9767693707985285,XTZ-USD
2.6,0.44061009793498107,6,0,0.20119727159159645,0.6,1.5045032474942237,0.1752016158425346,46.029664829481156,0.9767693707985285,XTZ-USD
2.7,0.44061009793498107,6,0,0.20119727159159645,0.6,1.5045032474942237,0.1752016158425346,46.029664829481156,0.9767693707985285,XTZ-USD
2.8000000000000003,0.44061009793498107,6,0,0.20119727159159645,0.6,1.5045032474942237,0.1752016158425346,46.029664829481156,0.9767693707985285,XTZ-USD
2.9000000000000004,0.44061009793498107,6,0,0.20119727159159645,0.6,1.5045032474942237,0.1752016158425346,46.029664829481156,0.9767693707985285,XTZ-USD
3.0000000000000004,0.44061009793498107,6,0,0.20119727159159645,0.6,1.5045032474942237,0.1752016158425346,46.029664829481156,0.9767693707985285,XTZ-USD
3.1,0.44061009793498107,6,0,0.20119727159159645,0.6,1.5045032474942237,0.1752016158425346,46.029664829481156,0.9767693707985285,XTZ-USD
3.2,0.44061009793498107,6,0,0.20119727159159645,0.6,1.5045032474942237,0.1752016158425346,46.029664829481156,0.9767693707985285,XTZ-USD
3.3000000000000003,0.44061009793498107,6,0,0.20119727159159645,0.6,1.5045032474942237,0.1752016158425346,46.029664829481156,0.9767693707985285,XTZ-USD
3.4000000000000004,0.44061009793498107,6,0,0.20119727159159645,0.6,1.5045032474942237,0.1752016158425346,46.029664829481156,0.9767693707985285,XTZ-USD
3.5000000000000004,0.44061009793498107,6,0,0.20119727159159645,0.6,1.5045032474942237,0.1752016158425346,46.029664829481156,0.9767693707985285,XTZ-USD
3.6,0.44061009793498107,6,0,0.20119727159159645,0.6,1.5045032474942237,0.1752016158425346,46.029664829481156,0.9767693707985285,XTZ-USD
3.7,0.44061009793498107,6,0,0.20119727159159645,0.6,1.5045032474942237,0.1752016158425346,46.029664829481156,0.9767693707985285,XTZ-USD
3.8000000000000003,0.44061009793498107,6,0,0.20119727159159645,0.6,1.5045032474942237,0.1752016158425346,46.029664829481156,0.9767693707985285,XTZ-USD
3.9000000000000004,0.44061009793498107,6,0,0.20119727159159645,0.6,1.5045032474942237,0.1752016158425346,46.029664829481156,0.9767693707985285,XTZ-USD
4.0,0.44061009793498107,6,0,0.20119727159159645,0.6,1.5045032474942237,0.1752016158425346,46.029664829481156,0.9767693707985285,XTZ-USD
4.1,0.44061009793498107,6,0,0.20119727159159645,0.6,1.5045032474942237,0.1752016158425346,46.029664829481156,0.9767693707985285,XTZ-USD
4.2,0.44061009793498107,6,0,0.20119727159159645,0.6,1.5045032474942237,0.1752016158425346,46.029664829481156,0.9767693707985285,XTZ-USD
4.3,0.44061009793498107,6,0,0.20119727159159645,0.6,1.5045032474942237,0.1752016158425346,46.029664829481156,0.9767693707985285,XTZ-USD
4.3999999999999995,0.44061009793498107,6,0,0.20119727159159645,0.6,1.5045032474942237,0.1752016158425346,46.029664829481156,0.9767693707985285,XTZ-USD
4.5,0.44061009793498107,6,0,0.20119727159159645,0.6,1.5045032474942237,0.1752016158425346,46.029664829481156,0.9767693707985285,XTZ-USD
4.6,0.44061009793498107,6,0,0.20119727159159645,0.6,1.5045032474942237,0.1752016158425346,46.029664829481156,0.9767693707985285,XTZ-USD
4.7,0.44061009793498107,6,0,0.20119727159159645,0.6,1.5045032474942237,0.1752016158425346,46.029664829481156,0.9767693707985285,XTZ-USD
4.8,0.44061009793498107,6,0,0.20119727159159645,0.6,1.5045032474942237,0.1752016158425346,46.029664829481156,0.9767693707985285,XTZ-USD
4.9,0.44061009793498107,6,0,0.20119727159159645,0.6,1.5045032474942237,0.1752016158425346,46.029664829481156,0.9767693707985285,XTZ-USD
5.0,0.44061009793498107,6,0,0.20119727159159645,0.6,1.5045032474942237,0.1752016158425346,46.029664829481156,0.9767693707985285,XTZ-USD
0.1,0.9999856771990814,5,32,0.0318272127243609,0.5133333333333333,1.0660992900445552,0.6531733264750464,46.95318869582692,0.9767114551535405,MATIC-USD
0.2,0.9999866425512195,5,28,0.0318272127243609,0.5133333333333333,1.0660992900445552,0.6531733264750464,46.952764329565746,0.9767116116136149,MATIC-USD
0.30000000000000004,0.9998796937466128,5,18,0.0318272127243609,0.5133333333333333,1.0660992900445552,0.6531733264750464,46.97971242185179,0.9767023277794583,MATIC-USD
0.4,0.9998796937466128,5,15,0.0318272127243609,0.5133333333333333,1.0660992900445552,0.6531733264750464,46.97971242185179,0.9767023277794583,MATIC-USD
0.5,0.9998796937466128,5,13,0.0318272127243609,0.5133333333333333,1.0660992900445552,0.6531733264750464,46.97971242185179,0.9767023277794583,MATIC-USD
0.6,0.9998796937466128,5,9,0.0318272127243609,0.5133333333333333,1.0660992900445552,0.6531733264750464,46.97971242185179,0.9767023277794583,MATIC-USD
0.7000000000000001,0.9988627502217062,6,8,0.0318272127243609,0.5133333333333333,1.0660992900445552,0.6531733264750464,47.05859349224022,0.9766804606802033,MATIC-USD
0.8,0.9988627502217062,6,7,0.0318272127243609,0.5133333333333333,1.0660992900445552,0.6531733264750464,47.05859349224022,0.9766804606802033,MATIC-USD
0.9,0.9905754051223263,5,5,0.0318272127243609,0.5133333333333333,1.0660992900445552,0.6531733264750464,47.51231150721084,0.9765584470582672,MATIC-USD
1.0,0.9905754051223263,5,4,0.0318272127243609,0.5133333333333333,1.0660992900445552,0.6531733264750464,47.51231150721084,0.9765584470582672,MATIC-USD
1.1,0.9905754051223263,5,4,0.0318272127243609,0.5133333333333333,1.0660992900445552,0.6531733264750464,47.51231150721084,0.9765584470582672,MATIC-USD
1.2000000000000002,0.9905754051223263,5,3,0.0318272127243609,0.5133333333333333,1.0660992900445552,0.6531733264750464,47.51231150721084,0.9765584470582672,MATIC-USD
1.3000000000000003,0.994443115933205,5,2,0.0318272127243609,0.5133333333333333,1.0660992900445552,0.6531733264750464,47.47217764481318,0.9765700910230247,MATIC-USD
1.4000000000000001,0.8964750026922906,5,1,0.0318272127243609,0.5133333333333333,1.0660992900445552,0.6531733264750464,48.16508640998793,0.9763931588490073,MATIC-USD
1.5000000000000002,0.8964750026922906,5,1,0.0318272127243609,0.5133333333333333,1.0660992900445552,0.6531733264750464,48.16508640998793,0.9763931588490073,MATIC-USD
1.6,0.8964750026922906,5,1,0.0318272127243609,0.5133333333333333,1.0660992900445552,0.6531733264750464,48.16508640998793,0.9763931588490073,MATIC-USD
1.7000000000000002,0.8964750026922906,5,1,0.0318272127243609,0.5133333333333333,1.0660992900445552,0.6531733264750464,48.16508640998793,0.9763931588490073,MATIC-USD
1.8000000000000003,0.30796703126017216,6,0,0.0318272127243609,0.5133333333333333,1.0660992900445552,0.6531733264750464,43.49869904422531,0.9775619429778851,MATIC-USD
1.9000000000000001,0.30796703126017216,6,0,0.0318272127243609,0.5133333333333333,1.0660992900445552,0.6531733264750464,43.49869904422531,0.9775619429778851,MATIC-USD
2.0,0.30796703126017216,6,0,0.0318272127243609,0.5133333333333333,1.0660992900445552,0.6531733264750464,43.49869904422531,0.9775619429778851,MATIC-USD
2.1,0.30796703126017216,6,0,0.0318272127243609,0.5133333333333333,1.0660992900445552,0.6531733264750464,43.49869904422531,0.9775619429778851,MATIC-USD
2.2,0.30796703126017216,6,0,0.0318272127243609,0.5133333333333333,1.0660992900445552,0.6531733264750464,43.49869904422531,0.9775619429778851,MATIC-USD
2.3000000000000003,0.30796703126017216,6,0,0.0318272127243609,0.5133333333333333,1.0660992900445552,0.6531733264750464,43.49869904422531,0.9775619429778851,MATIC-USD
2.4000000000000004,0.30796703126017216,6,0,0.0318272127243609,0.5133333333333333,1.0660992900445552,0.6531733264750464,43.49869904422531,0.9775619429778851,MATIC-USD
2.5000000000000004,0.30796703126017216,6,0,0.0318272127243609,0.5133333333333333,1.0660992900445552,0.6531733264750464,43.49869904422531,0.9775619429778851,MATIC-USD
2.6,0.30796703126017216,6,0,0.0318272127243609,0.5133333333333333,1.0660992900445552,0.6531733264750464,43.49869904422531,0.9775619429778851,MATIC-USD
2.7,0.30796703126017216,6,0,0.0318272127243609,0.5133333333333333,1.0660992900445552,0.6531733264750464,43.49869904422531,0.9775619429778851,MATIC-USD
2.8000000000000003,0.30796703126017216,6,0,0.0318272127243609,0.5133333333333333,1.0660992900445552,0.6531733264750464,43.49869904422531,0.9775619429778851,MATIC-USD
2.9000000000000004,0.30796703126017216,6,0,0.0318272127243609,0.5133333333333333,1.0660992900445552,0.6531733264750464,43.49869904422531,0.9775619429778851,MATIC-USD
3.0000000000000004,0.30796703126017216,6,0,0.0318272127243609,0.5133333333333333,1.0660992900445552,0.6531733264750464,43.49869904422531,0.9775619429778851,MATIC-USD
3.1,0.30796703126017216,6,0,0.0318272127243609,0.5133333333333333,1.0660992900445552,0.6531733264750464,43.49869904422531,0.9775619429778851,MATIC-USD
3.2,0.30796703126017216,6,0,0.0318272127243609,0.5133333333333333,1.0660992900445552,0.6531733264750464,43.49869904422531,0.9775619429778851,MATIC-USD
3.3000000000000003,0.30796703126017216,6,0,0.0318272127243609,0.5133333333333333,1.0660992900445552,0.6531733264750464,43.49869904422531,0.9775619429778851,MATIC-USD
3.4000000000000004,0.30796703126017216,6,0,0.0318272127243609,0.5133333333333333,1.0660992900445552,0.6531733264750464,43.49869904422531,0.9775619429778851,MATIC-USD
3.5000000000000004,0.30796703126017216,6,0,0.0318272127243609,0.5133333333333333,1.0660992900445552,0.6531733264750464,43.49869904422531,0.9775619429778851,MATIC-USD
3.6,0.30796703126017216,6,0,0.0318272127243609,0.5133333333333333,1.0660992900445552,0.6531733264750464,43.49869904422531,0.9775619429778851,MATIC-USD
3.7,0.30796703126017216,6,0,0.0318272127243609,0.5133333333333333,1.0660992900445552,0.6531733264750464,43.49869904422531,0.9775619429778851,MATIC-USD
3.8000000000000003,0.30796703126017216,6,0,0.0318272127243609,0.5133333333333333,1.0660992900445552,0.6531733264750464,43.49869904422531,0.9775619429778851,MATIC-USD
3.9000000000000004,0.30796703126017216,6,0,0.0318272127243609,0.5133333333333333,1.0660992900445552,0.6531733264750464,43.49869904422531,0.9775619429778851,MATIC-USD
4.0,0.30796703126017216,6,0,0.0318272127243609,0.5133333333333333,1.0660992900445552,0.6531733264750464,43.49869904422531,0.9775619429778851,MATIC-USD
4.1,0.30796703126017216,6,0,0.0318272127243609,0.5133333333333333,1.0660992900445552,0.6531733264750464,43.49869904422531,0.9775619429778851,MATIC-USD
4.2,0.30796703126017216,6,0,0.0318272127243609,0.5133333333333333,1.0660992900445552,0.6531733264750464,43.49869904422531,0.9775619429778851,MATIC-USD
4.3,0.30796703126017216,6,0,0.0318272127243609,0.5133333333333333,1.0660992900445552,0.6531733264750464,43.49869904422531,0.9775619429778851,MATIC-USD
4.3999999999999995,0.30796703126017216,6,0,0.0318272127243609,0.5133333333333333,1.0660992900445552,0.6531733264750464,43.49869904422531,0.9775619429778851,MATIC-USD
4.5,0.30796703126017216,6,0,0.0318272127243609,0.5133333333333333,1.0660992900445552,0.6531733264750464,43.49869904422531,0.9775619429778851,MATIC-USD
4.6,0.30796703126017216,6,0,0.0318272127243609,0.5133333333333333,1.0660992900445552,0.6531733264750464,43.49869904422531,0.9775619429778851,MATIC-USD
4.7,0.30796703126017216,6,0,0.0318272127243609,0.5133333333333333,1.0660992900445552,0.6531733264750464,43.49869904422531,0.9775619429778851,MATIC-USD
4.8,0.30796703126017216,6,0,0.0318272127243609,0.5133333333333333,1.0660992900445552,0.6531733264750464,43.49869904422531,0.9775619429778851,MATIC-USD
4.9,0.30796703126017216,6,0,0.0318272127243609,0.5133333333333333,1.0660992900445552,0.6531733264750464,43.49869904422531,0.9775619429778851,MATIC-USD
5.0,0.30796703126017216,6,0,0.0318272127243609,0.5133333333333333,1.0660992900445552,0.6531733264750464,43.49869904422531,0.9775619429778851,MATIC-USD
0.1,0.49841103967562267,4,32,0.08519677129367503,0.5533333333333333,1.181991278191293,0.2810685614846095,11.776339804681259,0.9571609189013663,ATOM-USD
0.2,0.4670077571263291,5,23,0.08519677129367503,0.5533333333333333,1.181991278191293,0.2810685614846095,12.470647443487707,0.9519242977253826,ATOM-USD
0.30000000000000004,0.4670077571263291,5,19,0.08519677129367503,0.5533333333333333,1.181991278191293,0.2810685614846095,12.470647443487707,0.9519242977253826,ATOM-USD
0.4,0.4670077571263291,5,14,0.08519677129367503,0.5533333333333333,1.181991278191293,0.2810685614846095,12.470647443487707,0.9519242977253826,ATOM-USD
0.5,0.4670077571263291,5,14,0.08519677129367503,0.5533333333333333,1.181991278191293,0.2810685614846095,12.470647443487707,0.9519242977253826,ATOM-USD
0.6,0.4670077571263291,5,9,0.08519677129367503,0.5533333333333333,1.181991278191293,0.2810685614846095,12.470647443487707,0.9519242977253826,ATOM-USD
0.7000000000000001,0.39070694629450287,4,5,0.08519677129367503,0.5533333333333333,1.181991278191293,0.2810685614846095,11.805909280052886,0.957298503610845,ATOM-USD
0.8,0.39070694629450287,4,4,0.08519677129367503,0.5533333333333333,1.181991278191293,0.2810685614846095,11.805909280052886,0.957298503610845,ATOM-USD
0.9,0.39070694629450287,4,3,0.08519677129367503,0.5533333333333333,1.181991278191293,0.2810685614846095,11.805909280052886,0.957298503610845,ATOM-USD
1.0,0.39070694629450287,4,2,0.08519677129367503,0.5533333333333333,1.181991278191293,0.2810685614846095,11.805909280052886,0.957298503610845,ATOM-USD
1.1,0.023052976529177815,4,1,0.08519677129367503,0.5533333333333333,1.181991278191293,0.2810685614846095,12.006950651007173,0.9552479013424451,ATOM-USD
1.2000000000000002,0.023052976529177815,4,1,0.08519677129367503,0.5533333333333333,1.181991278191293,0.2810685614846095,12.006950651007173,0.9552479013424451,ATOM-USD
1.3000000000000003,0.023052976529177815,4,1,0.08519677129367503,0.5533333333333333,1.181991278191293,0.2810685614846095,12.006950651007173,0.9552479013424451,ATOM-USD
1.4000000000000001,0.023052976529177815,4,1,0.08519677129367503,0.5533333333333333,1.181991278191293,0.2810685614846095,12.006950651007173,0.9552479013424451,ATOM-USD
1.5000000000000002,0.4670077571263291,5,0,0.08519677129367503,0.5533333333333333,1.181991278191293,0.2810685614846095,12.470647443487707,0.9519242977253826,ATOM-USD
1.6,0.4670077571263291,5,0,0.08519677129367503,0.5533333333333333,1.181991278191293,0.2810685614846095,12.470647443487707,0.9519242977253826,ATOM-USD
1.7000000000000002,0.4670077571263291,5,0,0.08519677129367503,0.5533333333333333,1.181991278191293,0.2810685614846095,12.470647443487707,0.9519242977253826,ATOM-USD
1.8000000000000003,0.4670077571263291,5,0,0.08519677129367503,0.5533333333333333,1.181991278191293,0.2810685614846095,12.470647443487707,0.9519242977253826,ATOM-USD
1.9000000000000001,0.4670077571263291,5,0,0.08519677129367503,0.5533333333333333,1.181991278191293,0.2810685614846095,12.470647443487707,0.9519242977253826,ATOM-USD
2.0,0.4670077571263291,5,0,0.08519677129367503,0.5533333333333333,1.181991278191293,0.2810685614846095,12.470647443487707,0.9519242977253826,ATOM-USD
2.1,0.4670077571263291,5,0,0.08519677129367503,0.5533333333333333,1.181991278191293,0.2810685614846095,12.470647443487707,0.9519242977253826,ATOM-USD
2.2,0.4670077571263291,5,0,0.08519677129367503,0.5533333333333333,1.181991278191293,0.2810685614846095,12.470647443487707,0.9519242977253826,ATOM-USD
2.3000000000000003,0.4670077571263291,5,0,0.08519677129367503,0.5533333333333333,1.181991278191293,0.2810685614846095,12.470647443487707,0.9519242977253826,ATOM-USD
2.4000000000000004,0.4670077571263291,5,0,0.08519677129367503,0.5533333333333333,1.181991278191293,0.2810685614846095,12.470647443487707,0.9519242977253826,ATOM-USD
2.5000000000000004,0.4670077571263291,5,0,0.08519677129367503,0.5533333333333333,1.181991278191293,0.2810685614846095,12.470647443487707,0.9519242977253826,ATOM-USD
2.6,0.4670077571263291,5,0,0.08519677129367503,0.5533333333333333,1.181991278191293,0.2810685614846095,12.470647443487707,0.9519242977253826,ATOM-USD
2.7,0.4670077571263291,5,0,0.08519677129367503,0.5533333333333333,1.181991278191293,0.2810685614846095,12.470647443487707,0.9519242977253826,ATOM-USD
2.8000000000000003,0.4670077571263291,5,0,0.08519677129367503,0.5533333333333333,1.181991278191293,0.2810685614846095,12.470647443487707,0.9519242977253826,ATOM-USD
2.9000000000000004,0.4670077571263291,5,0,0.08519677129367503,0.5533333333333333,1.181991278191293,0.2810685614846095,12.470647443487707,0.9519242977253826,ATOM-USD
3.0000000000000004,0.4670077571263291,5,0,0.08519677129367503,0.5533333333333333,1.181991278191293,0.2810685614846095,12.470647443487707,0.9519242977253826,ATOM-USD
3.1,0.4670077571263291,5,0,0.08519677129367503,0.5533333333333333,1.181991278191293,0.2810685614846095,12.470647443487707,0.9519242977253826,ATOM-USD
3.2,0.4670077571263291,5,0,0.08519677129367503,0.5533333333333333,1.181991278191293,0.2810685614846095,12.470647443487707,0.9519242977253826,ATOM-USD
3.3000000000000003,0.4670077571263291,5,0,0.08519677129367503,0.5533333333333333,1.181991278191293,0.2810685614846095,12.470647443487707,0.9519242977253826,ATOM-USD
3.4000000000000004,0.4670077571263291,5,0,0.08519677129367503,0.5533333333333333,1.181991278191293,0.2810685614846095,12.470647443487707,0.9519242977253826,ATOM-USD
3.5000000000000004,0.4670077571263291,5,0,0.08519677129367503,0.5533333333333333,1.181991278191293,0.2810685614846095,12.470647443487707,0.9519242977253826,ATOM-USD
3.6,0.4670077571263291,5,0,0.08519677129367503,0.5533333333333333,1.181991278191293,0.2810685614846095,12.470647443487707,0.9519242977253826,ATOM-USD
3.7,0.4670077571263291,5,0,0.08519677129367503,0.5533333333333333,1.181991278191293,0.2810685614846095,12.470647443487707,0.9519242977253826,ATOM-USD
3.8000000000000003,0.4670077571263291,5,0,0.08519677129367503,0.5533333333333333,1.181991278191293,0.2810685614846095,12.470647443487707,0.9519242977253826,ATOM-USD
3.9000000000000004,0.4670077571263291,5,0,0.08519677129367503,0.5533333333333333,1.181991278191293,0.2810685614846095,12.470647443487707,0.9519242977253826,ATOM-USD
4.0,0.4670077571263291,5,0,0.08519677129367503,0.5533333333333333,1.181991278191293,0.2810685614846095,12.470647443487707,0.9519242977253826,ATOM-USD
4.1,0.4670077571263291,5,0,0.08519677129367503,0.5533333333333333,1.181991278191293,0.2810685614846095,12.470647443487707,0.9519242977253826,ATOM-USD
4.2,0.4670077571263291,5,0,0.08519677129367503,0.5533333333333333,1.181991278191293,0.2810685614846095,12.470647443487707,0.9519242977253826,ATOM-USD
4.3,0.4670077571263291,5,0,0.08519677129367503,0.5533333333333333,1.181991278191293,0.2810685614846095,12.470647443487707,0.9519242977253826,ATOM-USD
4.3999999999999995,0.4670077571263291,5,0,0.08519677129367503,0.5533333333333333,1.181991278191293,0.2810685614846095,12.470647443487707,0.9519242977253826,ATOM-USD
4.5,0.4670077571263291,5,0,0.08519677129367503,0.5533333333333333,1.181991278191293,0.2810685614846095,12.470647443487707,0.9519242977253826,ATOM-USD
4.6,0.4670077571263291,5,0,0.08519677129367503,0.5533333333333333,1.181991278191293,0.2810685614846095,12.470647443487707,0.9519242977253826,ATOM-USD
4.7,0.4670077571263291,5,0,0.08519677129367503,0.5533333333333333,1.181991278191293,0.2810685614846095,12.470647443487707,0.9519242977253826,ATOM-USD
4.8,0.4670077571263291,5,0,0.08519677129367503,0.5533333333333333,1.181991278191293,0.2810685614846095,12.470647443487707,0.9519242977253826,ATOM-USD
4.9,0.4670077571263291,5,0,0.08519677129367503,0.5533333333333333,1.181991278191293,0.2810685614846095,12.470647443487707,0.9519242977253826,ATOM-USD
5.0,0.4670077571263291,5,0,0.08519677129367503,0.5533333333333333,1.181991278191293,0.2810685614846095,12.470647443487707,0.9519242977253826,ATOM-USD
0.1,0.5084313101314746,5,31,0.05269609689217869,0.5866666666666667,1.0986872683159932,0.45418679128689704,27.97962186399308,0.9908084139034956,ALGO-USD
0.2,0.09416480406328548,6,22,0.05269609689217869,0.5866666666666667,1.0986872683159932,0.45418679128689704,21.686330590997706,0.9855259228782237,ALGO-USD
0.30000000000000004,0.09416480406328548,6,19,0.05269609689217869,0.5866666666666667,1.0986872683159932,0.45418679128689704,21.686330590997706,0.9855259228782237,ALGO-USD
0.4,0.09416480406328548,6,15,0.05269609689217869,0.5866666666666667,1.0986872683159932,0.45418679128689704,21.686330590997706,0.9855259228782237,ALGO-USD
0.5,0.09416480406328548,6,10,0.05269609689217869,0.5866666666666667,1.0986872683159932,0.45418679128689704,21.686330590997706,0.9855259228782237,ALGO-USD
0.6,0.49996381700126075,5,7,0.05269609689217869,0.5866666666666667,1.0986872683159932,0.45418679128689704,28.144976294557395,0.990900856163475,ALGO-USD
0.7000000000000001,0.49996381700126075,5,4,0.05269609689217869,0.5866666666666667,1.0986872683159932,0.45418679128689704,28.144976294557395,0.990900856163475,ALGO-USD
0.8,0.49996381700126075,5,4,0.05269609689217869,0.5866666666666667,1.0986872683159932,0.45418679128689704,28.144976294557395,0.990900856163475,ALGO-USD
0.9,0.4898126258897247,5,3,0.05269609689217869,0.5866666666666667,1.0986872683159932,0.45418679128689704,28.690005541179193,0.9911859819999128,ALGO-USD
1.0,0.21398327032526182,6,1,0.05269609689217869,0.5866666666666667,1.0986872683159932,0.45418679128689704,27.183325500487598,0.9904031050117456,ALGO-USD
1.1,0.21398327032526182,6,1,0.05269609689217869,0.5866666666666667,1.0986872683159932,0.45418679128689704,27.183325500487598,0.9904031050117456,ALGO-USD
1.2000000000000002,0.21398327032526182,6,1,0.05269609689217869,0.5866666666666667,1.0986872683159932,0.45418679128689704,27.183325500487598,0.9904031050117456,ALGO-USD
1.3000000000000003,0.21398327032526182,6,1,0.05269609689217869,0.5866666666666667,1.0986872683159932,0.45418679128689704,27.183325500487598,0.9904031050117456,ALGO-USD
1.4000000000000001,0.09416480406328548,6,0,0.05269609689217869,0.5866666666666667,1.0986872683159932,0.45418679128689704,21.686330590997706,0.9855259228782237,ALGO-USD
1.5000000000000002,0.09416480406328548,6,0,0.05269609689217869,0.5866666666666667,1.0986872683159932,0.45418679128689704,21.686330590997706,0.9855259228782237,ALGO-USD
1.6,0.09416480406328548,6,0,0.05269609689217869,0.5866666666666667,1.0986872683159932,0.45418679128689704,21.686330590997706,0.9855259228782237,ALGO-USD
1.7000000000000002,0.09416480406328548,6,0,0.05269609689217869,0.5866666666666667,1.0986872683159932,0.45418679128689704,21.686330590997706,0.9855259228782237,ALGO-USD
1.8000000000000003,0.09416480406328548,6,0,0.05269609689217869,0.5866666666666667,1.0986872683159932,0.45418679128689704,21.686330590997706,0.9855259228782237,ALGO-USD
1.9000000000000001,0.09416480406328548,6,0,0.05269609689217869,0.5866666666666667,1.0986872683159932,0.45418679128689704,21.686330590997706,0.9855259228782237,ALGO-USD
2.0,0.09416480406328548,6,0,0.05269609689217869,0.5866666666666667,1.0986872683159932,0.45418679128689704,21.686330590997706,0.9855259228782237,ALGO-USD
2.1,0.09416480406328548,6,0,0.05269609689217869,0.5866666666666667,1.0986872683159932,0.45418679128689704,21.686330590997706,0.9855259228782237,ALGO-USD
2.2,0.09416480406328548,6,0,0.05269609689217869,0.5866666666666667,1.0986872683159932,0.45418679128689704,21.686330590997706,0.9855259228782237,ALGO-USD
2.3000000000000003,0.09416480406328548,6,0,0.05269609689217869,0.5866666666666667,1.0986872683159932,0.45418679128689704,21.686330590997706,0.9855259228782237,ALGO-USD
2.4000000000000004,0.09416480406328548,6,0,0.05269609689217869,0.5866666666666667,1.0986872683159932,0.45418679128689704,21.686330590997706,0.9855259228782237,ALGO-USD
2.5000000000000004,0.09416480406328548,6,0,0.05269609689217869,0.5866666666666667,1.0986872683159932,0.45418679128689704,21.686330590997706,0.9855259228782237,ALGO-USD
2.6,0.09416480406328548,6,0,0.05269609689217869,0.5866666666666667,1.0986872683159932,0.45418679128689704,21.686330590997706,0.9855259228782237,ALGO-USD
2.7,0.09416480406328548,6,0,0.05269609689217869,0.5866666666666667,1.0986872683159932,0.45418679128689704,21.686330590997706,0.9855259228782237,ALGO-USD
2.8000000000000003,0.09416480406328548,6,0,0.05269609689217869,0.5866666666666667,1.0986872683159932,0.45418679128689704,21.686330590997706,0.9855259228782237,ALGO-USD
2.9000000000000004,0.09416480406328548,6,0,0.05269609689217869,0.5866666666666667,1.0986872683159932,0.45418679128689704,21.686330590997706,0.9855259228782237,ALGO-USD
3.0000000000000004,0.09416480406328548,6,0,0.05269609689217869,0.5866666666666667,1.0986872683159932,0.45418679128689704,21.686330590997706,0.9855259228782237,ALGO-USD
3.1,0.09416480406328548,6,0,0.05269609689217869,0.5866666666666667,1.0986872683159932,0.45418679128689704,21.686330590997706,0.9855259228782237,ALGO-USD
3.2,0.09416480406328548,6,0,0.05269609689217869,0.5866666666666667,1.0986872683159932,0.45418679128689704,21.686330590997706,0.9855259228782237,ALGO-USD
3.3000000000000003,0.09416480406328548,6,0,0.05269609689217869,0.5866666666666667,1.0986872683159932,0.45418679128689704,21.686330590997706,0.9855259228782237,ALGO-USD
3.4000000000000004,0.09416480406328548,6,0,0.05269609689217869,0.5866666666666667,1.0986872683159932,0.45418679128689704,21.686330590997706,0.9855259228782237,ALGO-USD
3.5000000000000004,0.09416480406328548,6,0,0.05269609689217869,0.5866666666666667,1.0986872683159932,0.45418679128689704,21.686330590997706,0.9855259228782237,ALGO-USD
3.6,0.09416480406328548,6,0,0.05269609689217869,0.5866666666666667,1.0986872683159932,0.45418679128689704,21.686330590997706,0.9855259228782237,ALGO-USD
3.7,0.09416480406328548,6,0,0.05269609689217869,0.5866666666666667,1.0986872683159932,0.45418679128689704,21.686330590997706,0.9855259228782237,ALGO-USD
3.8000000000000003,0.09416480406328548,6,0,0.05269609689217869,0.5866666666666667,1.0986872683159932,0.45418679128689704,21.686330590997706,0.9855259228782237,ALGO-USD
3.9000000000000004,0.09416480406328548,6,0,0.05269609689217869,0.5866666666666667,1.0986872683159932,0.45418679128689704,21.686330590997706,0.9855259228782237,ALGO-USD
4.0,0.09416480406328548,6,0,0.05269609689217869,0.5866666666666667,1.0986872683159932,0.45418679128689704,21.686330590997706,0.9855259228782237,ALGO-USD
4.1,0.09416480406328548,6,0,0.05269609689217869,0.5866666666666667,1.0986872683159932,0.45418679128689704,21.686330590997706,0.9855259228782237,ALGO-USD
4.2,0.09416480406328548,6,0,0.05269609689217869,0.5866666666666667,1.0986872683159932,0.45418679128689704,21.686330590997706,0.9855259228782237,ALGO-USD
4.3,0.09416480406328548,6,0,0.05269609689217869,0.5866666666666667,1.0986872683159932,0.45418679128689704,21.686330590997706,0.9855259228782237,ALGO-USD
4.3999999999999995,0.09416480406328548,6,0,0.05269609689217869,0.5866666666666667,1.0986872683159932,0.45418679128689704,21.686330590997706,0.9855259228782237,ALGO-USD
4.5,0.09416480406328548,6,0,0.05269609689217869,0.5866666666666667,1.0986872683159932,0.45418679128689704,21.686330590997706,0.9855259228782237,ALGO-USD
4.6,0.09416480406328548,6,0,0.05269609689217869,0.5866666666666667,1.0986872683159932,0.45418679128689704,21.686330590997706,0.9855259228782237,ALGO-USD
4.7,0.09416480406328548,6,0,0.05269609689217869,0.5866666666666667,1.0986872683159932,0.45418679128689704,21.686330590997706,0.9855259228782237,ALGO-USD
4.8,0.09416480406328548,6,0,0.05269609689217869,0.5866666666666667,1.0986872683159932,0.45418679128689704,21.686330590997706,0.9855259228782237,ALGO-USD
4.9,0.09416480406328548,6,0,0.05269609689217869,0.5866666666666667,1.0986872683159932,0.45418679128689704,21.686330590997706,0.9855259228782237,ALGO-USD
5.0,0.09416480406328548,6,0,0.05269609689217869,0.5866666666666667,1.0986872683159932,0.45418679128689704,21.686330590997706,0.9855259228782237,ALGO-USD
0.1,0.9999578197914831,5,35,-0.03750780531462339,0.54,0.9350522971820453,0.4375756974284887,59.719734503929324,0.9908836024309583,MKR-USD
0.2,0.9999578197914831,5,24,-0.03750780531462339,0.54,0.9350522971820453,0.4375756974284887,59.719734503929324,0.9908836024309583,MKR-USD
0.30000000000000004,0.9999578197914831,5,17,-0.03750780531462339,0.54,0.9350522971820453,0.4375756974284887,59.719734503929324,0.9908836024309583,MKR-USD
0.4,0.9999578197914831,5,14,-0.03750780531462339,0.54,0.9350522971820453,0.4375756974284887,59.719734503929324,0.9908836024309583,MKR-USD
0.5,0.9999578197914831,5,9,-0.03750780531462339,0.54,0.9350522971820453,0.4375756974284887,59.719734503929324,0.9908836024309583,MKR-USD
0.6,0.9999578197914831,5,8,-0.03750780531462339,0.54,0.9350522971820453,0.4375756974284887,59.719734503929324,0.9908836024309583,MKR-USD
0.7000000000000001,0.9999578197914831,5,5,-0.03750780531462339,0.54,0.9350522971820453,0.4375756974284887,59.719734503929324,0.9908836024309583,MKR-USD
0.8,0.9999920277260224,6,3,-0.03750780531462339,0.54,0.9350522971820453,0.4375756974284887,59.667951208628686,0.9908570749168977,MKR-USD
0.9,0.9999555832680191,6,2,-0.03750780531462339,0.54,0.9350522971820453,0.4375756974284887,59.63750794649183,0.9908428061821418,MKR-USD
1.0,0.9999555832680191,6,1,-0.03750780531462339,0.54,0.9350522971820453,0.4375756974284887,59.63750794649183,0.9908428061821418,MKR-USD
1.1,0.9999555832680191,6,1,-0.03750780531462339,0.54,0.9350522971820453,0.4375756974284887,59.63750794649183,0.9908428061821418,MKR-USD
1.2000000000000002,0.9999555832680191,6,1,-0.03750780531462339,0.54,0.9350522971820453,0.4375756974284887,59.63750794649183,0.9908428061821418,MKR-USD
1.3000000000000003,0.9999555832680191,6,1,-0.03750780531462339,0.54,0.9350522971820453,0.4375756974284887,59.63750794649183,0.9908428061821418,MKR-USD
1.4000000000000001,0.9999555832680191,6,1,-0.03750780531462339,0.54,0.9350522971820453,0.4375756974284887,59.63750794649183,0.9908428061821418,MKR-USD
1.5000000000000002,0.9999555832680191,6,1,-0.03750780531462339,0.54,0.9350522971820453,0.4375756974284887,59.63750794649183,0.9908428061821418,MKR-USD
1.6,0.9158005279805852,6,0,-0.03750780531462339,0.54,0.9350522971820453,0.4375756974284887,58.70460258965561,0.9904357013413617,MKR-USD
1.7000000000000002,0.9158005279805852,6,0,-0.03750780531462339,0.54,0.9350522971820453,0.4375756974284887,58.70460258965561,0.9904357013413617,MKR-USD
1.8000000000000003,0.9158005279805852,6,0,-0.03750780531462339,0.54,0.9350522971820453,0.4375756974284887,58.70460258965561,0.9904357013413617,MKR-USD
1.9000000000000001,0.9158005279805852,6,0,-0.03750780531462339,0.54,0.9350522971820453,0.4375756974284887,58.70460258965561,0.9904357013413617,MKR-USD
2.0,0.9158005279805852,6,0,-0.03750780531462339,0.54,0.9350522971820453,0.4375756974284887,58.70460258965561,0.9904357013413617,MKR-USD
2.1,0.9158005279805852,6,0,-0.03750780531462339,0.54,0.9350522971820453,0.4375756974284887,58.70460258965561,0.9904357013413617,MKR-USD
2.2,0.9158005279805852,6,0,-0.03750780531462339,0.54,0.9350522971820453,0.4375756974284887,58.70460258965561,0.9904357013413617,MKR-USD
2.3000000000000003,0.9158005279805852,6,0,-0.03750780531462339,0.54,0.9350522971820453,0.4375756974284887,58.70460258965561,0.9904357013413617,MKR-USD
2.4000000000000004,0.9158005279805852,6,0,-0.03750780531462339,0.54,0.9350522971820453,0.4375756974284887,58.70460258965561,0.9904357013413617,MKR-USD
2.5000000000000004,0.9158005279805852,6,0,-0.03750780531462339,0.54,0.9350522971820453,0.4375756974284887,58.70460258965561,0.9904357013413617,MKR-USD
2.6,0.9158005279805852,6,0,-0.03750780531462339,0.54,0.9350522971820453,0.4375756974284887,58.70460258965561,0.9904357013413617,MKR-USD
2.7,0.9158005279805852,6,0,-0.03750780531462339,0.54,0.9350522971820453,0.4375756974284887,58.70460258965561,0.9904357013413617,MKR-USD
2.8000000000000003,0.9158005279805852,6,0,-0.03750780531462339,0.54,0.9350522971820453,0.4375756974284887,58.70460258965561,0.9904357013413617,MKR-USD
2.9000000000000004,0.9158005279805852,6,0,-0.03750780531462339,0.54,0.9350522971820453,0.4375756974284887,58.70460258965561,0.9904357013413617,MKR-USD
3.0000000000000004,0.9158005279805852,6,0,-0.03750780531462339,0.54,0.9350522971820453,0.4375756974284887,58.70460258965561,0.9904357013413617,MKR-USD
3.1,0.9158005279805852,6,0,-0.03750780531462339,0.54,0.9350522971820453,0.4375756974284887,58.70460258965561,0.9904357013413617,MKR-USD
3.2,0.9158005279805852,6,0,-0.03750780531462339,0.54,0.9350522971820453,0.4375756974284887,58.70460258965561,0.9904357013413617,MKR-USD
3.3000000000000003,0.9158005279805852,6,0,-0.03750780531462339,0.54,0.9350522971820453,0.4375756974284887,58.70460258965561,0.9904357013413617,MKR-USD
3.4000000000000004,0.9158005279805852,6,0,-0.03750780531462339,0.54,0.9350522971820453,0.4375756974284887,58.70460258965561,0.9904357013413617,MKR-USD
3.5000000000000004,0.9158005279805852,6,0,-0.03750780531462339,0.54,0.9350522971820453,0.4375756974284887,58.70460258965561,0.9904357013413617,MKR-USD
3.6,0.9158005279805852,6,0,-0.03750780531462339,0.54,0.9350522971820453,0.4375756974284887,58.70460258965561,0.9904357013413617,MKR-USD
3.7,0.9158005279805852,6,0,-0.03750780531462339,0.54,0.9350522971820453,0.4375756974284887,58.70460258965561,0.9904357013413617,MKR-USD
3.8000000000000003,0.9158005279805852,6,0,-0.03750780531462339,0.54,0.9350522971820453,0.4375756974284887,58.70460258965561,0.9904357013413617,MKR-USD
3.9000000000000004,0.9158005279805852,6,0,-0.03750780531462339,0.54,0.9350522971820453,0.4375756974284887,58.70460258965561,0.9904357013413617,MKR-USD
4.0,0.9158005279805852,6,0,-0.03750780531462339,0.54,0.9350522971820453,0.4375756974284887,58.70460258965561,0.9904357013413617,MKR-USD
4.1,0.9158005279805852,6,0,-0.03750780531462339,0.54,0.9350522971820453,0.4375756974284887,58.70460258965561,0.9904357013413617,MKR-USD
4.2,0.9158005279805852,6,0,-0.03750780531462339,0.54,0.9350522971820453,0.4375756974284887,58.70460258965561,0.9904357013413617,MKR-USD
4.3,0.9158005279805852,6,0,-0.03750780531462339,0.54,0.9350522971820453,0.4375756974284887,58.70460258965561,0.9904357013413617,MKR-USD
4.3999999999999995,0.9158005279805852,6,0,-0.03750780531462339,0.54,0.9350522971820453,0.4375756974284887,58.70460258965561,0.9904357013413617,MKR-USD
4.5,0.9158005279805852,6,0,-0.03750780531462339,0.54,0.9350522971820453,0.4375756974284887,58.70460258965561,0.9904357013413617,MKR-USD
4.6,0.9158005279805852,6,0,-0.03750780531462339,0.54,0.9350522971820453,0.4375756974284887,58.70460258965561,0.9904357013413617,MKR-USD
4.7,0.9158005279805852,6,0,-0.03750780531462339,0.54,0.9350522971820453,0.4375756974284887,58.70460258965561,0.9904357013413617,MKR-USD
4.8,0.9158005279805852,6,0,-0.03750780531462339,0.54,0.9350522971820453,0.4375756974284887,58.70460258965561,0.9904357013413617,MKR-USD
4.9,0.9158005279805852,6,0,-0.03750780531462339,0.54,0.9350522971820453,0.4375756974284887,58.70460258965561,0.9904357013413617,MKR-USD
5.0,0.9158005279805852,6,0,-0.03750780531462339,0.54,0.9350522971820453,0.4375756974284887,58.70460258965561,0.9904357013413617,MKR-USD
0.1,0.4999996641893937,4,26,0.18439579044928248,0.43333333333333335,1.740731142088799,0.7059556086334895,41.707004754041215,0.5568385837035066,STX-USD
0.2,0.9991602375412374,6,21,0.18439579044928248,0.43333333333333335,1.740731142088799,0.7059556086334895,42.47293042033179,0.5677474884447168,STX-USD
0.30000000000000004,0.9991602375412374,6,18,0.18439579044928248,0.43333333333333335,1.740731142088799,0.7059556086334895,42.47293042033179,0.5677474884447168,STX-USD
0.4,0.9991602375412374,6,16,0.18439579044928248,0.43333333333333335,1.740731142088799,0.7059556086334895,42.47293042033179,0.5677474884447168,STX-USD
0.5,0.9991602375412374,6,12,0.18439579044928248,0.43333333333333335,1.740731142088799,0.7059556086334895,42.47293042033179,0.5677474884447168,STX-USD
0.6,0.9991602375412374,6,8,0.18439579044928248,0.43333333333333335,1.740731142088799,0.7059556086334895,42.47293042033179,0.5677474884447168,STX-USD
0.7000000000000001,0.9991602375412374,6,5,0.18439579044928248,0.43333333333333335,1.740731142088799,0.7059556086334895,42.47293042033179,0.5677474884447168,STX-USD
0.8,0.9991602375412374,6,3,0.18439579044928248,0.43333333333333335,1.740731142088799,0.7059556086334895,42.47293042033179,0.5677474884447168,STX-USD
0.9,0.9608795962042569,6,1,0.18439579044928248,0.43333333333333335,1.740731142088799,0.7059556086334895,45.86623281230872,0.6184480495455618,STX-USD
1.0,0.9608795962042569,6,1,0.18439579044928248,0.43333333333333335,1.740731142088799,0.7059556086334895,45.86623281230872,0.6184480495455618,STX-USD
1.1,0.9608795962042569,6,1,0.18439579044928248,0.43333333333333335,1.740731142088799,0.7059556086334895,45.86623281230872,0.6184480495455618,STX-USD
1.2000000000000002,0.9608795962042569,6,1,0.18439579044928248,0.43333333333333335,1.740731142088799,0.7059556086334895,45.86623281230872,0.6184480495455618,STX-USD
1.3000000000000003,0.9608795962042569,6,1,0.18439579044928248,0.43333333333333335,1.740731142088799,0.7059556086334895,45.86623281230872,0.6184480495455618,STX-USD
1.4000000000000001,0.9608795962042569,6,1,0.18439579044928248,0.43333333333333335,1.740731142088799,0.7059556086334895,45.86623281230872,0.6184480495455618,STX-USD
1.5000000000000002,0.9608795962042569,6,1,0.18439579044928248,0.43333333333333335,1.740731142088799,0.7059556086334895,45.86623281230872,0.6184480495455618,STX-USD
1.6,0.9608795962042569,6,1,0.18439579044928248,0.43333333333333335,1.740731142088799,0.7059556086334895,45.86623281230872,0.6184480495455618,STX-USD
1.7000000000000002,0.9608795962042569,6,1,0.18439579044928248,0.43333333333333335,1.740731142088799,0.7059556086334895,45.86623281230872,0.6184480495455618,STX-USD
1.8000000000000003,0.9608795962042569,6,1,0.18439579044928248,0.43333333333333335,1.740731142088799,0.7059556086334895,45.86623281230872,0.6184480495455618,STX-USD
1.9000000000000001,0.9608795962042569,6,1,0.18439579044928248,0.43333333333333335,1.740731142088799,0.7059556086334895,45.86623281230872,0.6184480495455618,STX-USD
2.0,0.9608795962042569,6,1,0.18439579044928248,0.43333333333333335,1.740731142088799,0.7059556086334895,45.86623281230872,0.6184480495455618,STX-USD
2.1,0.9608795962042569,6,1,0.18439579044928248,0.43333333333333335,1.740731142088799,0.7059556086334895,45.86623281230872,0.6184480495455618,STX-USD
2.2,0.9608795962042569,6,1,0.18439579044928248,0.43333333333333335,1.740731142088799,0.7059556086334895,45.86623281230872,0.6184480495455618,STX-USD
2.3000000000000003,0.8616332042006886,6,0,-0.4005682694953537,0.47333333333333333,0.5416322979626368,6.855178995637278,36.145790276789164,0.4758222975002312,STX-USD
2.4000000000000004,0.8616332042006886,6,0,-0.4005682694953537,0.47333333333333333,0.5416322979626368,6.855178995637278,36.145790276789164,0.4758222975002312,STX-USD
2.5000000000000004,0.8616332042006886,6,0,-0.4005682694953537,0.47333333333333333,0.5416322979626368,6.855178995637278,36.145790276789164,0.4758222975002312,STX-USD
2.6,0.8616332042006886,6,0,-0.4005682694953537,0.47333333333333333,0.5416322979626368,6.855178995637278,36.145790276789164,0.4758222975002312,STX-USD
2.7,0.8616332042006886,6,0,-0.4005682694953537,0.47333333333333333,0.5416322979626368,6.855178995637278,36.145790276789164,0.4758222975002312,STX-USD
2.8000000000000003,0.8616332042006886,6,0,-0.4005682694953537,0.47333333333333333,0.5416322979626368,6.855178995637278,36.145790276789164,0.4758222975002312,STX-USD
2.9000000000000004,0.8616332042006886,6,0,-0.4005682694953537,0.47333333333333333,0.5416322979626368,6.855178995637278,36.145790276789164,0.4758222975002312,STX-USD
3.0000000000000004,0.8616332042006886,6,0,-0.4005682694953537,0.47333333333333333,0.5416322979626368,6.855178995637278,36.145790276789164,0.4758222975002312,STX-USD
3.1,0.8616332042006886,6,0,-0.4005682694953537,0.47333333333333333,0.5416322979626368,6.855178995637278,36.145790276789164,0.4758222975002312,STX-USD
3.2,0.8616332042006886,6,0,-0.4005682694953537,0.47333333333333333,0.5416322979626368,6.855178995637278,36.145790276789164,0.4758222975002312,STX-USD
3.3000000000000003,0.8616332042006886,6,0,-0.4005682694953537,0.47333333333333333,0.5416322979626368,6.855178995637278,36.145790276789164,0.4758222975002312,STX-USD
3.4000000000000004,0.8616332042006886,6,0,-0.4005682694953537,0.47333333333333333,0.5416322979626368,6.855178995637278,36.145790276789164,0.4758222975002312,STX-USD
3.5000000000000004,0.8616332042006886,6,0,-0.4005682694953537,0.47333333333333333,0.5416322979626368,6.855178995637278,36.145790276789164,0.4758222975002312,STX-USD
3.6,0.8616332042006886,6,0,-0.4005682694953537,0.47333333333333333,0.5416322979626368,6.855178995637278,36.145790276789164,0.4758222975002312,STX-USD
3.7,0.8616332042006886,6,0,-0.4005682694953537,0.47333333333333333,0.5416322979626368,6.855178995637278,36.145790276789164,0.4758222975002312,STX-USD
3.8000000000000003,0.8616332042006886,6,0,-0.4005682694953537,0.47333333333333333,0.5416322979626368,6.855178995637278,36.145790276789164,0.4758222975002312,STX-USD
3.9000000000000004,0.8616332042006886,6,0,-0.4005682694953537,0.47333333333333333,0.5416322979626368,6.855178995637278,36.145790276789164,0.4758222975002312,STX-USD
4.0,0.8616332042006886,6,0,-0.4005682694953537,0.47333333333333333,0.5416322979626368,6.855178995637278,36.145790276789164,0.4758222975002312,STX-USD
4.1,0.8616332042006886,6,0,-0.4005682694953537,0.47333333333333333,0.5416322979626368,6.855178995637278,36.145790276789164,0.4758222975002312,STX-USD
4.2,0.8616332042006886,6,0,-0.4005682694953537,0.47333333333333333,0.5416322979626368,6.855178995637278,36.145790276789164,0.4758222975002312,STX-USD
4.3,0.8616332042006886,6,0,-0.4005682694953537,0.47333333333333333,0.5416322979626368,6.855178995637278,36.145790276789164,0.4758222975002312,STX-USD
4.3999999999999995,0.8616332042006886,6,0,-0.4005682694953537,0.47333333333333333,0.5416322979626368,6.855178995637278,36.145790276789164,0.4758222975002312,STX-USD
4.5,0.8616332042006886,6,0,-0.4005682694953537,0.47333333333333333,0.5416322979626368,6.855178995637278,36.145790276789164,0.4758222975002312,STX-USD
4.6,0.8616332042006886,6,0,-0.4005682694953537,0.47333333333333333,0.5416322979626368,6.855178995637278,36.145790276789164,0.4758222975002312,STX-USD
4.7,0.8616332042006886,6,0,-0.4005682694953537,0.47333333333333333,0.5416322979626368,6.855178995637278,36.145790276789164,0.4758222975002312,STX-USD
4.8,0.8616332042006886,6,0,-0.4005682694953537,0.47333333333333333,0.5416322979626368,6.855178995637278,36.145790276789164,0.4758222975002312,STX-USD
4.9,0.8616332042006886,6,0,-0.4005682694953537,0.47333333333333333,0.5416322979626368,6.855178995637278,36.145790276789164,0.4758222975002312,STX-USD
5.0,0.8616332042006886,6,0,-0.4005682694953537,0.47333333333333333,0.5416322979626368,6.855178995637278,36.145790276789164,0.4758222975002312,STX-USD
0.1,0.7005713742373048,5,33,0.09311841330348353,0.5133333333333333,1.2215971134410673,0.13798524071888096,18.241974347190904,0.9933119840643858,AAPL
0.2,0.7005713742373048,5,28,0.09311841330348353,0.5133333333333333,1.2215971134410673,0.13798524071888096,18.241974347190904,0.9933119840643858,AAPL
0.30000000000000004,0.7005713742373048,5,17,0.09311841330348353,0.5133333333333333,1.2215971134410673,0.13798524071888096,18.241974347190904,0.9933119840643858,AAPL
0.4,0.5032271758431779,5,12,0.09311841330348353,0.5133333333333333,1.2215971134410673,0.13798524071888096,18.26233916970117,0.9933327249316123,AAPL
0.5,0.5032271758431779,5,8,0.09311841330348353,0.5133333333333333,1.2215971134410673,0.13798524071888096,18.26233916970117,0.9933327249316123,AAPL
0.6,0.5032271758431779,5,6,0.09311841330348353,0.5133333333333333,1.2215971134410673,0.13798524071888096,18.26233916970117,0.9933327249316123,AAPL
0.7000000000000001,0.5032271758431779,5,5,0.09311841330348353,0.5133333333333333,1.2215971134410673,0.13798524071888096,18.26233916970117,0.9933327249316123,AAPL
0.8,0.5032271758431779,5,3,0.09311841330348353,0.5133333333333333,1.2215971134410673,0.13798524071888096,18.26233916970117,0.9933327249316123,AAPL
0.9,0.5032271758431779,5,2,0.09311841330348353,0.5133333333333333,1.2215971134410673,0.13798524071888096,18.26233916970117,0.9933327249316123,AAPL
1.0,0.5032271758431779,5,2,0.09311841330348353,0.5133333333333333,1.2215971134410673,0.13798524071888096,18.26233916970117,0.9933327249316123,AAPL
1.1,0.5032271758431779,5,2,0.09311841330348353,0.5133333333333333,1.2215971134410673,0.13798524071888096,18.26233916970117,0.9933327249316123,AAPL
1.2000000000000002,0.5032271758431779,5,2,0.09311841330348353,0.5133333333333333,1.2215971134410673,0.13798524071888096,18.26233916970117,0.9933327249316123,AAPL
1.3000000000000003,0.5007406779987627,5,1,0.09311841330348353,0.5133333333333333,1.2215971134410673,0.13798524071888096,18.346145138246516,0.9934157692663258,AAPL
1.4000000000000001,0.5007406779987627,5,1,0.09311841330348353,0.5133333333333333,1.2215971134410673,0.13798524071888096,18.346145138246516,0.9934157692663258,AAPL
1.5000000000000002,9.078905144788152e-06,3,0,0.09311841330348353,0.5133333333333333,1.2215971134410673,0.13798524071888096,14.241923773021089,0.9880999877004674,AAPL
1.6,9.078905144788152e-06,3,0,0.09311841330348353,0.5133333333333333,1.2215971134410673,0.13798524071888096,14.241923773021089,0.9880999877004674,AAPL
1.7000000000000002,9.078905144788152e-06,3,0,0.09311841330348353,0.5133333333333333,1.2215971134410673,0.13798524071888096,14.241923773021089,0.9880999877004674,AAPL
1.8000000000000003,9.078905144788152e-06,3,0,0.09311841330348353,0.5133333333333333,1.2215971134410673,0.13798524071888096,14.241923773021089,0.9880999877004674,AAPL
1.9000000000000001,9.078905144788152e-06,3,0,0.09311841330348353,0.5133333333333333,1.2215971134410673,0.13798524071888096,14.241923773021089,0.9880999877004674,AAPL
2.0,9.078905144788152e-06,3,0,0.09311841330348353,0.5133333333333333,1.2215971134410673,0.13798524071888096,14.241923773021089,0.9880999877004674,AAPL
2.1,9.078905144788152e-06,3,0,0.09311841330348353,0.5133333333333333,1.2215971134410673,0.13798524071888096,14.241923773021089,0.9880999877004674,AAPL
2.2,9.078905144788152e-06,3,0,0.09311841330348353,0.5133333333333333,1.2215971134410673,0.13798524071888096,14.241923773021089,0.9880999877004674,AAPL
2.3000000000000003,9.078905144788152e-06,3,0,0.09311841330348353,0.5133333333333333,1.2215971134410673,0.13798524071888096,14.241923773021089,0.9880999877004674,AAPL
2.4000000000000004,9.078905144788152e-06,3,0,0.09311841330348353,0.5133333333333333,1.2215971134410673,0.13798524071888096,14.241923773021089,0.9880999877004674,AAPL
2.5000000000000004,9.078905144788152e-06,3,0,0.09311841330348353,0.5133333333333333,1.2215971134410673,0.13798524071888096,14.241923773021089,0.9880999877004674,AAPL
2.6,9.078905144788152e-06,3,0,0.09311841330348353,0.5133333333333333,1.2215971134410673,0.13798524071888096,14.241923773021089,0.9880999877004674,AAPL
2.7,9.078905144788152e-06,3,0,0.09311841330348353,0.5133333333333333,1.2215971134410673,0.13798524071888096,14.241923773021089,0.9880999877004674,AAPL
2.8000000000000003,9.078905144788152e-06,3,0,0.09311841330348353,0.5133333333333333,1.2215971134410673,0.13798524071888096,14.241923773021089,0.9880999877004674,AAPL
2.9000000000000004,9.078905144788152e-06,3,0,0.09311841330348353,0.5133333333333333,1.2215971134410673,0.13798524071888096,14.241923773021089,0.9880999877004674,AAPL
3.0000000000000004,9.078905144788152e-06,3,0,0.09311841330348353,0.5133333333333333,1.2215971134410673,0.13798524071888096,14.241923773021089,0.9880999877004674,AAPL
3.1,9.078905144788152e-06,3,0,0.09311841330348353,0.5133333333333333,1.2215971134410673,0.13798524071888096,14.241923773021089,0.9880999877004674,AAPL
3.2,9.078905144788152e-06,3,0,0.09311841330348353,0.5133333333333333,1.2215971134410673,0.13798524071888096,14.241923773021089,0.9880999877004674,AAPL
3.3000000000000003,9.078905144788152e-06,3,0,0.09311841330348353,0.5133333333333333,1.2215971134410673,0.13798524071888096,14.241923773021089,0.9880999877004674,AAPL
3.4000000000000004,9.078905144788152e-06,3,0,0.09311841330348353,0.5133333333333333,1.2215971134410673,0.13798524071888096,14.241923773021089,0.9880999877004674,AAPL
3.5000000000000004,9.078905144788152e-06,3,0,0.09311841330348353,0.5133333333333333,1.2215971134410673,0.13798524071888096,14.241923773021089,0.9880999877004674,AAPL
3.6,9.078905144788152e-06,3,0,0.09311841330348353,0.5133333333333333,1.2215971134410673,0.13798524071888096,14.241923773021089,0.9880999877004674,AAPL
3.7,9.078905144788152e-06,3,0,0.09311841330348353,0.5133333333333333,1.2215971134410673,0.13798524071888096,14.241923773021089,0.9880999877004674,AAPL
3.8000000000000003,9.078905144788152e-06,3,0,0.09311841330348353,0.5133333333333333,1.2215971134410673,0.13798524071888096,14.241923773021089,0.9880999877004674,AAPL
3.9000000000000004,9.078905144788152e-06,3,0,0.09311841330348353,0.5133333333333333,1.2215971134410673,0.13798524071888096,14.241923773021089,0.9880999877004674,AAPL
4.0,9.078905144788152e-06,3,0,0.09311841330348353,0.5133333333333333,1.2215971134410673,0.13798524071888096,14.241923773021089,0.9880999877004674,AAPL
4.1,9.078905144788152e-06,3,0,0.09311841330348353,0.5133333333333333,1.2215971134410673,0.13798524071888096,14.241923773021089,0.9880999877004674,AAPL
4.2,9.078905144788152e-06,3,0,0.09311841330348353,0.5133333333333333,1.2215971134410673,0.13798524071888096,14.241923773021089,0.9880999877004674,AAPL
4.3,9.078905144788152e-06,3,0,0.09311841330348353,0.5133333333333333,1.2215971134410673,0.13798524071888096,14.241923773021089,0.9880999877004674,AAPL
4.3999999999999995,9.078905144788152e-06,3,0,0.09311841330348353,0.5133333333333333,1.2215971134410673,0.13798524071888096,14.241923773021089,0.9880999877004674,AAPL
4.5,9.078905144788152e-06,3,0,0.09311841330348353,0.5133333333333333,1.2215971134410673,0.13798524071888096,14.241923773021089,0.9880999877004674,AAPL
4.6,9.078905144788152e-06,3,0,0.09311841330348353,0.5133333333333333,1.2215971134410673,0.13798524071888096,14.241923773021089,0.9880999877004674,AAPL
4.7,9.078905144788152e-06,3,0,0.09311841330348353,0.5133333333333333,1.2215971134410673,0.13798524071888096,14.241923773021089,0.9880999877004674,AAPL
4.8,9.078905144788152e-06,3,0,0.09311841330348353,0.5133333333333333,1.2215971134410673,0.13798524071888096,14.241923773021089,0.9880999877004674,AAPL
4.9,9.078905144788152e-06,3,0,0.09311841330348353,0.5133333333333333,1.2215971134410673,0.13798524071888096,14.241923773021089,0.9880999877004674,AAPL
5.0,9.078905144788152e-06,3,0,0.09311841330348353,0.5133333333333333,1.2215971134410673,0.13798524071888096,14.241923773021089,0.9880999877004674,AAPL
0.1,0.5234490552500431,5,33,-0.03864684416416453,0.5066666666666667,0.9291291277465636,0.29931820735955317,148.06047987702968,0.999745536752354,TSLA
0.2,0.5445755067443608,5,27,-0.03864684416416453,0.5066666666666667,0.9291291277465636,0.29931820735955317,148.05034145135602,0.9997454815431233,TSLA
0.30000000000000004,0.5445755067443608,5,23,-0.03864684416416453,0.5066666666666667,0.9291291277465636,0.29931820735955317,148.05034145135602,0.9997454815431233,TSLA
0.4,0.5445755067443608,5,19,-0.03864684416416453,0.5066666666666667,0.9291291277465636,0.29931820735955317,148.05034145135602,0.9997454815431233,TSLA
0.5,0.5324737365679826,5,12,-0.03864684416416453,0.5066666666666667,0.9291291277465636,0.29931820735955317,148.04028268013855,0.9997454267215501,TSLA
0.6,0.5007475500239271,5,10,-0.03864684416416453,0.5066666666666667,0.9291291277465636,0.29931820735955317,150.10269297730156,0.9997560759429749,TSLA
0.7000000000000001,0.4934809550803989,5,6,-0.03864684416416453,0.5066666666666667,0.9291291277465636,0.29931820735955317,155.53940529621295,0.9997808575868838,TSLA
0.8,0.4934809550803989,5,6,-0.03864684416416453,0.5066666666666667,0.9291291277465636,0.29931820735955317,155.53940529621295,0.9997808575868838,TSLA
0.9,0.06546160360846282,4,2,-0.03864684416416453,0.5066666666666667,0.9291291277465636,0.29931820735955317,117.12292805185514,0.9994925551940155,TSLA
1.0,0.006520443136267706,4,1,-0.03864684416416453,0.5066666666666667,0.9291291277465636,0.29931820735955317,97.6204892096046,0.9991127200230593,TSLA
1.1,0.006520443136267706,4,1,-0.03864684416416453,0.5066666666666667,0.9291291277465636,0.29931820735955317,97.6204892096046,0.9991127200230593,TSLA
1.2000000000000002,0.006520443136267706,4,1,-0.03864684416416453,0.5066666666666667,0.9291291277465636,0.29931820735955317,97.6204892096046,0.9991127200230593,TSLA
1.3000000000000003,0.006520443136267706,4,1,-0.03864684416416453,0.5066666666666667,0.9291291277465636,0.29931820735955317,97.6204892096046,0.9991127200230593,TSLA
1.4000000000000001,0.0539239875337994,6,0,-0.03864684416416453,0.5066666666666667,0.9291291277465636,0.29931820735955317,91.54285401540271,0.9989195327355886,TSLA
1.5000000000000002,0.0539239875337994,6,0,-0.03864684416416453,0.5066666666666667,0.9291291277465636,0.29931820735955317,91.54285401540271,0.9989195327355886,TSLA
1.6,0.0539239875337994,6,0,-0.03864684416416453,0.5066666666666667,0.9291291277465636,0.29931820735955317,91.54285401540271,0.9989195327355886,TSLA
1.7000000000000002,0.0539239875337994,6,0,-0.03864684416416453,0.5066666666666667,0.9291291277465636,0.29931820735955317,91.54285401540271,0.9989195327355886,TSLA
1.8000000000000003,0.0539239875337994,6,0,-0.03864684416416453,0.5066666666666667,0.9291291277465636,0.29931820735955317,91.54285401540271,0.9989195327355886,TSLA
1.9000000000000001,0.0539239875337994,6,0,-0.03864684416416453,0.5066666666666667,0.9291291277465636,0.29931820735955317,91.54285401540271,0.9989195327355886,TSLA
2.0,0.0539239875337994,6,0,-0.03864684416416453,0.5066666666666667,0.9291291277465636,0.29931820735955317,91.54285401540271,0.9989195327355886,TSLA
2.1,0.0539239875337994,6,0,-0.03864684416416453,0.5066666666666667,0.9291291277465636,0.29931820735955317,91.54285401540271,0.9989195327355886,TSLA
2.2,0.0539239875337994,6,0,-0.03864684416416453,0.5066666666666667,0.9291291277465636,0.29931820735955317,91.54285401540271,0.9989195327355886,TSLA
2.3000000000000003,0.0539239875337994,6,0,-0.03864684416416453,0.5066666666666667,0.9291291277465636,0.29931820735955317,91.54285401540271,0.9989195327355886,TSLA
2.4000000000000004,0.0539239875337994,6,0,-0.03864684416416453,0.5066666666666667,0.9291291277465636,0.29931820735955317,91.54285401540271,0.9989195327355886,TSLA
2.5000000000000004,0.0539239875337994,6,0,-0.03864684416416453,0.5066666666666667,0.9291291277465636,0.29931820735955317,91.54285401540271,0.9989195327355886,TSLA
2.6,0.0539239875337994,6,0,-0.03864684416416453,0.5066666666666667,0.9291291277465636,0.29931820735955317,91.54285401540271,0.9989195327355886,TSLA
2.7,0.0539239875337994,6,0,-0.03864684416416453,0.5066666666666667,0.9291291277465636,0.29931820735955317,91.54285401540271,0.9989195327355886,TSLA
2.8000000000000003,0.0539239875337994,6,0,-0.03864684416416453,0.5066666666666667,0.9291291277465636,0.29931820735955317,91.54285401540271,0.9989195327355886,TSLA
2.9000000000000004,0.0539239875337994,6,0,-0.03864684416416453,0.5066666666666667,0.9291291277465636,0.29931820735955317,91.54285401540271,0.9989195327355886,TSLA
3.0000000000000004,0.0539239875337994,6,0,-0.03864684416416453,0.5066666666666667,0.9291291277465636,0.29931820735955317,91.54285401540271,0.9989195327355886,TSLA
3.1,0.0539239875337994,6,0,-0.03864684416416453,0.5066666666666667,0.9291291277465636,0.29931820735955317,91.54285401540271,0.9989195327355886,TSLA
3.2,0.0539239875337994,6,0,-0.03864684416416453,0.5066666666666667,0.9291291277465636,0.29931820735955317,91.54285401540271,0.9989195327355886,TSLA
3.3000000000000003,0.0539239875337994,6,0,-0.03864684416416453,0.5066666666666667,0.9291291277465636,0.29931820735955317,91.54285401540271,0.9989195327355886,TSLA
3.4000000000000004,0.0539239875337994,6,0,-0.03864684416416453,0.5066666666666667,0.9291291277465636,0.29931820735955317,91.54285401540271,0.9989195327355886,TSLA
3.5000000000000004,0.0539239875337994,6,0,-0.03864684416416453,0.5066666666666667,0.9291291277465636,0.29931820735955317,91.54285401540271,0.9989195327355886,TSLA
3.6,0.0539239875337994,6,0,-0.03864684416416453,0.5066666666666667,0.9291291277465636,0.29931820735955317,91.54285401540271,0.9989195327355886,TSLA
3.7,0.0539239875337994,6,0,-0.03864684416416453,0.5066666666666667,0.9291291277465636,0.29931820735955317,91.54285401540271,0.9989195327355886,TSLA
3.8000000000000003,0.0539239875337994,6,0,-0.03864684416416453,0.5066666666666667,0.9291291277465636,0.29931820735955317,91.54285401540271,0.9989195327355886,TSLA
3.9000000000000004,0.0539239875337994,6,0,-0.03864684416416453,0.5066666666666667,0.9291291277465636,0.29931820735955317,91.54285401540271,0.9989195327355886,TSLA
4.0,0.0539239875337994,6,0,-0.03864684416416453,0.5066666666666667,0.9291291277465636,0.29931820735955317,91.54285401540271,0.9989195327355886,TSLA
4.1,0.0539239875337994,6,0,-0.03864684416416453,0.5066666666666667,0.9291291277465636,0.29931820735955317,91.54285401540271,0.9989195327355886,TSLA
4.2,0.0539239875337994,6,0,-0.03864684416416453,0.5066666666666667,0.9291291277465636,0.29931820735955317,91.54285401540271,0.9989195327355886,TSLA
4.3,0.0539239875337994,6,0,-0.03864684416416453,0.5066666666666667,0.9291291277465636,0.29931820735955317,91.54285401540271,0.9989195327355886,TSLA
4.3999999999999995,0.0539239875337994,6,0,-0.03864684416416453,0.5066666666666667,0.9291291277465636,0.29931820735955317,91.54285401540271,0.9989195327355886,TSLA
4.5,0.0539239875337994,6,0,-0.03864684416416453,0.5066666666666667,0.9291291277465636,0.29931820735955317,91.54285401540271,0.9989195327355886,TSLA
4.6,0.0539239875337994,6,0,-0.03864684416416453,0.5066666666666667,0.9291291277465636,0.29931820735955317,91.54285401540271,0.9989195327355886,TSLA
4.7,0.0539239875337994,6,0,-0.03864684416416453,0.5066666666666667,0.9291291277465636,0.29931820735955317,91.54285401540271,0.9989195327355886,TSLA
4.8,0.0539239875337994,6,0,-0.03864684416416453,0.5066666666666667,0.9291291277465636,0.29931820735955317,91.54285401540271,0.9989195327355886,TSLA
4.9,0.0539239875337994,6,0,-0.03864684416416453,0.5066666666666667,0.9291291277465636,0.29931820735955317,91.54285401540271,0.9989195327355886,TSLA
5.0,0.0539239875337994,6,0,-0.03864684416416453,0.5066666666666667,0.9291291277465636,0.29931820735955317,91.54285401540271,0.9989195327355886,TSLA
0.1,0.4460051938637413,5,34,0.012249886684025935,0.5066666666666667,1.024776437976996,0.2015268206100991,37.83089807667911,0.9872545951929383,NVDA
0.2,0.5340341433845421,5,25,0.012249886684025935,0.5066666666666667,1.024776437976996,0.2015268206100991,40.14736707391805,0.9900385913996633,NVDA
0.30000000000000004,0.49910072302246555,5,14,0.012249886684025935,0.5066666666666667,1.024776437976996,0.2015268206100991,40.26302016973568,0.9901662728030822,NVDA
0.4,0.49910072302246555,5,10,0.012249886684025935,0.5066666666666667,1.024776437976996,0.2015268206100991,40.26302016973568,0.9901662728030822,NVDA
0.5,0.49910072302246555,5,7,0.012249886684025935,0.5066666666666667,1.024776437976996,0.2015268206100991,40.26302016973568,0.9901662728030822,NVDA
0.6,0.49910072302246555,5,5,0.012249886684025935,0.5066666666666667,1.024776437976996,0.2015268206100991,40.26302016973568,0.9901662728030822,NVDA
0.7000000000000001,0.24163251237337768,5,3,0.012249886684025935,0.5066666666666667,1.024776437976996,0.2015268206100991,40.11610031479746,0.9900353547054943,NVDA
0.8,0.429349136838945,5,1,0.012249886684025935,0.5066666666666667,1.024776437976996,0.2015268206100991,37.76251142481606,0.987161906561244,NVDA
0.9,0.429349136838945,5,1,0.012249886684025935,0.5066666666666667,1.024776437976996,0.2015268206100991,37.76251142481606,0.987161906561244,NVDA
1.0,0.4460051938637413,5,0,0.012249886684025935,0.5066666666666667,1.024776437976996,0.2015268206100991,37.83089807667911,0.9872545951929383,NVDA
1.1,0.4460051938637413,5,0,0.012249886684025935,0.5066666666666667,1.024776437976996,0.2015268206100991,37.83089807667911,0.9872545951929383,NVDA
1.2000000000000002,0.4460051938637413,5,0,0.012249886684025935,0.5066666666666667,1.024776437976996,0.2015268206100991,37.83089807667911,0.9872545951929383,NVDA
1.3000000000000003,0.4460051938637413,5,0,0.012249886684025935,0.5066666666666667,1.024776437976996,0.2015268206100991,37.83089807667911,0.9872545951929383,NVDA
1.4000000000000001,0.4460051938637413,5,0,0.012249886684025935,0.5066666666666667,1.024776437976996,0.2015268206100991,37.83089807667911,0.9872545951929383,NVDA
1.5000000000000002,0.4460051938637413,5,0,0.012249886684025935,0.5066666666666667,1.024776437976996,0.2015268206100991,37.83089807667911,0.9872545951929383,NVDA
1.6,0.4460051938637413,5,0,0.012249886684025935,0.5066666666666667,1.024776437976996,0.2015268206100991,37.83089807667911,0.9872545951929383,NVDA
1.7000000000000002,0.4460051938637413,5,0,0.012249886684025935,0.5066666666666667,1.024776437976996,0.2015268206100991,37.83089807667911,0.9872545951929383,NVDA
1.8000000000000003,0.4460051938637413,5,0,0.012249886684025935,0.5066666666666667,1.024776437976996,0.2015268206100991,37.83089807667911,0.9872545951929383,NVDA
1.9000000000000001,0.4460051938637413,5,0,0.012249886684025935,0.5066666666666667,1.024776437976996,0.2015268206100991,37.83089807667911,0.9872545951929383,NVDA
2.0,0.4460051938637413,5,0,0.012249886684025935,0.5066666666666667,1.024776437976996,0.2015268206100991,37.83089807667911,0.9872545951929383,NVDA
2.1,0.4460051938637413,5,0,0.012249886684025935,0.5066666666666667,1.024776437976996,0.2015268206100991,37.83089807667911,0.9872545951929383,NVDA
2.2,0.4460051938637413,5,0,0.012249886684025935,0.5066666666666667,1.024776437976996,0.2015268206100991,37.83089807667911,0.9872545951929383,NVDA
2.3000000000000003,0.4460051938637413,5,0,0.012249886684025935,0.5066666666666667,1.024776437976996,0.2015268206100991,37.83089807667911,0.9872545951929383,NVDA
2.4000000000000004,0.4460051938637413,5,0,0.012249886684025935,0.5066666666666667,1.024776437976996,0.2015268206100991,37.83089807667911,0.9872545951929383,NVDA
2.5000000000000004,0.4460051938637413,5,0,0.012249886684025935,0.5066666666666667,1.024776437976996,0.2015268206100991,37.83089807667911,0.9872545951929383,NVDA
2.6,0.4460051938637413,5,0,0.012249886684025935,0.5066666666666667,1.024776437976996,0.2015268206100991,37.83089807667911,0.9872545951929383,NVDA
2.7,0.4460051938637413,5,0,0.012249886684025935,0.5066666666666667,1.024776437976996,0.2015268206100991,37.83089807667911,0.9872545951929383,NVDA
2.8000000000000003,0.4460051938637413,5,0,0.012249886684025935,0.5066666666666667,1.024776437976996,0.2015268206100991,37.83089807667911,0.9872545951929383,NVDA
2.9000000000000004,0.4460051938637413,5,0,0.012249886684025935,0.5066666666666667,1.024776437976996,0.2015268206100991,37.83089807667911,0.9872545951929383,NVDA
3.0000000000000004,0.4460051938637413,5,0,0.012249886684025935,0.5066666666666667,1.024776437976996,0.2015268206100991,37.83089807667911,0.9872545951929383,NVDA
3.1,0.4460051938637413,5,0,0.012249886684025935,0.5066666666666667,1.024776437976996,0.2015268206100991,37.83089807667911,0.9872545951929383,NVDA
3.2,0.4460051938637413,5,0,0.012249886684025935,0.5066666666666667,1.024776437976996,0.2015268206100991,37.83089807667911,0.9872545951929383,NVDA
3.3000000000000003,0.4460051938637413,5,0,0.012249886684025935,0.5066666666666667,1.024776437976996,0.2015268206100991,37.83089807667911,0.9872545951929383,NVDA
3.4000000000000004,0.4460051938637413,5,0,0.012249886684025935,0.5066666666666667,1.024776437976996,0.2015268206100991,37.83089807667911,0.9872545951929383,NVDA
3.5000000000000004,0.4460051938637413,5,0,0.012249886684025935,0.5066666666666667,1.024776437976996,0.2015268206100991,37.83089807667911,0.9872545951929383,NVDA
3.6,0.4460051938637413,5,0,0.012249886684025935,0.5066666666666667,1.024776437976996,0.2015268206100991,37.83089807667911,0.9872545951929383,NVDA
3.7,0.4460051938637413,5,0,0.012249886684025935,0.5066666666666667,1.024776437976996,0.2015268206100991,37.83089807667911,0.9872545951929383,NVDA
3.8000000000000003,0.4460051938637413,5,0,0.012249886684025935,0.5066666666666667,1.024776437976996,0.2015268206100991,37.83089807667911,0.9872545951929383,NVDA
3.9000000000000004,0.4460051938637413,5,0,0.012249886684025935,0.5066666666666667,1.024776437976996,0.2015268206100991,37.83089807667911,0.9872545951929383,NVDA
4.0,0.4460051938637413,5,0,0.012249886684025935,0.5066666666666667,1.024776437976996,0.2015268206100991,37.83089807667911,0.9872545951929383,NVDA
4.1,0.4460051938637413,5,0,0.012249886684025935,0.5066666666666667,1.024776437976996,0.2015268206100991,37.83089807667911,0.9872545951929383,NVDA
4.2,0.4460051938637413,5,0,0.012249886684025935,0.5066666666666667,1.024776437976996,0.2015268206100991,37.83089807667911,0.9872545951929383,NVDA
4.3,0.4460051938637413,5,0,0.012249886684025935,0.5066666666666667,1.024776437976996,0.2015268206100991,37.83089807667911,0.9872545951929383,NVDA
4.3999999999999995,0.4460051938637413,5,0,0.012249886684025935,0.5066666666666667,1.024776437976996,0.2015268206100991,37.83089807667911,0.9872545951929383,NVDA
4.5,0.4460051938637413,5,0,0.012249886684025935,0.5066666666666667,1.024776437976996,0.2015268206100991,37.83089807667911,0.9872545951929383,NVDA
4.6,0.4460051938637413,5,0,0.012249886684025935,0.5066666666666667,1.024776437976996,0.2015268206100991,37.83089807667911,0.9872545951929383,NVDA
4.7,0.4460051938637413,5,0,0.012249886684025935,0.5066666666666667,1.024776437976996,0.2015268206100991,37.83089807667911,0.9872545951929383,NVDA
4.8,0.4460051938637413,5,0,0.012249886684025935,0.5066666666666667,1.024776437976996,0.2015268206100991,37.83089807667911,0.9872545951929383,NVDA
4.9,0.4460051938637413,5,0,0.012249886684025935,0.5066666666666667,1.024776437976996,0.2015268206100991,37.83089807667911,0.9872545951929383,NVDA
5.0,0.4460051938637413,5,0,0.012249886684025935,0.5066666666666667,1.024776437976996,0.2015268206100991,37.83089807667911,0.9872545951929383,NVDA
0.1,0.5147109569762092,5,32,-0.11451971895443941,0.4533333333333333,0.7983286019278032,0.31859865371315343,49.86418628570321,0.9968133431584063,MSFT
0.2,0.504073496374834,5,20,-0.11451971895443941,0.4533333333333333,0.7983286019278032,0.31859865371315343,49.91787850624672,0.9968260538383922,MSFT
0.30000000000000004,0.4963164877485154,4,10,-0.11451971895443941,0.4533333333333333,0.7983286019278032,0.31859865371315343,50.15785257679652,0.9968806541009875,MSFT
0.4,0.4965660364795551,4,4,-0.11451971895443941,0.4533333333333333,0.7983286019278032,0.31859865371315343,50.16137912438834,0.9968814184628592,MSFT
0.5,0.4965660364795551,4,3,-0.11451971895443941,0.4533333333333333,0.7983286019278032,0.31859865371315343,50.16137912438834,0.9968814184628592,MSFT
0.6,0.25013690755331436,5,2,-0.11451971895443941,0.4533333333333333,0.7983286019278032,0.31859865371315343,50.25205213421913,0.9969088239219498,MSFT
0.7000000000000001,0.25013690755331436,5,2,-0.11451971895443941,0.4533333333333333,0.7983286019278032,0.31859865371315343,50.25205213421913,0.9969088239219498,MSFT
0.8,0.25013690755331436,5,2,-0.11451971895443941,0.4533333333333333,0.7983286019278032,0.31859865371315343,50.25205213421913,0.9969088239219498,MSFT
0.9,0.011702983723902993,4,1,-0.11451971895443941,0.4533333333333333,0.7983286019278032,0.31859865371315343,46.042354641276354,0.99580961817625,MSFT
1.0,0.017402345592397894,4,0,-0.11451971895443941,0.4533333333333333,0.7983286019278032,0.31859865371315343,46.178345582996805,0.995851480925477,MSFT
1.1,0.017402345592397894,4,0,-0.11451971895443941,0.4533333333333333,0.7983286019278032,0.31859865371315343,46.178345582996805,0.995851480925477,MSFT
1.2000000000000002,0.017402345592397894,4,0,-0.11451971895443941,0.4533333333333333,0.7983286019278032,0.31859865371315343,46.178345582996805,0.995851480925477,MSFT
1.3000000000000003,0.017402345592397894,4,0,-0.11451971895443941,0.4533333333333333,0.7983286019278032,0.31859865371315343,46.178345582996805,0.995851480925477,MSFT
1.4000000000000001,0.017402345592397894,4,0,-0.11451971895443941,0.4533333333333333,0.7983286019278032,0.31859865371315343,46.178345582996805,0.995851480925477,MSFT
1.5000000000000002,0.017402345592397894,4,0,-0.11451971895443941,0.4533333333333333,0.7983286019278032,0.31859865371315343,46.178345582996805,0.995851480925477,MSFT
1.6,0.017402345592397894,4,0,-0.11451971895443941,0.4533333333333333,0.7983286019278032,0.31859865371315343,46.178345582996805,0.995851480925477,MSFT
1.7000000000000002,0.017402345592397894,4,0,-0.11451971895443941,0.4533333333333333,0.7983286019278032,0.31859865371315343,46.178345582996805,0.995851480925477,MSFT
1.8000000000000003,0.017402345592397894,4,0,-0.11451971895443941,0.4533333333333333,0.7983286019278032,0.31859865371315343,46.178345582996805,0.995851480925477,MSFT
1.9000000000000001,0.017402345592397894,4,0,-0.11451971895443941,0.4533333333333333,0.7983286019278032,0.31859865371315343,46.178345582996805,0.995851480925477,MSFT
2.0,0.017402345592397894,4,0,-0.11451971895443941,0.4533333333333333,0.7983286019278032,0.31859865371315343,46.178345582996805,0.995851480925477,MSFT
2.1,0.017402345592397894,4,0,-0.11451971895443941,0.4533333333333333,0.7983286019278032,0.31859865371315343,46.178345582996805,0.995851480925477,MSFT
2.2,0.017402345592397894,4,0,-0.11451971895443941,0.4533333333333333,0.7983286019278032,0.31859865371315343,46.178345582996805,0.995851480925477,MSFT
2.3000000000000003,0.017402345592397894,4,0,-0.11451971895443941,0.4533333333333333,0.7983286019278032,0.31859865371315343,46.178345582996805,0.995851480925477,MSFT
2.4000000000000004,0.017402345592397894,4,0,-0.11451971895443941,0.4533333333333333,0.7983286019278032,0.31859865371315343,46.178345582996805,0.995851480925477,MSFT
2.5000000000000004,0.017402345592397894,4,0,-0.11451971895443941,0.4533333333333333,0.7983286019278032,0.31859865371315343,46.178345582996805,0.995851480925477,MSFT
2.6,0.017402345592397894,4,0,-0.11451971895443941,0.4533333333333333,0.7983286019278032,0.31859865371315343,46.178345582996805,0.995851480925477,MSFT
2.7,0.017402345592397894,4,0,-0.11451971895443941,0.4533333333333333,0.7983286019278032,0.31859865371315343,46.178345582996805,0.995851480925477,MSFT
2.8000000000000003,0.017402345592397894,4,0,-0.11451971895443941,0.4533333333333333,0.7983286019278032,0.31859865371315343,46.178345582996805,0.995851480925477,MSFT
2.9000000000000004,0.017402345592397894,4,0,-0.11451971895443941,0.4533333333333333,0.7983286019278032,0.31859865371315343,46.178345582996805,0.995851480925477,MSFT
3.0000000000000004,0.017402345592397894,4,0,-0.11451971895443941,0.4533333333333333,0.7983286019278032,0.31859865371315343,46.178345582996805,0.995851480925477,MSFT
3.1,0.017402345592397894,4,0,-0.11451971895443941,0.4533333333333333,0.7983286019278032,0.31859865371315343,46.178345582996805,0.995851480925477,MSFT
3.2,0.017402345592397894,4,0,-0.11451971895443941,0.4533333333333333,0.7983286019278032,0.31859865371315343,46.178345582996805,0.995851480925477,MSFT
3.3000000000000003,0.017402345592397894,4,0,-0.11451971895443941,0.4533333333333333,0.7983286019278032,0.31859865371315343,46.178345582996805,0.995851480925477,MSFT
3.4000000000000004,0.017402345592397894,4,0,-0.11451971895443941,0.4533333333333333,0.7983286019278032,0.31859865371315343,46.178345582996805,0.995851480925477,MSFT
3.5000000000000004,0.017402345592397894,4,0,-0.11451971895443941,0.4533333333333333,0.7983286019278032,0.31859865371315343,46.178345582996805,0.995851480925477,MSFT
3.6,0.017402345592397894,4,0,-0.11451971895443941,0.4533333333333333,0.7983286019278032,0.31859865371315343,46.178345582996805,0.995851480925477,MSFT
3.7,0.017402345592397894,4,0,-0.11451971895443941,0.4533333333333333,0.7983286019278032,0.31859865371315343,46.178345582996805,0.995851480925477,MSFT
3.8000000000000003,0.017402345592397894,4,0,-0.11451971895443941,0.4533333333333333,0.7983286019278032,0.31859865371315343,46.178345582996805,0.995851480925477,MSFT
3.9000000000000004,0.017402345592397894,4,0,-0.11451971895443941,0.4533333333333333,0.7983286019278032,0.31859865371315343,46.178345582996805,0.995851480925477,MSFT
4.0,0.017402345592397894,4,0,-0.11451971895443941,0.4533333333333333,0.7983286019278032,0.31859865371315343,46.178345582996805,0.995851480925477,MSFT
4.1,0.017402345592397894,4,0,-0.11451971895443941,0.4533333333333333,0.7983286019278032,0.31859865371315343,46.178345582996805,0.995851480925477,MSFT
4.2,0.017402345592397894,4,0,-0.11451971895443941,0.4533333333333333,0.7983286019278032,0.31859865371315343,46.178345582996805,0.995851480925477,MSFT
4.3,0.017402345592397894,4,0,-0.11451971895443941,0.4533333333333333,0.7983286019278032,0.31859865371315343,46.178345582996805,0.995851480925477,MSFT
4.3999999999999995,0.017402345592397894,4,0,-0.11451971895443941,0.4533333333333333,0.7983286019278032,0.31859865371315343,46.178345582996805,0.995851480925477,MSFT
4.5,0.017402345592397894,4,0,-0.11451971895443941,0.4533333333333333,0.7983286019278032,0.31859865371315343,46.178345582996805,0.995851480925477,MSFT
4.6,0.017402345592397894,4,0,-0.11451971895443941,0.4533333333333333,0.7983286019278032,0.31859865371315343,46.178345582996805,0.995851480925477,MSFT
4.7,0.017402345592397894,4,0,-0.11451971895443941,0.4533333333333333,0.7983286019278032,0.31859865371315343,46.178345582996805,0.995851480925477,MSFT
4.8,0.017402345592397894,4,0,-0.11451971895443941,0.4533333333333333,0.7983286019278032,0.31859865371315343,46.178345582996805,0.995851480925477,MSFT
4.9,0.017402345592397894,4,0,-0.11451971895443941,0.4533333333333333,0.7983286019278032,0.31859865371315343,46.178345582996805,0.995851480925477,MSFT
5.0,0.017402345592397894,4,0,-0.11451971895443941,0.4533333333333333,0.7983286019278032,0.31859865371315343,46.178345582996805,0.995851480925477,MSFT
0.1,0.4999618297960665,5,31,0.14365847974205498,0.54,1.36246134305727,0.26467189489392295,29.600632236487893,0.9848267538341197,AMD
0.2,0.1323708832322043,4,22,0.14365847974205498,0.54,1.36246134305727,0.26467189489392295,29.547469919801195,0.9852057517542538,AMD
0.30000000000000004,0.047900721169772176,4,18,0.14365847974205498,0.54,1.36246134305727,0.26467189489392295,29.54858258976582,0.9852031331120967,AMD
0.4,0.047900721169772176,4,11,0.14365847974205498,0.54,1.36246134305727,0.26467189489392295,29.54858258976582,0.9852031331120967,AMD
0.5,0.047900721169772176,4,7,0.14365847974205498,0.54,1.36246134305727,0.26467189489392295,29.54858258976582,0.9852031331120967,AMD
0.6,0.047900721169772176,4,6,0.14365847974205498,0.54,1.36246134305727,0.26467189489392295,29.54858258976582,0.9852031331120967,AMD
0.7000000000000001,0.4990888229079613,5,4,0.14365847974205498,0.54,1.36246134305727,0.26467189489392295,29.613235166560305,0.9847579643448929,AMD
0.8,0.4990888229079613,5,4,0.14365847974205498,0.54,1.36246134305727,0.26467189489392295,29.613235166560305,0.9847579643448929,AMD
0.9,0.4990888229079613,5,3,0.14365847974205498,0.54,1.36246134305727,0.26467189489392295,29.613235166560305,0.9847579643448929,AMD
1.0,0.4990888229079613,5,3,0.14365847974205498,0.54,1.36246134305727,0.26467189489392295,29.613235166560305,0.9847579643448929,AMD
1.1,0.09819834940632871,5,2,0.14365847974205498,0.54,1.36246134305727,0.26467189489392295,28.712176107678182,0.9869073062707218,AMD
1.2000000000000002,0.09819834940632871,5,1,0.14365847974205498,0.54,1.36246134305727,0.26467189489392295,28.712176107678182,0.9869073062707218,AMD
1.3000000000000003,0.09819834940632871,5,1,0.14365847974205498,0.54,1.36246134305727,0.26467189489392295,28.712176107678182,0.9869073062707218,AMD
1.4000000000000001,0.11553027059524335,4,0,0.14365847974205498,0.54,1.36246134305727,0.26467189489392295,28.619259503624832,0.9871469850612431,AMD
1.5000000000000002,0.11553027059524335,4,0,0.14365847974205498,0.54,1.36246134305727,0.26467189489392295,28.619259503624832,0.9871469850612431,AMD
1.6,0.11553027059524335,4,0,0.14365847974205498,0.54,1.36246134305727,0.26467189489392295,28.619259503624832,0.9871469850612431,AMD
1.7000000000000002,0.11553027059524335,4,0,0.14365847974205498,0.54,1.36246134305727,0.26467189489392295,28.619259503624832,0.9871469850612431,AMD
1.8000000000000003,0.11553027059524335,4,0,0.14365847974205498,0.54,1.36246134305727,0.26467189489392295,28.619259503624832,0.9871469850612431,AMD
1.9000000000000001,0.11553027059524335,4,0,0.14365847974205498,0.54,1.36246134305727,0.26467189489392295,28.619259503624832,0.9871469850612431,AMD
2.0,0.11553027059524335,4,0,0.14365847974205498,0.54,1.36246134305727,0.26467189489392295,28.619259503624832,0.9871469850612431,AMD
2.1,0.11553027059524335,4,0,0.14365847974205498,0.54,1.36246134305727,0.26467189489392295,28.619259503624832,0.9871469850612431,AMD
2.2,0.11553027059524335,4,0,0.14365847974205498,0.54,1.36246134305727,0.26467189489392295,28.619259503624832,0.9871469850612431,AMD
2.3000000000000003,0.11553027059524335,4,0,0.14365847974205498,0.54,1.36246134305727,0.26467189489392295,28.619259503624832,0.9871469850612431,AMD
2.4000000000000004,0.11553027059524335,4,0,0.14365847974205498,0.54,1.36246134305727,0.26467189489392295,28.619259503624832,0.9871469850612431,AMD
2.5000000000000004,0.11553027059524335,4,0,0.14365847974205498,0.54,1.36246134305727,0.26467189489392295,28.619259503624832,0.9871469850612431,AMD
2.6,0.11553027059524335,4,0,0.14365847974205498,0.54,1.36246134305727,0.26467189489392295,28.619259503624832,0.9871469850612431,AMD
2.7,0.11553027059524335,4,0,0.14365847974205498,0.54,1.36246134305727,0.26467189489392295,28.619259503624832,0.9871469850612431,AMD
2.8000000000000003,0.11553027059524335,4,0,0.14365847974205498,0.54,1.36246134305727,0.26467189489392295,28.619259503624832,0.9871469850612431,AMD
2.9000000000000004,0.11553027059524335,4,0,0.14365847974205498,0.54,1.36246134305727,0.26467189489392295,28.619259503624832,0.9871469850612431,AMD
3.0000000000000004,0.11553027059524335,4,0,0.14365847974205498,0.54,1.36246134305727,0.26467189489392295,28.619259503624832,0.9871469850612431,AMD
3.1,0.11553027059524335,4,0,0.14365847974205498,0.54,1.36246134305727,0.26467189489392295,28.619259503624832,0.9871469850612431,AMD
3.2,0.11553027059524335,4,0,0.14365847974205498,0.54,1.36246134305727,0.26467189489392295,28.619259503624832,0.9871469850612431,AMD
3.3000000000000003,0.11553027059524335,4,0,0.14365847974205498,0.54,1.36246134305727,0.26467189489392295,28.619259503624832,0.9871469850612431,AMD
3.4000000000000004,0.11553027059524335,4,0,0.14365847974205498,0.54,1.36246134305727,0.26467189489392295,28.619259503624832,0.9871469850612431,AMD
3.5000000000000004,0.11553027059524335,4,0,0.14365847974205498,0.54,1.36246134305727,0.26467189489392295,28.619259503624832,0.9871469850612431,AMD
3.6,0.11553027059524335,4,0,0.14365847974205498,0.54,1.36246134305727,0.26467189489392295,28.619259503624832,0.9871469850612431,AMD
3.7,0.11553027059524335,4,0,0.14365847974205498,0.54,1.36246134305727,0.26467189489392295,28.619259503624832,0.9871469850612431,AMD
3.8000000000000003,0.11553027059524335,4,0,0.14365847974205498,0.54,1.36246134305727,0.26467189489392295,28.619259503624832,0.9871469850612431,AMD
3.9000000000000004,0.11553027059524335,4,0,0.14365847974205498,0.54,1.36246134305727,0.26467189489392295,28.619259503624832,0.9871469850612431,AMD
4.0,0.11553027059524335,4,0,0.14365847974205498,0.54,1.36246134305727,0.26467189489392295,28.619259503624832,0.9871469850612431,AMD
4.1,0.11553027059524335,4,0,0.14365847974205498,0.54,1.36246134305727,0.26467189489392295,28.619259503624832,0.9871469850612431,AMD
4.2,0.11553027059524335,4,0,0.14365847974205498,0.54,1.36246134305727,0.26467189489392295,28.619259503624832,0.9871469850612431,AMD
4.3,0.11553027059524335,4,0,0.14365847974205498,0.54,1.36246134305727,0.26467189489392295,28.619259503624832,0.9871469850612431,AMD
4.3999999999999995,0.11553027059524335,4,0,0.14365847974205498,0.54,1.36246134305727,0.26467189489392295,28.619259503624832,0.9871469850612431,AMD
4.5,0.11553027059524335,4,0,0.14365847974205498,0.54,1.36246134305727,0.26467189489392295,28.619259503624832,0.9871469850612431,AMD
4.6,0.11553027059524335,4,0,0.14365847974205498,0.54,1.36246134305727,0.26467189489392295,28.619259503624832,0.9871469850612431,AMD
4.7,0.11553027059524335,4,0,0.14365847974205498,0.54,1.36246134305727,0.26467189489392295,28.619259503624832,0.9871469850612431,AMD
4.8,0.11553027059524335,4,0,0.14365847974205498,0.54,1.36246134305727,0.26467189489392295,28.619259503624832,0.9871469850612431,AMD
4.9,0.11553027059524335,4,0,0.14365847974205498,0.54,1.36246134305727,0.26467189489392295,28.619259503624832,0.9871469850612431,AMD
5.0,0.11553027059524335,4,0,0.14365847974205498,0.54,1.36246134305727,0.26467189489392295,28.619259503624832,0.9871469850612431,AMD
0.1,-0.0002307470241742493,3,31,0.0436920184768787,0.54,1.0880340838823346,0.21736223115695713,7.9520774903354035,0.9722043033619137,AMZN
0.2,-7.232309414723082e-05,3,25,0.0436920184768787,0.54,1.0880340838823346,0.21736223115695713,7.9520774903354035,0.9722043033619137,AMZN
0.30000000000000004,-0.0014874843349554356,3,14,0.0436920184768787,0.54,1.0880340838823346,0.21736223115695713,7.9520774903354035,0.9722043033619137,AMZN
0.4,-0.01301692555371925,4,9,0.0436920184768787,0.54,1.0880340838823346,0.21736223115695713,7.97479100399108,0.9721832657888471,AMZN
0.5,-0.01301692555371925,4,9,0.0436920184768787,0.54,1.0880340838823346,0.21736223115695713,7.97479100399108,0.9721832657888471,AMZN
0.6,-0.01301692555371925,4,7,0.0436920184768787,0.54,1.0880340838823346,0.21736223115695713,7.97479100399108,0.9721832657888471,AMZN
0.7000000000000001,0.39079853105891554,5,4,0.0436920184768787,0.54,1.0880340838823346,0.21736223115695713,7.966650856937926,0.9722002539663267,AMZN
0.8,0.3727894768444474,5,2,0.0436920184768787,0.54,1.0880340838823346,0.21736223115695713,7.981673962618399,0.9721870998735596,AMZN
0.9,-0.05611981627759205,4,1,0.0436920184768787,0.54,1.0880340838823346,0.21736223115695713,8.041869990664699,0.9721392169008007,AMZN
1.0,-0.05611981627759205,4,1,0.0436920184768787,0.54,1.0880340838823346,0.21736223115695713,8.041869990664699,0.9721392169008007,AMZN
1.1,-0.05611981627759205,4,1,0.0436920184768787,0.54,1.0880340838823346,0.21736223115695713,8.041869990664699,0.9721392169008007,AMZN
1.2000000000000002,0.022688097131613405,4,0,0.0436920184768787,0.54,1.0880340838823346,0.21736223115695713,8.005036288190706,0.9721598128410668,AMZN
1.3000000000000003,0.022688097131613405,4,0,0.0436920184768787,0.54,1.0880340838823346,0.21736223115695713,8.005036288190706,0.9721598128410668,AMZN
1.4000000000000001,0.022688097131613405,4,0,0.0436920184768787,0.54,1.0880340838823346,0.21736223115695713,8.005036288190706,0.9721598128410668,AMZN
1.5000000000000002,0.022688097131613405,4,0,0.0436920184768787,0.54,1.0880340838823346,0.21736223115695713,8.005036288190706,0.9721598128410668,AMZN
1.6,0.022688097131613405,4,0,0.0436920184768787,0.54,1.0880340838823346,0.21736223115695713,8.005036288190706,0.9721598128410668,AMZN
1.7000000000000002,0.022688097131613405,4,0,0.0436920184768787,0.54,1.0880340838823346,0.21736223115695713,8.005036288190706,0.9721598128410668,AMZN
1.8000000000000003,0.022688097131613405,4,0,0.0436920184768787,0.54,1.0880340838823346,0.21736223115695713,8.005036288190706,0.9721598128410668,AMZN
1.9000000000000001,0.022688097131613405,4,0,0.0436920184768787,0.54,1.0880340838823346,0.21736223115695713,8.005036288190706,0.9721598128410668,AMZN
2.0,0.022688097131613405,4,0,0.0436920184768787,0.54,1.0880340838823346,0.21736223115695713,8.005036288190706,0.9721598128410668,AMZN
2.1,0.022688097131613405,4,0,0.0436920184768787,0.54,1.0880340838823346,0.21736223115695713,8.005036288190706,0.9721598128410668,AMZN
2.2,0.022688097131613405,4,0,0.0436920184768787,0.54,1.0880340838823346,0.21736223115695713,8.005036288190706,0.9721598128410668,AMZN
2.3000000000000003,0.022688097131613405,4,0,0.0436920184768787,0.54,1.0880340838823346,0.21736223115695713,8.005036288190706,0.9721598128410668,AMZN
2.4000000000000004,0.022688097131613405,4,0,0.0436920184768787,0.54,1.0880340838823346,0.21736223115695713,8.005036288190706,0.9721598128410668,AMZN
2.5000000000000004,0.022688097131613405,4,0,0.0436920184768787,0.54,1.0880340838823346,0.21736223115695713,8.005036288190706,0.9721598128410668,AMZN
2.6,0.022688097131613405,4,0,0.0436920184768787,0.54,1.0880340838823346,0.21736223115695713,8.005036288190706,0.9721598128410668,AMZN
2.7,0.022688097131613405,4,0,0.0436920184768787,0.54,1.0880340838823346,0.21736223115695713,8.005036288190706,0.9721598128410668,AMZN
2.8000000000000003,0.022688097131613405,4,0,0.0436920184768787,0.54,1.0880340838823346,0.21736223115695713,8.005036288190706,0.9721598128410668,AMZN
2.9000000000000004,0.022688097131613405,4,0,0.0436920184768787,0.54,1.0880340838823346,0.21736223115695713,8.005036288190706,0.9721598128410668,AMZN
3.0000000000000004,0.022688097131613405,4,0,0.0436920184768787,0.54,1.0880340838823346,0.21736223115695713,8.005036288190706,0.9721598128410668,AMZN
3.1,0.022688097131613405,4,0,0.0436920184768787,0.54,1.0880340838823346,0.21736223115695713,8.005036288190706,0.9721598128410668,AMZN
3.2,0.022688097131613405,4,0,0.0436920184768787,0.54,1.0880340838823346,0.21736223115695713,8.005036288190706,0.9721598128410668,AMZN
3.3000000000000003,0.022688097131613405,4,0,0.0436920184768787,0.54,1.0880340838823346,0.21736223115695713,8.005036288190706,0.9721598128410668,AMZN
3.4000000000000004,0.022688097131613405,4,0,0.0436920184768787,0.54,1.0880340838823346,0.21736223115695713,8.005036288190706,0.9721598128410668,AMZN
3.5000000000000004,0.022688097131613405,4,0,0.0436920184768787,0.54,1.0880340838823346,0.21736223115695713,8.005036288190706,0.9721598128410668,AMZN
3.6,0.022688097131613405,4,0,0.0436920184768787,0.54,1.0880340838823346,0.21736223115695713,8.005036288190706,0.9721598128410668,AMZN
3.7,0.022688097131613405,4,0,0.0436920184768787,0.54,1.0880340838823346,0.21736223115695713,8.005036288190706,0.9721598128410668,AMZN
3.8000000000000003,0.022688097131613405,4,0,0.0436920184768787,0.54,1.0880340838823346,0.21736223115695713,8.005036288190706,0.9721598128410668,AMZN
3.9000000000000004,0.022688097131613405,4,0,0.0436920184768787,0.54,1.0880340838823346,0.21736223115695713,8.005036288190706,0.9721598128410668,AMZN
4.0,0.022688097131613405,4,0,0.0436920184768787,0.54,1.0880340838823346,0.21736223115695713,8.005036288190706,0.9721598128410668,AMZN
4.1,0.022688097131613405,4,0,0.0436920184768787,0.54,1.0880340838823346,0.21736223115695713,8.005036288190706,0.9721598128410668,AMZN
4.2,0.022688097131613405,4,0,0.0436920184768787,0.54,1.0880340838823346,0.21736223115695713,8.005036288190706,0.9721598128410668,AMZN
4.3,0.022688097131613405,4,0,0.0436920184768787,0.54,1.0880340838823346,0.21736223115695713,8.005036288190706,0.9721598128410668,AMZN
4.3999999999999995,0.022688097131613405,4,0,0.0436920184768787,0.54,1.0880340838823346,0.21736223115695713,8.005036288190706,0.9721598128410668,AMZN
4.5,0.022688097131613405,4,0,0.0436920184768787,0.54,1.0880340838823346,0.21736223115695713,8.005036288190706,0.9721598128410668,AMZN
4.6,0.022688097131613405,4,0,0.0436920184768787,0.54,1.0880340838823346,0.21736223115695713,8.005036288190706,0.9721598128410668,AMZN
4.7,0.022688097131613405,4,0,0.0436920184768787,0.54,1.0880340838823346,0.21736223115695713,8.005036288190706,0.9721598128410668,AMZN
4.8,0.022688097131613405,4,0,0.0436920184768787,0.54,1.0880340838823346,0.21736223115695713,8.005036288190706,0.9721598128410668,AMZN
4.9,0.022688097131613405,4,0,0.0436920184768787,0.54,1.0880340838823346,0.21736223115695713,8.005036288190706,0.9721598128410668,AMZN
5.0,0.022688097131613405,4,0,0.0436920184768787,0.54,1.0880340838823346,0.21736223115695713,8.005036288190706,0.9721598128410668,AMZN
0.1,0.5140881558682475,5,30,0.06913751270821783,0.5,1.160463058974539,0.24601872606522554,13.036828948093504,0.9194749684506385,META
0.2,0.5126426658006036,5,21,0.06913751270821783,0.5,1.160463058974539,0.24601872606522554,13.037558855064699,0.9194653292041165,META
0.30000000000000004,0.5082314590259311,5,12,0.06913751270821783,0.5,1.160463058974539,0.24601872606522554,13.014973524838256,0.9197626769625955,META
0.4,0.5082314590259311,5,8,0.06913751270821783,0.5,1.160463058974539,0.24601872606522554,13.014973524838256,0.9197626769625955,META
0.5,0.5082314590259311,5,5,0.06913751270821783,0.5,1.160463058974539,0.24601872606522554,13.014973524838256,0.9197626769625955,META
0.6,0.5082314590259311,5,2,0.06913751270821783,0.5,1.160463058974539,0.24601872606522554,13.014973524838256,0.9197626769625955,META
0.7000000000000001,0.5088081856069757,5,2,0.06913751270821783,0.5,1.160463058974539,0.24601872606522554,13.015801809445234,0.9197518017982196,META
0.8,0.4326953982002394,5,1,0.06913751270821783,0.5,1.160463058974539,0.24601872606522554,12.021342271719226,0.9327196949910994,META
0.9,0.4326953982002394,5,1,0.06913751270821783,0.5,1.160463058974539,0.24601872606522554,12.021342271719226,0.9327196949910994,META
1.0,0.4326953982002394,5,1,0.06913751270821783,0.5,1.160463058974539,0.24601872606522554,12.021342271719226,0.9327196949910994,META
1.1,-0.0058761616857615495,3,0,0.06913751270821783,0.5,1.160463058974539,0.24601872606522554,17.09042756521372,0.8955632587867078,META
1.2000000000000002,-0.0058761616857615495,3,0,0.06913751270821783,0.5,1.160463058974539,0.24601872606522554,17.09042756521372,0.8955632587867078,META
1.3000000000000003,-0.0058761616857615495,3,0,0.06913751270821783,0.5,1.160463058974539,0.24601872606522554,17.09042756521372,0.8955632587867078,META
1.4000000000000001,-0.0058761616857615495,3,0,0.06913751270821783,0.5,1.160463058974539,0.24601872606522554,17.09042756521372,0.8955632587867078,META
1.5000000000000002,-0.0058761616857615495,3,0,0.06913751270821783,0.5,1.160463058974539,0.24601872606522554,17.09042756521372,0.8955632587867078,META
1.6,-0.0058761616857615495,3,0,0.06913751270821783,0.5,1.160463058974539,0.24601872606522554,17.09042756521372,0.8955632587867078,META
1.7000000000000002,-0.0058761616857615495,3,0,0.06913751270821783,0.5,1.160463058974539,0.24601872606522554,17.09042756521372,0.8955632587867078,META
1.8000000000000003,-0.0058761616857615495,3,0,0.06913751270821783,0.5,1.160463058974539,0.24601872606522554,17.09042756521372,0.8955632587867078,META
1.9000000000000001,-0.0058761616857615495,3,0,0.06913751270821783,0.5,1.160463058974539,0.24601872606522554,17.09042756521372,0.8955632587867078,META
2.0,-0.0058761616857615495,3,0,0.06913751270821783,0.5,1.160463058974539,0.24601872606522554,17.09042756521372,0.8955632587867078,META
2.1,-0.0058761616857615495,3,0,0.06913751270821783,0.5,1.160463058974539,0.24601872606522554,17.09042756521372,0.8955632587867078,META
2.2,-0.0058761616857615495,3,0,0.06913751270821783,0.5,1.160463058974539,0.24601872606522554,17.09042756521372,0.8955632587867078,META
2.3000000000000003,-0.0058761616857615495,3,0,0.06913751270821783,0.5,1.160463058974539,0.24601872606522554,17.09042756521372,0.8955632587867078,META
2.4000000000000004,-0.0058761616857615495,3,0,0.06913751270821783,0.5,1.160463058974539,0.24601872606522554,17.09042756521372,0.8955632587867078,META
2.5000000000000004,-0.0058761616857615495,3,0,0.06913751270821783,0.5,1.160463058974539,0.24601872606522554,17.09042756521372,0.8955632587867078,META
2.6,-0.0058761616857615495,3,0,0.06913751270821783,0.5,1.160463058974539,0.24601872606522554,17.09042756521372,0.8955632587867078,META
2.7,-0.0058761616857615495,3,0,0.06913751270821783,0.5,1.160463058974539,0.24601872606522554,17.09042756521372,0.8955632587867078,META
2.8000000000000003,-0.0058761616857615495,3,0,0.06913751270821783,0.5,1.160463058974539,0.24601872606522554,17.09042756521372,0.8955632587867078,META
2.9000000000000004,-0.0058761616857615495,3,0,0.06913751270821783,0.5,1.160463058974539,0.24601872606522554,17.09042756521372,0.8955632587867078,META
3.0000000000000004,-0.0058761616857615495,3,0,0.06913751270821783,0.5,1.160463058974539,0.24601872606522554,17.09042756521372,0.8955632587867078,META
3.1,-0.0058761616857615495,3,0,0.06913751270821783,0.5,1.160463058974539,0.24601872606522554,17.09042756521372,0.8955632587867078,META
3.2,-0.0058761616857615495,3,0,0.06913751270821783,0.5,1.160463058974539,0.24601872606522554,17.09042756521372,0.8955632587867078,META
3.3000000000000003,-0.0058761616857615495,3,0,0.06913751270821783,0.5,1.160463058974539,0.24601872606522554,17.09042756521372,0.8955632587867078,META
3.4000000000000004,-0.0058761616857615495,3,0,0.06913751270821783,0.5,1.160463058974539,0.24601872606522554,17.09042756521372,0.8955632587867078,META
3.5000000000000004,-0.0058761616857615495,3,0,0.06913751270821783,0.5,1.160463058974539,0.24601872606522554,17.09042756521372,0.8955632587867078,META
3.6,-0.0058761616857615495,3,0,0.06913751270821783,0.5,1.160463058974539,0.24601872606522554,17.09042756521372,0.8955632587867078,META
3.7,-0.0058761616857615495,3,0,0.06913751270821783,0.5,1.160463058974539,0.24601872606522554,17.09042756521372,0.8955632587867078,META
3.8000000000000003,-0.0058761616857615495,3,0,0.06913751270821783,0.5,1.160463058974539,0.24601872606522554,17.09042756521372,0.8955632587867078,META
3.9000000000000004,-0.0058761616857615495,3,0,0.06913751270821783,0.5,1.160463058974539,0.24601872606522554,17.09042756521372,0.8955632587867078,META
4.0,-0.0058761616857615495,3,0,0.06913751270821783,0.5,1.160463058974539,0.24601872606522554,17.09042756521372,0.8955632587867078,META
4.1,-0.0058761616857615495,3,0,0.06913751270821783,0.5,1.160463058974539,0.24601872606522554,17.09042756521372,0.8955632587867078,META
4.2,-0.0058761616857615495,3,0,0.06913751270821783,0.5,1.160463058974539,0.24601872606522554,17.09042756521372,0.8955632587867078,META
4.3,-0.0058761616857615495,3,0,0.06913751270821783,0.5,1.160463058974539,0.24601872606522554,17.09042756521372,0.8955632587867078,META
4.3999999999999995,-0.0058761616857615495,3,0,0.06913751270821783,0.5,1.160463058974539,0.24601872606522554,17.09042756521372,0.8955632587867078,META
4.5,-0.0058761616857615495,3,0,0.06913751270821783,0.5,1.160463058974539,0.24601872606522554,17.09042756521372,0.8955632587867078,META
4.6,-0.0058761616857615495,3,0,0.06913751270821783,0.5,1.160463058974539,0.24601872606522554,17.09042756521372,0.8955632587867078,META
4.7,-0.0058761616857615495,3,0,0.06913751270821783,0.5,1.160463058974539,0.24601872606522554,17.09042756521372,0.8955632587867078,META
4.8,-0.0058761616857615495,3,0,0.06913751270821783,0.5,1.160463058974539,0.24601872606522554,17.09042756521372,0.8955632587867078,META
4.9,-0.0058761616857615495,3,0,0.06913751270821783,0.5,1.160463058974539,0.24601872606522554,17.09042756521372,0.8955632587867078,META
5.0,-0.0058761616857615495,3,0,0.06913751270821783,0.5,1.160463058974539,0.24601872606522554,17.09042756521372,0.8955632587867078,META
0.30000000000000004,0.5020808524001023,5,16,0.13128151179593428,0.49333333333333335,1.3626042019025533,0.20366458055509049,26.284999169820672,0.9965433728983576,GOOGL
0.4,0.5005289718205801,5,9,0.13128151179593428,0.49333333333333335,1.3626042019025533,0.20366458055509049,26.395666061776257,0.9965791574922036,GOOGL
0.5,0.5005289718205801,5,5,0.13128151179593428,0.49333333333333335,1.3626042019025533,0.20366458055509049,26.395666061776257,0.9965791574922036,GOOGL
0.6,0.5005289718205801,5,3,0.13128151179593428,0.49333333333333335,1.3626042019025533,0.20366458055509049,26.395666061776257,0.9965791574922036,GOOGL
0.7000000000000001,0.3230619683251957,5,2,0.13128151179593428,0.49333333333333335,1.3626042019025533,0.20366458055509049,27.38677349314649,0.996888651658861,GOOGL
0.8,0.3230619683251957,5,1,0.13128151179593428,0.49333333333333335,1.3626042019025533,0.20366458055509049,27.38677349314649,0.996888651658861,GOOGL
0.9,0.3230619683251957,5,1,0.13128151179593428,0.49333333333333335,1.3626042019025533,0.20366458055509049,27.38677349314649,0.996888651658861,GOOGL
1.0,0.3230619683251957,5,1,0.13128151179593428,0.49333333333333335,1.3626042019025533,0.20366458055509049,27.38677349314649,0.996888651658861,GOOGL
1.1,0.1227781908045879,4,0,0.13128151179593428,0.49333333333333335,1.3626042019025533,0.20366458055509049,23.929670296060962,0.9957117728141125,GOOGL
1.2000000000000002,0.1227781908045879,4,0,0.13128151179593428,0.49333333333333335,1.3626042019025533,0.20366458055509049,23.929670296060962,0.9957117728141125,GOOGL
1.3000000000000003,0.1227781908045879,4,0,0.13128151179593428,0.49333333333333335,1.3626042019025533,0.20366458055509049,23.929670296060962,0.9957117728141125,GOOGL
1.4000000000000001,0.1227781908045879,4,0,0.13128151179593428,0.49333333333333335,1.3626042019025533,0.20366458055509049,23.929670296060962,0.9957117728141125,GOOGL
1.5000000000000002,0.1227781908045879,4,0,0.13128151179593428,0.49333333333333335,1.3626042019025533,0.20366458055509049,23.929670296060962,0.9957117728141125,GOOGL
1.6,0.1227781908045879,4,0,0.13128151179593428,0.49333333333333335,1.3626042019025533,0.20366458055509049,23.929670296060962,0.9957117728141125,GOOGL
1.7000000000000002,0.1227781908045879,4,0,0.13128151179593428,0.49333333333333335,1.3626042019025533,0.20366458055509049,23.929670296060962,0.9957117728141125,GOOGL
1.8000000000000003,0.1227781908045879,4,0,0.13128151179593428,0.49333333333333335,1.3626042019025533,0.20366458055509049,23.929670296060962,0.9957117728141125,GOOGL
1.9000000000000001,0.1227781908045879,4,0,0.13128151179593428,0.49333333333333335,1.3626042019025533,0.20366458055509049,23.929670296060962,0.9957117728141125,GOOGL
2.0,0.1227781908045879,4,0,0.13128151179593428,0.49333333333333335,1.3626042019025533,0.20366458055509049,23.929670296060962,0.9957117728141125,GOOGL
2.1,0.1227781908045879,4,0,0.13128151179593428,0.49333333333333335,1.3626042019025533,0.20366458055509049,23.929670296060962,0.9957117728141125,GOOGL
2.2,0.1227781908045879,4,0,0.13128151179593428,0.49333333333333335,1.3626042019025533,0.20366458055509049,23.929670296060962,0.9957117728141125,GOOGL
2.3000000000000003,0.1227781908045879,4,0,0.13128151179593428,0.49333333333333335,1.3626042019025533,0.20366458055509049,23.929670296060962,0.9957117728141125,GOOGL
2.4000000000000004,0.1227781908045879,4,0,0.13128151179593428,0.49333333333333335,1.3626042019025533,0.20366458055509049,23.929670296060962,0.9957117728141125,GOOGL
2.5000000000000004,0.1227781908045879,4,0,0.13128151179593428,0.49333333333333335,1.3626042019025533,0.20366458055509049,23.929670296060962,0.9957117728141125,GOOGL
2.6,0.1227781908045879,4,0,0.13128151179593428,0.49333333333333335,1.3626042019025533,0.20366458055509049,23.929670296060962,0.9957117728141125,GOOGL
2.7,0.1227781908045879,4,0,0.13128151179593428,0.49333333333333335,1.3626042019025533,0.20366458055509049,23.929670296060962,0.9957117728141125,GOOGL
2.8000000000000003,0.1227781908045879,4,0,0.13128151179593428,0.49333333333333335,1.3626042019025533,0.20366458055509049,23.929670296060962,0.9957117728141125,GOOGL
2.9000000000000004,0.1227781908045879,4,0,0.13128151179593428,0.49333333333333335,1.3626042019025533,0.20366458055509049,23.929670296060962,0.9957117728141125,GOOGL
3.0000000000000004,0.1227781908045879,4,0,0.13128151179593428,0.49333333333333335,1.3626042019025533,0.20366458055509049,23.929670296060962,0.9957117728141125,GOOGL
3.1,0.1227781908045879,4,0,0.13128151179593428,0.49333333333333335,1.3626042019025533,0.20366458055509049,23.929670296060962,0.9957117728141125,GOOGL
3.2,0.1227781908045879,4,0,0.13128151179593428,0.49333333333333335,1.3626042019025533,0.20366458055509049,23.929670296060962,0.9957117728141125,GOOGL
3.3000000000000003,0.1227781908045879,4,0,0.13128151179593428,0.49333333333333335,1.3626042019025533,0.20366458055509049,23.929670296060962,0.9957117728141125,GOOGL
3.4000000000000004,0.1227781908045879,4,0,0.13128151179593428,0.49333333333333335,1.3626042019025533,0.20366458055509049,23.929670296060962,0.9957117728141125,GOOGL
3.5000000000000004,0.1227781908045879,4,0,0.13128151179593428,0.49333333333333335,1.3626042019025533,0.20366458055509049,23.929670296060962,0.9957117728141125,GOOGL
3.6,0.1227781908045879,4,0,0.13128151179593428,0.49333333333333335,1.3626042019025533,0.20366458055509049,23.929670296060962,0.9957117728141125,GOOGL
3.7,0.1227781908045879,4,0,0.13128151179593428,0.49333333333333335,1.3626042019025533,0.20366458055509049,23.929670296060962,0.9957117728141125,GOOGL
3.8000000000000003,0.1227781908045879,4,0,0.13128151179593428,0.49333333333333335,1.3626042019025533,0.20366458055509049,23.929670296060962,0.9957117728141125,GOOGL
3.9000000000000004,0.1227781908045879,4,0,0.13128151179593428,0.49333333333333335,1.3626042019025533,0.20366458055509049,23.929670296060962,0.9957117728141125,GOOGL
4.0,0.1227781908045879,4,0,0.13128151179593428,0.49333333333333335,1.3626042019025533,0.20366458055509049,23.929670296060962,0.9957117728141125,GOOGL
4.1,0.1227781908045879,4,0,0.13128151179593428,0.49333333333333335,1.3626042019025533,0.20366458055509049,23.929670296060962,0.9957117728141125,GOOGL
4.2,0.1227781908045879,4,0,0.13128151179593428,0.49333333333333335,1.3626042019025533,0.20366458055509049,23.929670296060962,0.9957117728141125,GOOGL
4.3,0.1227781908045879,4,0,0.13128151179593428,0.49333333333333335,1.3626042019025533,0.20366458055509049,23.929670296060962,0.9957117728141125,GOOGL
4.3999999999999995,0.1227781908045879,4,0,0.13128151179593428,0.49333333333333335,1.3626042019025533,0.20366458055509049,23.929670296060962,0.9957117728141125,GOOGL
4.5,0.1227781908045879,4,0,0.13128151179593428,0.49333333333333335,1.3626042019025533,0.20366458055509049,23.929670296060962,0.9957117728141125,GOOGL
4.6,0.1227781908045879,4,0,0.13128151179593428,0.49333333333333335,1.3626042019025533,0.20366458055509049,23.929670296060962,0.9957117728141125,GOOGL
4.7,0.1227781908045879,4,0,0.13128151179593428,0.49333333333333335,1.3626042019025533,0.20366458055509049,23.929670296060962,0.9957117728141125,GOOGL
4.8,0.1227781908045879,4,0,0.13128151179593428,0.49333333333333335,1.3626042019025533,0.20366458055509049,23.929670296060962,0.9957117728141125,GOOGL
4.9,0.1227781908045879,4,0,0.13128151179593428,0.49333333333333335,1.3626042019025533,0.20366458055509049,23.929670296060962,0.9957117728141125,GOOGL
5.0,0.1227781908045879,4,0,0.13128151179593428,0.49333333333333335,1.3626042019025533,0.20366458055509049,23.929670296060962,0.9957117728141125,GOOGL
0.1,1.0066975711930937e-06,4,32,-0.11561806394127533,0.4533333333333333,0.7967874505711576,0.3446220249645651,32.31482725617588,0.9891974300715655,NFLX
0.2,0.4996222646801444,5,20,-0.11561806394127533,0.4533333333333333,0.7967874505711576,0.3446220249645651,32.55503052911197,0.9894417584525048,NFLX
0.30000000000000004,0.4995792873818294,5,17,-0.11561806394127533,0.4533333333333333,0.7967874505711576,0.3446220249645651,32.56849116953226,0.989454886900802,NFLX
0.4,0.38505813886956153,4,9,-0.11561806394127533,0.4533333333333333,0.7967874505711576,0.3446220249645651,32.28972540320926,0.9891876628197389,NFLX
0.5,0.38505813886956153,4,7,-0.11561806394127533,0.4533333333333333,0.7967874505711576,0.3446220249645651,32.28972540320926,0.9891876628197389,NFLX
0.6,0.4691632815417345,5,4,-0.11561806394127533,0.4533333333333333,0.7967874505711576,0.3446220249645651,32.94530793344857,0.989811074768139,NFLX
0.7000000000000001,0.4691632815417345,5,1,-0.11561806394127533,0.4533333333333333,0.7967874505711576,0.3446220249645651,32.94530793344857,0.989811074768139,NFLX
0.8,0.4691979683692435,4,1,-0.11561806394127533,0.4533333333333333,0.7967874505711576,0.3446220249645651,32.94585789472178,0.9898115883002162,NFLX
0.9,0.46926894632856225,5,1,-0.11561806394127533,0.4533333333333333,0.7967874505711576,0.3446220249645651,32.94644481069483,0.9898121365574756,NFLX
1.0,0.46926894632856225,5,1,-0.11561806394127533,0.4533333333333333,0.7967874505711576,0.3446220249645651,32.94644481069483,0.9898121365574756,NFLX
1.1,0.40720338352712526,5,0,-0.11561806394127533,0.4533333333333333,0.7967874505711576,0.3446220249645651,30.754021613626936,0.9876878696370329,NFLX
1.2000000000000002,0.40720338352712526,5,0,-0.11561806394127533,0.4533333333333333,0.7967874505711576,0.3446220249645651,30.754021613626936,0.9876878696370329,NFLX
1.3000000000000003,0.40720338352712526,5,0,-0.11561806394127533,0.4533333333333333,0.7967874505711576,0.3446220249645651,30.754021613626936,0.9876878696370329,NFLX
1.4000000000000001,0.40720338352712526,5,0,-0.11561806394127533,0.4533333333333333,0.7967874505711576,0.3446220249645651,30.754021613626936,0.9876878696370329,NFLX
1.5000000000000002,0.40720338352712526,5,0,-0.11561806394127533,0.4533333333333333,0.7967874505711576,0.3446220249645651,30.754021613626936,0.9876878696370329,NFLX
1.6,0.40720338352712526,5,0,-0.11561806394127533,0.4533333333333333,0.7967874505711576,0.3446220249645651,30.754021613626936,0.9876878696370329,NFLX
1.7000000000000002,0.40720338352712526,5,0,-0.11561806394127533,0.4533333333333333,0.7967874505711576,0.3446220249645651,30.754021613626936,0.9876878696370329,NFLX
1.8000000000000003,0.40720338352712526,5,0,-0.11561806394127533,0.4533333333333333,0.7967874505711576,0.3446220249645651,30.754021613626936,0.9876878696370329,NFLX
1.9000000000000001,0.40720338352712526,5,0,-0.11561806394127533,0.4533333333333333,0.7967874505711576,0.3446220249645651,30.754021613626936,0.9876878696370329,NFLX
2.0,0.40720338352712526,5,0,-0.11561806394127533,0.4533333333333333,0.7967874505711576,0.3446220249645651,30.754021613626936,0.9876878696370329,NFLX
2.1,0.40720338352712526,5,0,-0.11561806394127533,0.4533333333333333,0.7967874505711576,0.3446220249645651,30.754021613626936,0.9876878696370329,NFLX
2.2,0.40720338352712526,5,0,-0.11561806394127533,0.4533333333333333,0.7967874505711576,0.3446220249645651,30.754021613626936,0.9876878696370329,NFLX
2.3000000000000003,0.40720338352712526,5,0,-0.11561806394127533,0.4533333333333333,0.7967874505711576,0.3446220249645651,30.754021613626936,0.9876878696370329,NFLX
2.4000000000000004,0.40720338352712526,5,0,-0.11561806394127533,0.4533333333333333,0.7967874505711576,0.3446220249645651,30.754021613626936,0.9876878696370329,NFLX
2.5000000000000004,0.40720338352712526,5,0,-0.11561806394127533,0.4533333333333333,0.7967874505711576,0.3446220249645651,30.754021613626936,0.9876878696370329,NFLX
2.6,0.40720338352712526,5,0,-0.11561806394127533,0.4533333333333333,0.7967874505711576,0.3446220249645651,30.754021613626936,0.9876878696370329,NFLX
2.7,0.40720338352712526,5,0,-0.11561806394127533,0.4533333333333333,0.7967874505711576,0.3446220249645651,30.754021613626936,0.9876878696370329,NFLX
2.8000000000000003,0.40720338352712526,5,0,-0.11561806394127533,0.4533333333333333,0.7967874505711576,0.3446220249645651,30.754021613626936,0.9876878696370329,NFLX
2.9000000000000004,0.40720338352712526,5,0,-0.11561806394127533,0.4533333333333333,0.7967874505711576,0.3446220249645651,30.754021613626936,0.9876878696370329,NFLX
3.0000000000000004,0.40720338352712526,5,0,-0.11561806394127533,0.4533333333333333,0.7967874505711576,0.3446220249645651,30.754021613626936,0.9876878696370329,NFLX
3.1,0.40720338352712526,5,0,-0.11561806394127533,0.4533333333333333,0.7967874505711576,0.3446220249645651,30.754021613626936,0.9876878696370329,NFLX
3.2,0.40720338352712526,5,0,-0.11561806394127533,0.4533333333333333,0.7967874505711576,0.3446220249645651,30.754021613626936,0.9876878696370329,NFLX
3.3000000000000003,0.40720338352712526,5,0,-0.11561806394127533,0.4533333333333333,0.7967874505711576,0.3446220249645651,30.754021613626936,0.9876878696370329,NFLX
3.4000000000000004,0.40720338352712526,5,0,-0.11561806394127533,0.4533333333333333,0.7967874505711576,0.3446220249645651,30.754021613626936,0.9876878696370329,NFLX
3.5000000000000004,0.40720338352712526,5,0,-0.11561806394127533,0.4533333333333333,0.7967874505711576,0.3446220249645651,30.754021613626936,0.9876878696370329,NFLX
3.6,0.40720338352712526,5,0,-0.11561806394127533,0.4533333333333333,0.7967874505711576,0.3446220249645651,30.754021613626936,0.9876878696370329,NFLX
3.7,0.40720338352712526,5,0,-0.11561806394127533,0.4533333333333333,0.7967874505711576,0.3446220249645651,30.754021613626936,0.9876878696370329,NFLX
3.8000000000000003,0.40720338352712526,5,0,-0.11561806394127533,0.4533333333333333,0.7967874505711576,0.3446220249645651,30.754021613626936,0.9876878696370329,NFLX
3.9000000000000004,0.40720338352712526,5,0,-0.11561806394127533,0.4533333333333333,0.7967874505711576,0.3446220249645651,30.754021613626936,0.9876878696370329,NFLX
4.0,0.40720338352712526,5,0,-0.11561806394127533,0.4533333333333333,0.7967874505711576,0.3446220249645651,30.754021613626936,0.9876878696370329,NFLX
4.1,0.40720338352712526,5,0,-0.11561806394127533,0.4533333333333333,0.7967874505711576,0.3446220249645651,30.754021613626936,0.9876878696370329,NFLX
4.2,0.40720338352712526,5,0,-0.11561806394127533,0.4533333333333333,0.7967874505711576,0.3446220249645651,30.754021613626936,0.9876878696370329,NFLX
4.3,0.40720338352712526,5,0,-0.11561806394127533,0.4533333333333333,0.7967874505711576,0.3446220249645651,30.754021613626936,0.9876878696370329,NFLX
4.3999999999999995,0.40720338352712526,5,0,-0.11561806394127533,0.4533333333333333,0.7967874505711576,0.3446220249645651,30.754021613626936,0.9876878696370329,NFLX
4.5,0.40720338352712526,5,0,-0.11561806394127533,0.4533333333333333,0.7967874505711576,0.3446220249645651,30.754021613626936,0.9876878696370329,NFLX
4.6,0.40720338352712526,5,0,-0.11561806394127533,0.4533333333333333,0.7967874505711576,0.3446220249645651,30.754021613626936,0.9876878696370329,NFLX
4.7,0.40720338352712526,5,0,-0.11561806394127533,0.4533333333333333,0.7967874505711576,0.3446220249645651,30.754021613626936,0.9876878696370329,NFLX
4.8,0.40720338352712526,5,0,-0.11561806394127533,0.4533333333333333,0.7967874505711576,0.3446220249645651,30.754021613626936,0.9876878696370329,NFLX
4.9,0.40720338352712526,5,0,-0.11561806394127533,0.4533333333333333,0.7967874505711576,0.3446220249645651,30.754021613626936,0.9876878696370329,NFLX
5.0,0.40720338352712526,5,0,-0.11561806394127533,0.4533333333333333,0.7967874505711576,0.3446220249645651,30.754021613626936,0.9876878696370329,NFLX
0.1,0.5014466415759464,5,34,-0.10486936256974633,0.38666666666666666,0.7866496933446407,0.32430293391095866,166.11381807853562,0.9997452027883793,BABA
0.30000000000000004,0.5026299959530396,5,15,-0.10486936256974633,0.38666666666666666,0.7866496933446407,0.32430293391095866,166.5206618182949,0.999747193425084,BABA
0.4,0.5026299959530396,5,13,-0.10486936256974633,0.38666666666666666,0.7866496933446407,0.32430293391095866,166.5206618182949,0.999747193425084,BABA
0.5,0.5012312766815776,5,10,-0.10486936256974633,0.38666666666666666,0.7866496933446407,0.32430293391095866,166.5158313023355,0.9997471701964029,BABA
0.6,0.5012312766815776,5,8,-0.10486936256974633,0.38666666666666666,0.7866496933446407,0.32430293391095866,166.5158313023355,0.9997471701964029,BABA
0.7000000000000001,0.5012312766815776,5,4,-0.10486936256974633,0.38666666666666666,0.7866496933446407,0.32430293391095866,166.5158313023355,0.9997471701964029,BABA
0.8,0.5012312766815776,5,3,-0.10486936256974633,0.38666666666666666,0.7866496933446407,0.32430293391095866,166.5158313023355,0.9997471701964029,BABA
0.9,0.5012312766815776,5,3,-0.10486936256974633,0.38666666666666666,0.7866496933446407,0.32430293391095866,166.5158313023355,0.9997471701964029,BABA
1.0,0.3984811568897446,4,1,-0.10486936256974633,0.38666666666666666,0.7866496933446407,0.32430293391095866,177.24590944668722,0.9997916621904932,BABA
1.1,0.3984811568897446,4,1,-0.10486936256974633,0.38666666666666666,0.7866496933446407,0.32430293391095866,177.24590944668722,0.9997916621904932,BABA
1.2000000000000002,0.34973554819464425,5,0,-0.10486936256974633,0.38666666666666666,0.7866496933446407,0.32430293391095866,174.1948291327978,0.9997803386317992,BABA
1.3000000000000003,0.34973554819464425,5,0,-0.10486936256974633,0.38666666666666666,0.7866496933446407,0.32430293391095866,174.1948291327978,0.9997803386317992,BABA
1.4000000000000001,0.34973554819464425,5,0,-0.10486936256974633,0.38666666666666666,0.7866496933446407,0.32430293391095866,174.1948291327978,0.9997803386317992,BABA
1.5000000000000002,0.34973554819464425,5,0,-0.10486936256974633,0.38666666666666666,0.7866496933446407,0.32430293391095866,174.1948291327978,0.9997803386317992,BABA
1.6,0.34973554819464425,5,0,-0.10486936256974633,0.38666666666666666,0.7866496933446407,0.32430293391095866,174.1948291327978,0.9997803386317992,BABA
1.7000000000000002,0.34973554819464425,5,0,-0.10486936256974633,0.38666666666666666,0.7866496933446407,0.32430293391095866,174.1948291327978,0.9997803386317992,BABA
1.8000000000000003,0.34973554819464425,5,0,-0.10486936256974633,0.38666666666666666,0.7866496933446407,0.32430293391095866,174.1948291327978,0.9997803386317992,BABA
1.9000000000000001,0.34973554819464425,5,0,-0.10486936256974633,0.38666666666666666,0.7866496933446407,0.32430293391095866,174.1948291327978,0.9997803386317992,BABA
2.0,0.34973554819464425,5,0,-0.10486936256974633,0.38666666666666666,0.7866496933446407,0.32430293391095866,174.1948291327978,0.9997803386317992,BABA
2.1,0.34973554819464425,5,0,-0.10486936256974633,0.38666666666666666,0.7866496933446407,0.32430293391095866,174.1948291327978,0.9997803386317992,BABA
2.2,0.34973554819464425,5,0,-0.10486936256974633,0.38666666666666666,0.7866496933446407,0.32430293391095866,174.1948291327978,0.9997803386317992,BABA
2.3000000000000003,0.34973554819464425,5,0,-0.10486936256974633,0.38666666666666666,0.7866496933446407,0.32430293391095866,174.1948291327978,0.9997803386317992,BABA
2.4000000000000004,0.34973554819464425,5,0,-0.10486936256974633,0.38666666666666666,0.7866496933446407,0.32430293391095866,174.1948291327978,0.9997803386317992,BABA
2.5000000000000004,0.34973554819464425,5,0,-0.10486936256974633,0.38666666666666666,0.7866496933446407,0.32430293391095866,174.1948291327978,0.9997803386317992,BABA
2.6,0.34973554819464425,5,0,-0.10486936256974633,0.38666666666666666,0.7866496933446407,0.32430293391095866,174.1948291327978,0.9997803386317992,BABA
2.7,0.34973554819464425,5,0,-0.10486936256974633,0.38666666666666666,0.7866496933446407,0.32430293391095866,174.1948291327978,0.9997803386317992,BABA
2.8000000000000003,0.34973554819464425,5,0,-0.10486936256974633,0.38666666666666666,0.7866496933446407,0.32430293391095866,174.1948291327978,0.9997803386317992,BABA
2.9000000000000004,0.34973554819464425,5,0,-0.10486936256974633,0.38666666666666666,0.7866496933446407,0.32430293391095866,174.1948291327978,0.9997803386317992,BABA
3.0000000000000004,0.34973554819464425,5,0,-0.10486936256974633,0.38666666666666666,0.7866496933446407,0.32430293391095866,174.1948291327978,0.9997803386317992,BABA
3.1,0.34973554819464425,5,0,-0.10486936256974633,0.38666666666666666,0.7866496933446407,0.32430293391095866,174.1948291327978,0.9997803386317992,BABA
3.2,0.34973554819464425,5,0,-0.10486936256974633,0.38666666666666666,0.7866496933446407,0.32430293391095866,174.1948291327978,0.9997803386317992,BABA
3.3000000000000003,0.34973554819464425,5,0,-0.10486936256974633,0.38666666666666666,0.7866496933446407,0.32430293391095866,174.1948291327978,0.9997803386317992,BABA
3.4000000000000004,0.34973554819464425,5,0,-0.10486936256974633,0.38666666666666666,0.7866496933446407,0.32430293391095866,174.1948291327978,0.9997803386317992,BABA
3.5000000000000004,0.34973554819464425,5,0,-0.10486936256974633,0.38666666666666666,0.7866496933446407,0.32430293391095866,174.1948291327978,0.9997803386317992,BABA
3.6,0.34973554819464425,5,0,-0.10486936256974633,0.38666666666666666,0.7866496933446407,0.32430293391095866,174.1948291327978,0.9997803386317992,BABA
3.7,0.34973554819464425,5,0,-0.10486936256974633,0.38666666666666666,0.7866496933446407,0.32430293391095866,174.1948291327978,0.9997803386317992,BABA
3.8000000000000003,0.34973554819464425,5,0,-0.10486936256974633,0.38666666666666666,0.7866496933446407,0.32430293391095866,174.1948291327978,0.9997803386317992,BABA
3.9000000000000004,0.34973554819464425,5,0,-0.10486936256974633,0.38666666666666666,0.7866496933446407,0.32430293391095866,174.1948291327978,0.9997803386317992,BABA
4.0,0.34973554819464425,5,0,-0.10486936256974633,0.38666666666666666,0.7866496933446407,0.32430293391095866,174.1948291327978,0.9997803386317992,BABA
4.1,0.34973554819464425,5,0,-0.10486936256974633,0.38666666666666666,0.7866496933446407,0.32430293391095866,174.1948291327978,0.9997803386317992,BABA
4.2,0.34973554819464425,5,0,-0.10486936256974633,0.38666666666666666,0.7866496933446407,0.32430293391095866,174.1948291327978,0.9997803386317992,BABA
4.3,0.34973554819464425,5,0,-0.10486936256974633,0.38666666666666666,0.7866496933446407,0.32430293391095866,174.1948291327978,0.9997803386317992,BABA
4.3999999999999995,0.34973554819464425,5,0,-0.10486936256974633,0.38666666666666666,0.7866496933446407,0.32430293391095866,174.1948291327978,0.9997803386317992,BABA
4.5,0.34973554819464425,5,0,-0.10486936256974633,0.38666666666666666,0.7866496933446407,0.32430293391095866,174.1948291327978,0.9997803386317992,BABA
4.6,0.34973554819464425,5,0,-0.10486936256974633,0.38666666666666666,0.7866496933446407,0.32430293391095866,174.1948291327978,0.9997803386317992,BABA
4.7,0.34973554819464425,5,0,-0.10486936256974633,0.38666666666666666,0.7866496933446407,0.32430293391095866,174.1948291327978,0.9997803386317992,BABA
4.8,0.34973554819464425,5,0,-0.10486936256974633,0.38666666666666666,0.7866496933446407,0.32430293391095866,174.1948291327978,0.9997803386317992,BABA
4.9,0.34973554819464425,5,0,-0.10486936256974633,0.38666666666666666,0.7866496933446407,0.32430293391095866,174.1948291327978,0.9997803386317992,BABA
5.0,0.34973554819464425,5,0,-0.10486936256974633,0.38666666666666666,0.7866496933446407,0.32430293391095866,174.1948291327978,0.9997803386317992,BABA
0.1,-164.02289008405097,3,28,0.08699090682079136,0.5533333333333333,1.1865386931901891,0.08884972579330949,5.1485700625348345,0.9684338757101587,SPY
0.2,-164.02289008405097,3,21,0.08699090682079136,0.5533333333333333,1.1865386931901891,0.08884972579330949,5.1485700625348345,0.9684338757101587,SPY
0.30000000000000004,-164.02289008405097,3,13,0.08699090682079136,0.5533333333333333,1.1865386931901891,0.08884972579330949,5.1485700625348345,0.9684338757101587,SPY
0.4,-178.2455325819671,3,8,0.08699090682079136,0.5533333333333333,1.1865386931901891,0.08884972579330949,5.1485700625348345,0.9684338757101587,SPY
0.5,-227.859039602677,3,7,0.08699090682079136,0.5533333333333333,1.1865386931901891,0.08884972579330949,5.1485700625348345,0.9684338757101587,SPY
0.6,-227.859039602677,3,5,0.08699090682079136,0.5533333333333333,1.1865386931901891,0.08884972579330949,5.1485700625348345,0.9684338757101587,SPY
0.7000000000000001,-227.859039602677,3,4,0.08699090682079136,0.5533333333333333,1.1865386931901891,0.08884972579330949,5.1485700625348345,0.9684338757101587,SPY
0.8,-227.859039602677,3,4,0.08699090682079136,0.5533333333333333,1.1865386931901891,0.08884972579330949,5.1485700625348345,0.9684338757101587,SPY
0.9,-227.859039602677,3,4,0.08699090682079136,0.5533333333333333,1.1865386931901891,0.08884972579330949,5.1485700625348345,0.9684338757101587,SPY
1.0,-227.859039602677,3,4,0.08699090682079136,0.5533333333333333,1.1865386931901891,0.08884972579330949,5.1485700625348345,0.9684338757101587,SPY
1.1,-227.859039602677,3,4,0.08699090682079136,0.5533333333333333,1.1865386931901891,0.08884972579330949,5.1485700625348345,0.9684338757101587,SPY
1.2000000000000002,0.24419455416587443,4,3,0.08699090682079136,0.5533333333333333,1.1865386931901891,0.08884972579330949,5.33185155349368,0.9689917483290416,SPY
1.3000000000000003,0.24419455416587443,4,3,0.08699090682079136,0.5533333333333333,1.1865386931901891,0.08884972579330949,5.33185155349368,0.9689917483290416,SPY
1.4000000000000001,0.24419455416587443,4,2,0.08699090682079136,0.5533333333333333,1.1865386931901891,0.08884972579330949,5.33185155349368,0.9689917483290416,SPY
1.5000000000000002,0.24419455416587443,4,2,0.08699090682079136,0.5533333333333333,1.1865386931901891,0.08884972579330949,5.33185155349368,0.9689917483290416,SPY
1.6,0.24419455416587443,4,2,0.08699090682079136,0.5533333333333333,1.1865386931901891,0.08884972579330949,5.33185155349368,0.9689917483290416,SPY
1.7000000000000002,0.24419455416587443,4,1,0.08699090682079136,0.5533333333333333,1.1865386931901891,0.08884972579330949,5.33185155349368,0.9689917483290416,SPY
1.8000000000000003,0.24740556599053432,4,1,0.08699090682079136,0.5533333333333333,1.1865386931901891,0.08884972579330949,5.331777967881768,0.9689914986073778,SPY
1.9000000000000001,0.24740556599053432,4,1,0.08699090682079136,0.5533333333333333,1.1865386931901891,0.08884972579330949,5.331777967881768,0.9689914986073778,SPY
2.0,0.24740556599053432,4,1,0.08699090682079136,0.5533333333333333,1.1865386931901891,0.08884972579330949,5.331777967881768,0.9689914986073778,SPY
2.1,-8.6392041516882,3,0,0.08699090682079136,0.5533333333333333,1.1865386931901891,0.08884972579330949,5.1485700625348345,0.9684338757101587,SPY
2.2,-8.6392041516882,3,0,0.08699090682079136,0.5533333333333333,1.1865386931901891,0.08884972579330949,5.1485700625348345,0.9684338757101587,SPY
2.3000000000000003,-8.6392041516882,3,0,0.08699090682079136,0.5533333333333333,1.1865386931901891,0.08884972579330949,5.1485700625348345,0.9684338757101587,SPY
2.4000000000000004,-8.6392041516882,3,0,0.08699090682079136,0.5533333333333333,1.1865386931901891,0.08884972579330949,5.1485700625348345,0.9684338757101587,SPY
2.5000000000000004,-8.6392041516882,3,0,0.08699090682079136,0.5533333333333333,1.1865386931901891,0.08884972579330949,5.1485700625348345,0.9684338757101587,SPY
2.6,-8.6392041516882,3,0,0.08699090682079136,0.5533333333333333,1.1865386931901891,0.08884972579330949,5.1485700625348345,0.9684338757101587,SPY
2.7,-8.6392041516882,3,0,0.08699090682079136,0.5533333333333333,1.1865386931901891,0.08884972579330949,5.1485700625348345,0.9684338757101587,SPY
2.8000000000000003,-8.6392041516882,3,0,0.08699090682079136,0.5533333333333333,1.1865386931901891,0.08884972579330949,5.1485700625348345,0.9684338757101587,SPY
2.9000000000000004,-8.6392041516882,3,0,0.08699090682079136,0.5533333333333333,1.1865386931901891,0.08884972579330949,5.1485700625348345,0.9684338757101587,SPY
3.0000000000000004,-8.6392041516882,3,0,0.08699090682079136,0.5533333333333333,1.1865386931901891,0.08884972579330949,5.1485700625348345,0.9684338757101587,SPY
3.1,-8.6392041516882,3,0,0.08699090682079136,0.5533333333333333,1.1865386931901891,0.08884972579330949,5.1485700625348345,0.9684338757101587,SPY
3.2,-8.6392041516882,3,0,0.08699090682079136,0.5533333333333333,1.1865386931901891,0.08884972579330949,5.1485700625348345,0.9684338757101587,SPY
3.3000000000000003,-8.6392041516882,3,0,0.08699090682079136,0.5533333333333333,1.1865386931901891,0.08884972579330949,5.1485700625348345,0.9684338757101587,SPY
3.4000000000000004,-8.6392041516882,3,0,0.08699090682079136,0.5533333333333333,1.1865386931901891,0.08884972579330949,5.1485700625348345,0.9684338757101587,SPY
3.5000000000000004,-8.6392041516882,3,0,0.08699090682079136,0.5533333333333333,1.1865386931901891,0.08884972579330949,5.1485700625348345,0.9684338757101587,SPY
3.6,-8.6392041516882,3,0,0.08699090682079136,0.5533333333333333,1.1865386931901891,0.08884972579330949,5.1485700625348345,0.9684338757101587,SPY
3.7,-8.6392041516882,3,0,0.08699090682079136,0.5533333333333333,1.1865386931901891,0.08884972579330949,5.1485700625348345,0.9684338757101587,SPY
3.8000000000000003,-8.6392041516882,3,0,0.08699090682079136,0.5533333333333333,1.1865386931901891,0.08884972579330949,5.1485700625348345,0.9684338757101587,SPY
3.9000000000000004,-8.6392041516882,3,0,0.08699090682079136,0.5533333333333333,1.1865386931901891,0.08884972579330949,5.1485700625348345,0.9684338757101587,SPY
4.0,-8.6392041516882,3,0,0.08699090682079136,0.5533333333333333,1.1865386931901891,0.08884972579330949,5.1485700625348345,0.9684338757101587,SPY
4.1,-8.6392041516882,3,0,0.08699090682079136,0.5533333333333333,1.1865386931901891,0.08884972579330949,5.1485700625348345,0.9684338757101587,SPY
4.2,-8.6392041516882,3,0,0.08699090682079136,0.5533333333333333,1.1865386931901891,0.08884972579330949,5.1485700625348345,0.9684338757101587,SPY
4.3,-8.6392041516882,3,0,0.08699090682079136,0.5533333333333333,1.1865386931901891,0.08884972579330949,5.1485700625348345,0.9684338757101587,SPY
4.3999999999999995,-8.6392041516882,3,0,0.08699090682079136,0.5533333333333333,1.1865386931901891,0.08884972579330949,5.1485700625348345,0.9684338757101587,SPY
4.5,-8.6392041516882,3,0,0.08699090682079136,0.5533333333333333,1.1865386931901891,0.08884972579330949,5.1485700625348345,0.9684338757101587,SPY
4.6,-8.6392041516882,3,0,0.08699090682079136,0.5533333333333333,1.1865386931901891,0.08884972579330949,5.1485700625348345,0.9684338757101587,SPY
4.7,-8.6392041516882,3,0,0.08699090682079136,0.5533333333333333,1.1865386931901891,0.08884972579330949,5.1485700625348345,0.9684338757101587,SPY
4.8,-8.6392041516882,3,0,0.08699090682079136,0.5533333333333333,1.1865386931901891,0.08884972579330949,5.1485700625348345,0.9684338757101587,SPY
4.9,-8.6392041516882,3,0,0.08699090682079136,0.5533333333333333,1.1865386931901891,0.08884972579330949,5.1485700625348345,0.9684338757101587,SPY
5.0,-8.6392041516882,3,0,0.08699090682079136,0.5533333333333333,1.1865386931901891,0.08884972579330949,5.1485700625348345,0.9684338757101587,SPY
0.1,0.4996375811822546,5,30,0.08864271215833736,0.56,1.1880584313530629,0.11723572714706211,13.522774600826647,0.9826610812808294,QQQ
0.2,0.4996375811822546,5,23,0.08864271215833736,0.56,1.1880584313530629,0.11723572714706211,13.522774600826647,0.9826610812808294,QQQ
0.30000000000000004,0.4996375811822546,5,13,0.08864271215833736,0.56,1.1880584313530629,0.11723572714706211,13.522774600826647,0.9826610812808294,QQQ
0.4,0.4996375811822546,5,9,0.08864271215833736,0.56,1.1880584313530629,0.11723572714706211,13.522774600826647,0.9826610812808294,QQQ
0.5,0.501079386732457,5,6,0.08864271215833736,0.56,1.1880584313530629,0.11723572714706211,13.518747730308567,0.9826524930564027,QQQ
0.6,0.501079386732457,5,6,0.08864271215833736,0.56,1.1880584313530629,0.11723572714706211,13.518747730308567,0.9826524930564027,QQQ
0.7000000000000001,0.501079386732457,5,4,0.08864271215833736,0.56,1.1880584313530629,0.11723572714706211,13.518747730308567,0.9826524930564027,QQQ
0.8,0.4413902776590218,5,3,0.08864271215833736,0.56,1.1880584313530629,0.11723572714706211,13.735626828976688,0.9831307408874751,QQQ
0.9,0.4413902776590218,5,2,0.08864271215833736,0.56,1.1880584313530629,0.11723572714706211,13.735626828976688,0.9831307408874751,QQQ
1.0,0.4413902776590218,5,1,0.08864271215833736,0.56,1.1880584313530629,0.11723572714706211,13.735626828976688,0.9831307408874751,QQQ
1.1,0.4413902776590218,5,1,0.08864271215833736,0.56,1.1880584313530629,0.11723572714706211,13.735626828976688,0.9831307408874751,QQQ
1.2000000000000002,0.4413902776590218,5,1,0.08864271215833736,0.56,1.1880584313530629,0.11723572714706211,13.735626828976688,0.9831307408874751,QQQ
1.3000000000000003,0.4413902776590218,5,1,0.08864271215833736,0.56,1.1880584313530629,0.11723572714706211,13.735626828976688,0.9831307408874751,QQQ
1.4000000000000001,0.4413902776590218,5,1,0.08864271215833736,0.56,1.1880584313530629,0.11723572714706211,13.735626828976688,0.9831307408874751,QQQ
1.5000000000000002,-0.4502998344413721,3,0,0.08864271215833736,0.56,1.1880584313530629,0.11723572714706211,12.372444360146803,0.9803111285394306,QQQ
1.6,-0.4502998344413721,3,0,0.08864271215833736,0.56,1.1880584313530629,0.11723572714706211,12.372444360146803,0.9803111285394306,QQQ
1.7000000000000002,-0.4502998344413721,3,0,0.08864271215833736,0.56,1.1880584313530629,0.11723572714706211,12.372444360146803,0.9803111285394306,QQQ
1.8000000000000003,-0.4502998344413721,3,0,0.08864271215833736,0.56,1.1880584313530629,0.11723572714706211,12.372444360146803,0.9803111285394306,QQQ
1.9000000000000001,-0.4502998344413721,3,0,0.08864271215833736,0.56,1.1880584313530629,0.11723572714706211,12.372444360146803,0.9803111285394306,QQQ
2.0,-0.4502998344413721,3,0,0.08864271215833736,0.56,1.1880584313530629,0.11723572714706211,12.372444360146803,0.9803111285394306,QQQ
2.1,-0.4502998344413721,3,0,0.08864271215833736,0.56,1.1880584313530629,0.11723572714706211,12.372444360146803,0.9803111285394306,QQQ
2.2,-0.4502998344413721,3,0,0.08864271215833736,0.56,1.1880584313530629,0.11723572714706211,12.372444360146803,0.9803111285394306,QQQ
2.3000000000000003,-0.4502998344413721,3,0,0.08864271215833736,0.56,1.1880584313530629,0.11723572714706211,12.372444360146803,0.9803111285394306,QQQ
2.4000000000000004,-0.4502998344413721,3,0,0.08864271215833736,0.56,1.1880584313530629,0.11723572714706211,12.372444360146803,0.9803111285394306,QQQ
2.5000000000000004,-0.4502998344413721,3,0,0.08864271215833736,0.56,1.1880584313530629,0.11723572714706211,12.372444360146803,0.9803111285394306,QQQ
2.6,-0.4502998344413721,3,0,0.08864271215833736,0.56,1.1880584313530629,0.11723572714706211,12.372444360146803,0.9803111285394306,QQQ
2.7,-0.4502998344413721,3,0,0.08864271215833736,0.56,1.1880584313530629,0.11723572714706211,12.372444360146803,0.9803111285394306,QQQ
2.8000000000000003,-0.4502998344413721,3,0,0.08864271215833736,0.56,1.1880584313530629,0.11723572714706211,12.372444360146803,0.9803111285394306,QQQ
2.9000000000000004,-0.4502998344413721,3,0,0.08864271215833736,0.56,1.1880584313530629,0.11723572714706211,12.372444360146803,0.9803111285394306,QQQ
3.0000000000000004,-0.4502998344413721,3,0,0.08864271215833736,0.56,1.1880584313530629,0.11723572714706211,12.372444360146803,0.9803111285394306,QQQ
3.1,-0.4502998344413721,3,0,0.08864271215833736,0.56,1.1880584313530629,0.11723572714706211,12.372444360146803,0.9803111285394306,QQQ
3.2,-0.4502998344413721,3,0,0.08864271215833736,0.56,1.1880584313530629,0.11723572714706211,12.372444360146803,0.9803111285394306,QQQ
3.3000000000000003,-0.4502998344413721,3,0,0.08864271215833736,0.56,1.1880584313530629,0.11723572714706211,12.372444360146803,0.9803111285394306,QQQ
3.4000000000000004,-0.4502998344413721,3,0,0.08864271215833736,0.56,1.1880584313530629,0.11723572714706211,12.372444360146803,0.9803111285394306,QQQ
3.5000000000000004,-0.4502998344413721,3,0,0.08864271215833736,0.56,1.1880584313530629,0.11723572714706211,12.372444360146803,0.9803111285394306,QQQ
3.6,-0.4502998344413721,3,0,0.08864271215833736,0.56,1.1880584313530629,0.11723572714706211,12.372444360146803,0.9803111285394306,QQQ
3.7,-0.4502998344413721,3,0,0.08864271215833736,0.56,1.1880584313530629,0.11723572714706211,12.372444360146803,0.9803111285394306,QQQ
3.8000000000000003,-0.4502998344413721,3,0,0.08864271215833736,0.56,1.1880584313530629,0.11723572714706211,12.372444360146803,0.9803111285394306,QQQ
3.9000000000000004,-0.4502998344413721,3,0,0.08864271215833736,0.56,1.1880584313530629,0.11723572714706211,12.372444360146803,0.9803111285394306,QQQ
4.0,-0.4502998344413721,3,0,0.08864271215833736,0.56,1.1880584313530629,0.11723572714706211,12.372444360146803,0.9803111285394306,QQQ
4.1,-0.4502998344413721,3,0,0.08864271215833736,0.56,1.1880584313530629,0.11723572714706211,12.372444360146803,0.9803111285394306,QQQ
4.2,-0.4502998344413721,3,0,0.08864271215833736,0.56,1.1880584313530629,0.11723572714706211,12.372444360146803,0.9803111285394306,QQQ
4.3,-0.4502998344413721,3,0,0.08864271215833736,0.56,1.1880584313530629,0.11723572714706211,12.372444360146803,0.9803111285394306,QQQ
4.3999999999999995,-0.4502998344413721,3,0,0.08864271215833736,0.56,1.1880584313530629,0.11723572714706211,12.372444360146803,0.9803111285394306,QQQ
4.5,-0.4502998344413721,3,0,0.08864271215833736,0.56,1.1880584313530629,0.11723572714706211,12.372444360146803,0.9803111285394306,QQQ
4.6,-0.4502998344413721,3,0,0.08864271215833736,0.56,1.1880584313530629,0.11723572714706211,12.372444360146803,0.9803111285394306,QQQ
4.7,-0.4502998344413721,3,0,0.08864271215833736,0.56,1.1880584313530629,0.11723572714706211,12.372444360146803,0.9803111285394306,QQQ
4.8,-0.4502998344413721,3,0,0.08864271215833736,0.56,1.1880584313530629,0.11723572714706211,12.372444360146803,0.9803111285394306,QQQ
4.9,-0.4502998344413721,3,0,0.08864271215833736,0.56,1.1880584313530629,0.11723572714706211,12.372444360146803,0.9803111285394306,QQQ
5.0,-0.4502998344413721,3,0,0.08864271215833736,0.56,1.1880584313530629,0.11723572714706211,12.372444360146803,0.9803111285394306,QQQ
0.1,0.001005742011035482,4,34,0.028444936339113158,0.5133333333333333,1.058662852143794,0.15471736614686063,9.229607457416098,0.977789269819982,JPM
0.2,-17.66309230106103,3,24,0.028444936339113158,0.5133333333333333,1.058662852143794,0.15471736614686063,9.707429057479064,0.9799856842718181,JPM
0.30000000000000004,0.4841975332098376,5,19,0.028444936339113158,0.5133333333333333,1.058662852143794,0.15471736614686063,8.914780905030662,0.975964598296598,JPM
0.4,0.4841975332098376,5,16,0.028444936339113158,0.5133333333333333,1.058662852143794,0.15471736614686063,8.914780905030662,0.975964598296598,JPM
0.5,-0.05738652255000104,4,13,0.028444936339113158,0.5133333333333333,1.058662852143794,0.15471736614686063,9.44957851931987,0.9788401629428873,JPM
0.6,-0.05727333709647614,4,9,0.028444936339113158,0.5133333333333333,1.058662852143794,0.15471736614686063,9.448384945962728,0.9788346806748531,JPM
0.7000000000000001,-0.05815083900787976,4,7,0.028444936339113158,0.5133333333333333,1.058662852143794,0.15471736614686063,9.447189651000976,0.978829188801425,JPM
0.8,-0.06516699942414189,4,4,0.028444936339113158,0.5133333333333333,1.058662852143794,0.15471736614686063,9.425375450031058,0.9787286627247793,JPM
0.9,-0.06516699942414189,4,4,0.028444936339113158,0.5133333333333333,1.058662852143794,0.15471736614686063,9.425375450031058,0.9787286627247793,JPM
1.0,-0.06516699942414189,4,2,0.028444936339113158,0.5133333333333333,1.058662852143794,0.15471736614686063,9.425375450031058,0.9787286627247793,JPM
1.1,-0.06516699942414189,4,2,0.028444936339113158,0.5133333333333333,1.058662852143794,0.15471736614686063,9.425375450031058,0.9787286627247793,JPM
1.2000000000000002,-0.06516699942414189,4,2,0.028444936339113158,0.5133333333333333,1.058662852143794,0.15471736614686063,9.425375450031058,0.9787286627247793,JPM
1.3000000000000003,-0.06516699942414189,4,2,0.028444936339113158,0.5133333333333333,1.058662852143794,0.15471736614686063,9.425375450031058,0.9787286627247793,JPM
1.4000000000000001,-0.03482880869752081,4,0,0.028444936339113158,0.5133333333333333,1.058662852143794,0.15471736614686063,10.047071690630565,0.9813799151306509,JPM
1.5000000000000002,-0.03482880869752081,4,0,0.028444936339113158,0.5133333333333333,1.058662852143794,0.15471736614686063,10.047071690630565,0.9813799151306509,JPM
1.6,-0.03482880869752081,4,0,0.028444936339113158,0.5133333333333333,1.058662852143794,0.15471736614686063,10.047071690630565,0.9813799151306509,JPM
1.7000000000000002,-0.03482880869752081,4,0,0.028444936339113158,0.5133333333333333,1.058662852143794,0.15471736614686063,10.047071690630565,0.9813799151306509,JPM
1.8000000000000003,-0.03482880869752081,4,0,0.028444936339113158,0.5133333333333333,1.058662852143794,0.15471736614686063,10.047071690630565,0.9813799151306509,JPM
1.9000000000000001,-0.03482880869752081,4,0,0.028444936339113158,0.5133333333333333,1.058662852143794,0.15471736614686063,10.047071690630565,0.9813799151306509,JPM
2.0,-0.03482880869752081,4,0,0.028444936339113158,0.5133333333333333,1.058662852143794,0.15471736614686063,10.047071690630565,0.9813799151306509,JPM
2.1,-0.03482880869752081,4,0,0.028444936339113158,0.5133333333333333,1.058662852143794,0.15471736614686063,10.047071690630565,0.9813799151306509,JPM
2.2,-0.03482880869752081,4,0,0.028444936339113158,0.5133333333333333,1.058662852143794,0.15471736614686063,10.047071690630565,0.9813799151306509,JPM
2.3000000000000003,-0.03482880869752081,4,0,0.028444936339113158,0.5133333333333333,1.058662852143794,0.15471736614686063,10.047071690630565,0.9813799151306509,JPM
2.4000000000000004,-0.03482880869752081,4,0,0.028444936339113158,0.5133333333333333,1.058662852143794,0.15471736614686063,10.047071690630565,0.9813799151306509,JPM
2.5000000000000004,-0.03482880869752081,4,0,0.028444936339113158,0.5133333333333333,1.058662852143794,0.15471736614686063,10.047071690630565,0.9813799151306509,JPM
2.6,-0.03482880869752081,4,0,0.028444936339113158,0.5133333333333333,1.058662852143794,0.15471736614686063,10.047071690630565,0.9813799151306509,JPM
2.7,-0.03482880869752081,4,0,0.028444936339113158,0.5133333333333333,1.058662852143794,0.15471736614686063,10.047071690630565,0.9813799151306509,JPM
2.8000000000000003,-0.03482880869752081,4,0,0.028444936339113158,0.5133333333333333,1.058662852143794,0.15471736614686063,10.047071690630565,0.9813799151306509,JPM
2.9000000000000004,-0.03482880869752081,4,0,0.028444936339113158,0.5133333333333333,1.058662852143794,0.15471736614686063,10.047071690630565,0.9813799151306509,JPM
3.0000000000000004,-0.03482880869752081,4,0,0.028444936339113158,0.5133333333333333,1.058662852143794,0.15471736614686063,10.047071690630565,0.9813799151306509,JPM
3.1,-0.03482880869752081,4,0,0.028444936339113158,0.5133333333333333,1.058662852143794,0.15471736614686063,10.047071690630565,0.9813799151306509,JPM
3.2,-0.03482880869752081,4,0,0.028444936339113158,0.5133333333333333,1.058662852143794,0.15471736614686063,10.047071690630565,0.9813799151306509,JPM
3.3000000000000003,-0.03482880869752081,4,0,0.028444936339113158,0.5133333333333333,1.058662852143794,0.15471736614686063,10.047071690630565,0.9813799151306509,JPM
3.4000000000000004,-0.03482880869752081,4,0,0.028444936339113158,0.5133333333333333,1.058662852143794,0.15471736614686063,10.047071690630565,0.9813799151306509,JPM
3.5000000000000004,-0.03482880869752081,4,0,0.028444936339113158,0.5133333333333333,1.058662852143794,0.15471736614686063,10.047071690630565,0.9813799151306509,JPM
3.6,-0.03482880869752081,4,0,0.028444936339113158,0.5133333333333333,1.058662852143794,0.15471736614686063,10.047071690630565,0.9813799151306509,JPM
3.7,-0.03482880869752081,4,0,0.028444936339113158,0.5133333333333333,1.058662852143794,0.15471736614686063,10.047071690630565,0.9813799151306509,JPM
3.8000000000000003,-0.03482880869752081,4,0,0.028444936339113158,0.5133333333333333,1.058662852143794,0.15471736614686063,10.047071690630565,0.9813799151306509,JPM
3.9000000000000004,-0.03482880869752081,4,0,0.028444936339113158,0.5133333333333333,1.058662852143794,0.15471736614686063,10.047071690630565,0.9813799151306509,JPM
4.0,-0.03482880869752081,4,0,0.028444936339113158,0.5133333333333333,1.058662852143794,0.15471736614686063,10.047071690630565,0.9813799151306509,JPM
4.1,-0.03482880869752081,4,0,0.028444936339113158,0.5133333333333333,1.058662852143794,0.15471736614686063,10.047071690630565,0.9813799151306509,JPM
4.2,-0.03482880869752081,4,0,0.028444936339113158,0.5133333333333333,1.058662852143794,0.15471736614686063,10.047071690630565,0.9813799151306509,JPM
4.3,-0.03482880869752081,4,0,0.028444936339113158,0.5133333333333333,1.058662852143794,0.15471736614686063,10.047071690630565,0.9813799151306509,JPM
4.3999999999999995,-0.03482880869752081,4,0,0.028444936339113158,0.5133333333333333,1.058662852143794,0.15471736614686063,10.047071690630565,0.9813799151306509,JPM
4.5,-0.03482880869752081,4,0,0.028444936339113158,0.5133333333333333,1.058662852143794,0.15471736614686063,10.047071690630565,0.9813799151306509,JPM
4.6,-0.03482880869752081,4,0,0.028444936339113158,0.5133333333333333,1.058662852143794,0.15471736614686063,10.047071690630565,0.9813799151306509,JPM
4.7,-0.03482880869752081,4,0,0.028444936339113158,0.5133333333333333,1.058662852143794,0.15471736614686063,10.047071690630565,0.9813799151306509,JPM
4.8,-0.03482880869752081,4,0,0.028444936339113158,0.5133333333333333,1.058662852143794,0.15471736614686063,10.047071690630565,0.9813799151306509,JPM
4.9,-0.03482880869752081,4,0,0.028444936339113158,0.5133333333333333,1.058662852143794,0.15471736614686063,10.047071690630565,0.9813799151306509,JPM
5.0,-0.03482880869752081,4,0,0.028444936339113158,0.5133333333333333,1.058662852143794,0.15471736614686063,10.047071690630565,0.9813799151306509,JPM
0.1,0.565133776844009,5,37,0.1535101798518304,0.6066666666666667,1.3387575469366633,0.19422192574814864,8.741737949461806,0.9763273532432342,GS
0.2,0.5026767069790252,5,28,0.1535101798518304,0.6066666666666667,1.3387575469366633,0.19422192574814864,8.753596009322544,0.9763824409969383,GS
0.30000000000000004,0.500469166903279,5,24,0.1535101798518304,0.6066666666666667,1.3387575469366633,0.19422192574814864,8.752997621922601,0.9763796747014382,GS
0.4,0.4996808972972922,5,16,0.1535101798518304,0.6066666666666667,1.3387575469366633,0.19422192574814864,8.774649224699333,0.9764792450593172,GS
0.5,0.4996815769610983,5,12,0.1535101798518304,0.6066666666666667,1.3387575469366633,0.19422192574814864,8.773218245223582,0.9764726915059199,GS
0.6,0.49990047746958044,5,7,0.1535101798518304,0.6066666666666667,1.3387575469366633,0.19422192574814864,8.772091879175134,0.9764675307007086,GS
0.7000000000000001,0.5054709101440938,5,4,0.1535101798518304,0.6066666666666667,1.3387575469366633,0.19422192574814864,8.766965213518962,0.9764440142316039,GS
0.8,0.4992423638191904,5,3,0.1535101798518304,0.6066666666666667,1.3387575469366633,0.19422192574814864,8.798446586400237,0.9765878042600146,GS
0.9,0.4992423638191904,5,2,0.1535101798518304,0.6066666666666667,1.3387575469366633,0.19422192574814864,8.798446586400237,0.9765878042600146,GS
1.0,0.05166853013244138,5,0,0.1535101798518304,0.6066666666666667,1.3387575469366633,0.19422192574814864,7.707205095670891,0.9711378073073799,GS
1.1,0.05166853013244138,5,0,0.1535101798518304,0.6066666666666667,1.3387575469366633,0.19422192574814864,7.707205095670891,0.9711378073073799,GS
1.2000000000000002,0.05166853013244138,5,0,0.1535101798518304,0.6066666666666667,1.3387575469366633,0.19422192574814864,7.707205095670891,0.9711378073073799,GS
1.3000000000000003,0.05166853013244138,5,0,0.1535101798518304,0.6066666666666667,1.3387575469366633,0.19422192574814864,7.707205095670891,0.9711378073073799,GS
1.4000000000000001,0.05166853013244138,5,0,0.1535101798518304,0.6066666666666667,1.3387575469366633,0.19422192574814864,7.707205095670891,0.9711378073073799,GS
1.5000000000000002,0.05166853013244138,5,0,0.1535101798518304,0.6066666666666667,1.3387575469366633,0.19422192574814864,7.707205095670891,0.9711378073073799,GS
1.6,0.05166853013244138,5,0,0.1535101798518304,0.6066666666666667,1.3387575469366633,0.19422192574814864,7.707205095670891,0.9711378073073799,GS
1.7000000000000002,0.05166853013244138,5,0,0.1535101798518304,0.6066666666666667,1.3387575469366633,0.19422192574814864,7.707205095670891,0.9711378073073799,GS
1.8000000000000003,0.05166853013244138,5,0,0.1535101798518304,0.6066666666666667,1.3387575469366633,0.19422192574814864,7.707205095670891,0.9711378073073799,GS
1.9000000000000001,0.05166853013244138,5,0,0.1535101798518304,0.6066666666666667,1.3387575469366633,0.19422192574814864,7.707205095670891,0.9711378073073799,GS
2.0,0.05166853013244138,5,0,0.1535101798518304,0.6066666666666667,1.3387575469366633,0.19422192574814864,7.707205095670891,0.9711378073073799,GS
2.1,0.05166853013244138,5,0,0.1535101798518304,0.6066666666666667,1.3387575469366633,0.19422192574814864,7.707205095670891,0.9711378073073799,GS
2.2,0.05166853013244138,5,0,0.1535101798518304,0.6066666666666667,1.3387575469366633,0.19422192574814864,7.707205095670891,0.9711378073073799,GS
2.3000000000000003,0.05166853013244138,5,0,0.1535101798518304,0.6066666666666667,1.3387575469366633,0.19422192574814864,7.707205095670891,0.9711378073073799,GS
2.4000000000000004,0.05166853013244138,5,0,0.1535101798518304,0.6066666666666667,1.3387575469366633,0.19422192574814864,7.707205095670891,0.9711378073073799,GS
2.5000000000000004,0.05166853013244138,5,0,0.1535101798518304,0.6066666666666667,1.3387575469366633,0.19422192574814864,7.707205095670891,0.9711378073073799,GS
2.6,0.05166853013244138,5,0,0.1535101798518304,0.6066666666666667,1.3387575469366633,0.19422192574814864,7.707205095670891,0.9711378073073799,GS
2.7,0.05166853013244138,5,0,0.1535101798518304,0.6066666666666667,1.3387575469366633,0.19422192574814864,7.707205095670891,0.9711378073073799,GS
2.8000000000000003,0.05166853013244138,5,0,0.1535101798518304,0.6066666666666667,1.3387575469366633,0.19422192574814864,7.707205095670891,0.9711378073073799,GS
2.9000000000000004,0.05166853013244138,5,0,0.1535101798518304,0.6066666666666667,1.3387575469366633,0.19422192574814864,7.707205095670891,0.9711378073073799,GS
3.0000000000000004,0.05166853013244138,5,0,0.1535101798518304,0.6066666666666667,1.3387575469366633,0.19422192574814864,7.707205095670891,0.9711378073073799,GS
3.1,0.05166853013244138,5,0,0.1535101798518304,0.6066666666666667,1.3387575469366633,0.19422192574814864,7.707205095670891,0.9711378073073799,GS
3.2,0.05166853013244138,5,0,0.1535101798518304,0.6066666666666667,1.3387575469366633,0.19422192574814864,7.707205095670891,0.9711378073073799,GS
3.3000000000000003,0.05166853013244138,5,0,0.1535101798518304,0.6066666666666667,1.3387575469366633,0.19422192574814864,7.707205095670891,0.9711378073073799,GS
3.4000000000000004,0.05166853013244138,5,0,0.1535101798518304,0.6066666666666667,1.3387575469366633,0.19422192574814864,7.707205095670891,0.9711378073073799,GS
3.5000000000000004,0.05166853013244138,5,0,0.1535101798518304,0.6066666666666667,1.3387575469366633,0.19422192574814864,7.707205095670891,0.9711378073073799,GS
3.6,0.05166853013244138,5,0,0.1535101798518304,0.6066666666666667,1.3387575469366633,0.19422192574814864,7.707205095670891,0.9711378073073799,GS
3.7,0.05166853013244138,5,0,0.1535101798518304,0.6066666666666667,1.3387575469366633,0.19422192574814864,7.707205095670891,0.9711378073073799,GS
3.8000000000000003,0.05166853013244138,5,0,0.1535101798518304,0.6066666666666667,1.3387575469366633,0.19422192574814864,7.707205095670891,0.9711378073073799,GS
3.9000000000000004,0.05166853013244138,5,0,0.1535101798518304,0.6066666666666667,1.3387575469366633,0.19422192574814864,7.707205095670891,0.9711378073073799,GS
4.0,0.05166853013244138,5,0,0.1535101798518304,0.6066666666666667,1.3387575469366633,0.19422192574814864,7.707205095670891,0.9711378073073799,GS
4.1,0.05166853013244138,5,0,0.1535101798518304,0.6066666666666667,1.3387575469366633,0.19422192574814864,7.707205095670891,0.9711378073073799,GS
4.2,0.05166853013244138,5,0,0.1535101798518304,0.6066666666666667,1.3387575469366633,0.19422192574814864,7.707205095670891,0.9711378073073799,GS
4.3,0.05166853013244138,5,0,0.1535101798518304,0.6066666666666667,1.3387575469366633,0.19422192574814864,7.707205095670891,0.9711378073073799,GS
4.3999999999999995,0.05166853013244138,5,0,0.1535101798518304,0.6066666666666667,1.3387575469366633,0.19422192574814864,7.707205095670891,0.9711378073073799,GS
4.5,0.05166853013244138,5,0,0.1535101798518304,0.6066666666666667,1.3387575469366633,0.19422192574814864,7.707205095670891,0.9711378073073799,GS
4.6,0.05166853013244138,5,0,0.1535101798518304,0.6066666666666667,1.3387575469366633,0.19422192574814864,7.707205095670891,0.9711378073073799,GS
4.7,0.05166853013244138,5,0,0.1535101798518304,0.6066666666666667,1.3387575469366633,0.19422192574814864,7.707205095670891,0.9711378073073799,GS
4.8,0.05166853013244138,5,0,0.1535101798518304,0.6066666666666667,1.3387575469366633,0.19422192574814864,7.707205095670891,0.9711378073073799,GS
4.9,0.05166853013244138,5,0,0.1535101798518304,0.6066666666666667,1.3387575469366633,0.19422192574814864,7.707205095670891,0.9711378073073799,GS
5.0,0.05166853013244138,5,0,0.1535101798518304,0.6066666666666667,1.3387575469366633,0.19422192574814864,7.707205095670891,0.9711378073073799,GS
0.1,0.016049931459185707,4,33,-0.01977996696317591,0.47333333333333333,0.9598875817154348,0.17180512273245274,7.564983165548577,0.9586723098361171,V
0.2,0.49940467938950506,5,22,-0.06665548175940988,0.46,0.8734362708297799,0.17180512273245274,7.338742994392647,0.9565821201274253,V
0.30000000000000004,0.501213018643272,5,12,-0.01977996696317591,0.47333333333333333,0.9598875817154348,0.17180512273245274,7.346712267586931,0.9566556918417333,V
0.4,0.4974978324978266,5,10,-0.023857668539414678,0.47333333333333333,0.9520150838419219,0.17180512273245274,7.325294175398469,0.9564579948951334,V
0.5,-0.0048849169791093106,3,5,-0.01977996696317591,0.47333333333333333,0.9598875817154348,0.17180512273245274,8.16312734615183,0.9638156113023799,V
0.6,-0.004941838254237718,4,4,-0.01977996696317591,0.47333333333333333,0.9598875817154348,0.17180512273245274,8.18037579378823,0.9639558489256821,V
0.7000000000000001,-0.0004216003549564751,3,2,-0.01977996696317591,0.47333333333333333,0.9598875817154348,0.17180512273245274,8.16312734615183,0.9638156113023799,V
0.8,-0.0004216003549564751,3,2,-0.01977996696317591,0.47333333333333333,0.9598875817154348,0.17180512273245274,8.16312734615183,0.9638156113023799,V
0.9,-0.0004216003549564751,3,2,-0.01977996696317591,0.47333333333333333,0.9598875817154348,0.17180512273245274,8.16312734615183,0.9638156113023799,V
1.0,-0.0004216003549564751,3,1,-0.01977996696317591,0.47333333333333333,0.9598875817154348,0.17180512273245274,8.16312734615183,0.9638156113023799,V
1.1,-0.0004216003549564751,3,1,-0.01977996696317591,0.47333333333333333,0.9598875817154348,0.17180512273245274,8.16312734615183,0.9638156113023799,V
1.2000000000000002,-0.0003538027973847835,2,1,-0.01977996696317591,0.47333333333333333,0.9598875817154348,0.17180512273245274,8.16312734615183,0.9638156113023799,V
1.3000000000000003,0.2754403762039687,5,0,-0.01977996696317591,0.47333333333333333,0.9598875817154348,0.17180512273245274,8.159809247302183,0.9637888286779865,V
1.4000000000000001,0.2754403762039687,5,0,-0.01977996696317591,0.47333333333333333,0.9598875817154348,0.17180512273245274,8.159809247302183,0.9637888286779865,V
1.5000000000000002,0.2754403762039687,5,0,-0.01977996696317591,0.47333333333333333,0.9598875817154348,0.17180512273245274,8.159809247302183,0.9637888286779865,V
1.6,0.2754403762039687,5,0,-0.01977996696317591,0.47333333333333333,0.9598875817154348,0.17180512273245274,8.159809247302183,0.9637888286779865,V
1.7000000000000002,0.2754403762039687,5,0,-0.01977996696317591,0.47333333333333333,0.9598875817154348,0.17180512273245274,8.159809247302183,0.9637888286779865,V
1.8000000000000003,0.2754403762039687,5,0,-0.01977996696317591,0.47333333333333333,0.9598875817154348,0.17180512273245274,8.159809247302183,0.9637888286779865,V
1.9000000000000001,0.2754403762039687,5,0,-0.01977996696317591,0.47333333333333333,0.9598875817154348,0.17180512273245274,8.159809247302183,0.9637888286779865,V
2.0,0.2754403762039687,5,0,-0.01977996696317591,0.47333333333333333,0.9598875817154348,0.17180512273245274,8.159809247302183,0.9637888286779865,V
2.1,0.2754403762039687,5,0,-0.01977996696317591,0.47333333333333333,0.9598875817154348,0.17180512273245274,8.159809247302183,0.9637888286779865,V
2.2,0.2754403762039687,5,0,-0.01977996696317591,0.47333333333333333,0.9598875817154348,0.17180512273245274,8.159809247302183,0.9637888286779865,V
2.3000000000000003,0.2754403762039687,5,0,-0.01977996696317591,0.47333333333333333,0.9598875817154348,0.17180512273245274,8.159809247302183,0.9637888286779865,V
2.4000000000000004,0.2754403762039687,5,0,-0.01977996696317591,0.47333333333333333,0.9598875817154348,0.17180512273245274,8.159809247302183,0.9637888286779865,V
2.5000000000000004,0.2754403762039687,5,0,-0.01977996696317591,0.47333333333333333,0.9598875817154348,0.17180512273245274,8.159809247302183,0.9637888286779865,V
2.6,0.2754403762039687,5,0,-0.01977996696317591,0.47333333333333333,0.9598875817154348,0.17180512273245274,8.159809247302183,0.9637888286779865,V
2.7,0.2754403762039687,5,0,-0.01977996696317591,0.47333333333333333,0.9598875817154348,0.17180512273245274,8.159809247302183,0.9637888286779865,V
2.8000000000000003,0.2754403762039687,5,0,-0.01977996696317591,0.47333333333333333,0.9598875817154348,0.17180512273245274,8.159809247302183,0.9637888286779865,V
2.9000000000000004,0.2754403762039687,5,0,-0.01977996696317591,0.47333333333333333,0.9598875817154348,0.17180512273245274,8.159809247302183,0.9637888286779865,V
3.0000000000000004,0.2754403762039687,5,0,-0.01977996696317591,0.47333333333333333,0.9598875817154348,0.17180512273245274,8.159809247302183,0.9637888286779865,V
3.1,0.2754403762039687,5,0,-0.01977996696317591,0.47333333333333333,0.9598875817154348,0.17180512273245274,8.159809247302183,0.9637888286779865,V
3.2,0.2754403762039687,5,0,-0.01977996696317591,0.47333333333333333,0.9598875817154348,0.17180512273245274,8.159809247302183,0.9637888286779865,V
3.3000000000000003,0.2754403762039687,5,0,-0.01977996696317591,0.47333333333333333,0.9598875817154348,0.17180512273245274,8.159809247302183,0.9637888286779865,V
3.4000000000000004,0.2754403762039687,5,0,-0.01977996696317591,0.47333333333333333,0.9598875817154348,0.17180512273245274,8.159809247302183,0.9637888286779865,V
3.5000000000000004,0.2754403762039687,5,0,-0.01977996696317591,0.47333333333333333,0.9598875817154348,0.17180512273245274,8.159809247302183,0.9637888286779865,V
3.6,0.2754403762039687,5,0,-0.01977996696317591,0.47333333333333333,0.9598875817154348,0.17180512273245274,8.159809247302183,0.9637888286779865,V
3.7,0.2754403762039687,5,0,-0.01977996696317591,0.47333333333333333,0.9598875817154348,0.17180512273245274,8.159809247302183,0.9637888286779865,V
3.8000000000000003,0.2754403762039687,5,0,-0.01977996696317591,0.47333333333333333,0.9598875817154348,0.17180512273245274,8.159809247302183,0.9637888286779865,V
3.9000000000000004,0.2754403762039687,5,0,-0.01977996696317591,0.47333333333333333,0.9598875817154348,0.17180512273245274,8.159809247302183,0.9637888286779865,V
4.0,0.2754403762039687,5,0,-0.01977996696317591,0.47333333333333333,0.9598875817154348,0.17180512273245274,8.159809247302183,0.9637888286779865,V
4.1,0.2754403762039687,5,0,-0.01977996696317591,0.47333333333333333,0.9598875817154348,0.17180512273245274,8.159809247302183,0.9637888286779865,V
4.2,0.2754403762039687,5,0,-0.01977996696317591,0.47333333333333333,0.9598875817154348,0.17180512273245274,8.159809247302183,0.9637888286779865,V
4.3,0.2754403762039687,5,0,-0.01977996696317591,0.47333333333333333,0.9598875817154348,0.17180512273245274,8.159809247302183,0.9637888286779865,V
4.3999999999999995,0.2754403762039687,5,0,-0.01977996696317591,0.47333333333333333,0.9598875817154348,0.17180512273245274,8.159809247302183,0.9637888286779865,V
4.5,0.2754403762039687,5,0,-0.01977996696317591,0.47333333333333333,0.9598875817154348,0.17180512273245274,8.159809247302183,0.9637888286779865,V
4.6,0.2754403762039687,5,0,-0.01977996696317591,0.47333333333333333,0.9598875817154348,0.17180512273245274,8.159809247302183,0.9637888286779865,V
4.7,0.2754403762039687,5,0,-0.01977996696317591,0.47333333333333333,0.9598875817154348,0.17180512273245274,8.159809247302183,0.9637888286779865,V
4.8,0.2754403762039687,5,0,-0.01977996696317591,0.47333333333333333,0.9598875817154348,0.17180512273245274,8.159809247302183,0.9637888286779865,V
4.9,0.2754403762039687,5,0,-0.01977996696317591,0.47333333333333333,0.9598875817154348,0.17180512273245274,8.159809247302183,0.9637888286779865,V
5.0,0.2754403762039687,5,0,-0.01977996696317591,0.47333333333333333,0.9598875817154348,0.17180512273245274,8.159809247302183,0.9637888286779865,V
0.1,0.5047569500749782,5,31,0.05960878370109607,0.5133333333333333,1.1313765890547725,0.09574393053598068,3.118918517836036,0.9055912212439069,MA
0.2,0.5050285339844378,5,21,0.05960878370109607,0.5133333333333333,1.1313765890547725,0.09574393053598068,3.1119882528559653,0.9053929439427635,MA
0.30000000000000004,0.5050285339844378,5,14,0.05960878370109607,0.5133333333333333,1.1313765890547725,0.09574393053598068,3.1119882528559653,0.9053929439427635,MA
0.4,0.5050285339844378,5,12,0.05960878370109607,0.5133333333333333,1.1313765890547725,0.09574393053598068,3.1119882528559653,0.9053929439427635,MA
0.5,0.5050285339844378,5,9,0.05960878370109607,0.5133333333333333,1.1313765890547725,0.09574393053598068,3.1119882528559653,0.9053929439427635,MA
0.6,0.5050285339844378,5,6,0.05960878370109607,0.5133333333333333,1.1313765890547725,0.09574393053598068,3.1119882528559653,0.9053929439427635,MA
0.7000000000000001,0.5050285339844378,5,4,0.05960878370109607,0.5133333333333333,1.1313765890547725,0.09574393053598068,3.1119882528559653,0.9053929439427635,MA
0.8,0.5050285339844378,5,4,0.05960878370109607,0.5133333333333333,1.1313765890547725,0.09574393053598068,3.1119882528559653,0.9053929439427635,MA
0.9,0.5050285339844378,5,3,0.05960878370109607,0.5133333333333333,1.1313765890547725,0.09574393053598068,3.1119882528559653,0.9053929439427635,MA
1.0,0.22554146156878857,5,1,0.05960878370109607,0.5133333333333333,1.1313765890547725,0.09574393053598068,3.143021415136276,0.906137615592166,MA
1.1,0.22554146156878857,5,1,0.05960878370109607,0.5133333333333333,1.1313765890547725,0.09574393053598068,3.143021415136276,0.906137615592166,MA
1.2000000000000002,0.22554146156878857,5,1,0.05960878370109607,0.5133333333333333,1.1313765890547725,0.09574393053598068,3.143021415136276,0.906137615592166,MA
1.3000000000000003,0.22554146156878857,5,1,0.05960878370109607,0.5133333333333333,1.1313765890547725,0.09574393053598068,3.143021415136276,0.906137615592166,MA
1.4000000000000001,0.22554146156878857,5,1,0.05960878370109607,0.5133333333333333,1.1313765890547725,0.09574393053598068,3.143021415136276,0.906137615592166,MA
1.5000000000000002,0.22554146156878857,5,1,0.05960878370109607,0.5133333333333333,1.1313765890547725,0.09574393053598068,3.143021415136276,0.906137615592166,MA
1.6,0.22554146156878857,5,1,0.05960878370109607,0.5133333333333333,1.1313765890547725,0.09574393053598068,3.143021415136276,0.906137615592166,MA
1.7000000000000002,0.22554146156878857,5,1,0.05960878370109607,0.5133333333333333,1.1313765890547725,0.09574393053598068,3.143021415136276,0.906137615592166,MA
1.8000000000000003,0.22554146156878857,5,1,0.05960878370109607,0.5133333333333333,1.1313765890547725,0.09574393053598068,3.143021415136276,0.906137615592166,MA
1.9000000000000001,0.22554146156878857,5,1,0.05960878370109607,0.5133333333333333,1.1313765890547725,0.09574393053598068,3.143021415136276,0.906137615592166,MA
2.0,0.21677272136688747,4,0,0.05960878370109607,0.5133333333333333,1.1313765890547725,0.09574393053598068,4.695584792147626,0.9422713692713879,MA
2.1,0.21677272136688747,4,0,0.05960878370109607,0.5133333333333333,1.1313765890547725,0.09574393053598068,4.695584792147626,0.9422713692713879,MA
2.2,0.21677272136688747,4,0,0.05960878370109607,0.5133333333333333,1.1313765890547725,0.09574393053598068,4.695584792147626,0.9422713692713879,MA
2.3000000000000003,0.21677272136688747,4,0,0.05960878370109607,0.5133333333333333,1.1313765890547725,0.09574393053598068,4.695584792147626,0.9422713692713879,MA
2.4000000000000004,0.21677272136688747,4,0,0.05960878370109607,0.5133333333333333,1.1313765890547725,0.09574393053598068,4.695584792147626,0.9422713692713879,MA
2.5000000000000004,0.21677272136688747,4,0,0.05960878370109607,0.5133333333333333,1.1313765890547725,0.09574393053598068,4.695584792147626,0.9422713692713879,MA
2.6,0.21677272136688747,4,0,0.05960878370109607,0.5133333333333333,1.1313765890547725,0.09574393053598068,4.695584792147626,0.9422713692713879,MA
2.7,0.21677272136688747,4,0,0.05960878370109607,0.5133333333333333,1.1313765890547725,0.09574393053598068,4.695584792147626,0.9422713692713879,MA
2.8000000000000003,0.21677272136688747,4,0,0.05960878370109607,0.5133333333333333,1.1313765890547725,0.09574393053598068,4.695584792147626,0.9422713692713879,MA
2.9000000000000004,0.21677272136688747,4,0,0.05960878370109607,0.5133333333333333,1.1313765890547725,0.09574393053598068,4.695584792147626,0.9422713692713879,MA
3.0000000000000004,0.21677272136688747,4,0,0.05960878370109607,0.5133333333333333,1.1313765890547725,0.09574393053598068,4.695584792147626,0.9422713692713879,MA
3.1,0.21677272136688747,4,0,0.05960878370109607,0.5133333333333333,1.1313765890547725,0.09574393053598068,4.695584792147626,0.9422713692713879,MA
3.2,0.21677272136688747,4,0,0.05960878370109607,0.5133333333333333,1.1313765890547725,0.09574393053598068,4.695584792147626,0.9422713692713879,MA
3.3000000000000003,0.21677272136688747,4,0,0.05960878370109607,0.5133333333333333,1.1313765890547725,0.09574393053598068,4.695584792147626,0.9422713692713879,MA
3.4000000000000004,0.21677272136688747,4,0,0.05960878370109607,0.5133333333333333,1.1313765890547725,0.09574393053598068,4.695584792147626,0.9422713692713879,MA
3.5000000000000004,0.21677272136688747,4,0,0.05960878370109607,0.5133333333333333,1.1313765890547725,0.09574393053598068,4.695584792147626,0.9422713692713879,MA
3.6,0.21677272136688747,4,0,0.05960878370109607,0.5133333333333333,1.1313765890547725,0.09574393053598068,4.695584792147626,0.9422713692713879,MA
3.7,0.21677272136688747,4,0,0.05960878370109607,0.5133333333333333,1.1313765890547725,0.09574393053598068,4.695584792147626,0.9422713692713879,MA
3.8000000000000003,0.21677272136688747,4,0,0.05960878370109607,0.5133333333333333,1.1313765890547725,0.09574393053598068,4.695584792147626,0.9422713692713879,MA
3.9000000000000004,0.21677272136688747,4,0,0.05960878370109607,0.5133333333333333,1.1313765890547725,0.09574393053598068,4.695584792147626,0.9422713692713879,MA
4.0,0.21677272136688747,4,0,0.05960878370109607,0.5133333333333333,1.1313765890547725,0.09574393053598068,4.695584792147626,0.9422713692713879,MA
4.1,0.21677272136688747,4,0,0.05960878370109607,0.5133333333333333,1.1313765890547725,0.09574393053598068,4.695584792147626,0.9422713692713879,MA
4.2,0.21677272136688747,4,0,0.05960878370109607,0.5133333333333333,1.1313765890547725,0.09574393053598068,4.695584792147626,0.9422713692713879,MA
4.3,0.21677272136688747,4,0,0.05960878370109607,0.5133333333333333,1.1313765890547725,0.09574393053598068,4.695584792147626,0.9422713692713879,MA
4.3999999999999995,0.21677272136688747,4,0,0.05960878370109607,0.5133333333333333,1.1313765890547725,0.09574393053598068,4.695584792147626,0.9422713692713879,MA
4.5,0.21677272136688747,4,0,0.05960878370109607,0.5133333333333333,1.1313765890547725,0.09574393053598068,4.695584792147626,0.9422713692713879,MA
4.6,0.21677272136688747,4,0,0.05960878370109607,0.5133333333333333,1.1313765890547725,0.09574393053598068,4.695584792147626,0.9422713692713879,MA
4.7,0.21677272136688747,4,0,0.05960878370109607,0.5133333333333333,1.1313765890547725,0.09574393053598068,4.695584792147626,0.9422713692713879,MA
4.8,0.21677272136688747,4,0,0.05960878370109607,0.5133333333333333,1.1313765890547725,0.09574393053598068,4.695584792147626,0.9422713692713879,MA
4.9,0.21677272136688747,4,0,0.05960878370109607,0.5133333333333333,1.1313765890547725,0.09574393053598068,4.695584792147626,0.9422713692713879,MA
5.0,0.21677272136688747,4,0,0.05960878370109607,0.5133333333333333,1.1313765890547725,0.09574393053598068,4.695584792147626,0.9422713692713879,MA
0.1,0.5011635039004352,5,34,0.037864006881028534,0.5333333333333333,1.0764204863137445,0.15869698187502454,4.4129014419505435,0.9135758604241013,DIS
0.2,0.49937790685309374,5,27,0.037864006881028534,0.5333333333333333,1.0764204863137445,0.15869698187502454,4.4375175933325846,0.9141326120607555,DIS
0.30000000000000004,0.4980419193757989,4,18,0.037864006881028534,0.5333333333333333,1.0764204863137445,0.15869698187502454,4.446917094031345,0.9143451022174685,DIS
0.4,0.4980419193757989,4,14,0.037864006881028534,0.5333333333333333,1.0764204863137445,0.15869698187502454,4.446917094031345,0.9143451022174685,DIS
0.5,0.4980419193757989,4,9,0.037864006881028534,0.5333333333333333,1.0764204863137445,0.15869698187502454,4.446917094031345,0.9143451022174685,DIS
0.6,0.49937790685309374,5,7,0.037864006881028534,0.5333333333333333,1.0764204863137445,0.15869698187502454,4.4375175933325846,0.9141326120607555,DIS
0.7000000000000001,0.49937790685309374,5,6,0.037864006881028534,0.5333333333333333,1.0764204863137445,0.15869698187502454,4.4375175933325846,0.9141326120607555,DIS
0.8,0.49937790685309374,5,5,0.037864006881028534,0.5333333333333333,1.0764204863137445,0.15869698187502454,4.4375175933325846,0.9141326120607555,DIS
0.9,0.5058417188451545,5,2,0.037864006881028534,0.5333333333333333,1.0764204863137445,0.15869698187502454,4.498690241038036,0.9154874470200532,DIS
1.0,0.5058417188451545,5,2,0.037864006881028534,0.5333333333333333,1.0764204863137445,0.15869698187502454,4.498690241038036,0.9154874470200532,DIS
1.1,0.5058417188451545,5,2,0.037864006881028534,0.5333333333333333,1.0764204863137445,0.15869698187502454,4.498690241038036,0.9154874470200532,DIS
1.2000000000000002,0.5058417188451545,5,2,0.037864006881028534,0.5333333333333333,1.0764204863137445,0.15869698187502454,4.498690241038036,0.9154874470200532,DIS
1.3000000000000003,0.5058417188451545,5,2,0.037864006881028534,0.5333333333333333,1.0764204863137445,0.15869698187502454,4.498690241038036,0.9154874470200532,DIS
1.4000000000000001,0.5058417188451545,5,2,0.037864006881028534,0.5333333333333333,1.0764204863137445,0.15869698187502454,4.498690241038036,0.9154874470200532,DIS
1.5000000000000002,0.5058417188451545,5,2,0.037864006881028534,0.5333333333333333,1.0764204863137445,0.15869698187502454,4.498690241038036,0.9154874470200532,DIS
1.6,0.5058417188451545,5,1,0.037864006881028534,0.5333333333333333,1.0764204863137445,0.15869698187502454,4.498690241038036,0.9154874470200532,DIS
1.7000000000000002,0.5058417188451545,5,1,0.037864006881028534,0.5333333333333333,1.0764204863137445,0.15869698187502454,4.498690241038036,0.9154874470200532,DIS
1.8000000000000003,0.16501490901699672,4,0,0.037864006881028534,0.5333333333333333,1.0764204863137445,0.15869698187502454,3.5667809226346687,0.9034127057059458,DIS
1.9000000000000001,0.16501490901699672,4,0,0.037864006881028534,0.5333333333333333,1.0764204863137445,0.15869698187502454,3.5667809226346687,0.9034127057059458,DIS
2.0,0.16501490901699672,4,0,0.037864006881028534,0.5333333333333333,1.0764204863137445,0.15869698187502454,3.5667809226346687,0.9034127057059458,DIS
2.1,0.16501490901699672,4,0,0.037864006881028534,0.5333333333333333,1.0764204863137445,0.15869698187502454,3.5667809226346687,0.9034127057059458,DIS
2.2,0.16501490901699672,4,0,0.037864006881028534,0.5333333333333333,1.0764204863137445,0.15869698187502454,3.5667809226346687,0.9034127057059458,DIS
2.3000000000000003,0.16501490901699672,4,0,0.037864006881028534,0.5333333333333333,1.0764204863137445,0.15869698187502454,3.5667809226346687,0.9034127057059458,DIS
2.4000000000000004,0.16501490901699672,4,0,0.037864006881028534,0.5333333333333333,1.0764204863137445,0.15869698187502454,3.5667809226346687,0.9034127057059458,DIS
2.5000000000000004,0.16501490901699672,4,0,0.037864006881028534,0.5333333333333333,1.0764204863137445,0.15869698187502454,3.5667809226346687,0.9034127057059458,DIS
2.6,0.16501490901699672,4,0,0.037864006881028534,0.5333333333333333,1.0764204863137445,0.15869698187502454,3.5667809226346687,0.9034127057059458,DIS
2.7,0.16501490901699672,4,0,0.037864006881028534,0.5333333333333333,1.0764204863137445,0.15869698187502454,3.5667809226346687,0.9034127057059458,DIS
2.8000000000000003,0.16501490901699672,4,0,0.037864006881028534,0.5333333333333333,1.0764204863137445,0.15869698187502454,3.5667809226346687,0.9034127057059458,DIS
2.9000000000000004,0.16501490901699672,4,0,0.037864006881028534,0.5333333333333333,1.0764204863137445,0.15869698187502454,3.5667809226346687,0.9034127057059458,DIS
3.0000000000000004,0.16501490901699672,4,0,0.037864006881028534,0.5333333333333333,1.0764204863137445,0.15869698187502454,3.5667809226346687,0.9034127057059458,DIS
3.1,0.16501490901699672,4,0,0.037864006881028534,0.5333333333333333,1.0764204863137445,0.15869698187502454,3.5667809226346687,0.9034127057059458,DIS
3.2,0.16501490901699672,4,0,0.037864006881028534,0.5333333333333333,1.0764204863137445,0.15869698187502454,3.5667809226346687,0.9034127057059458,DIS
3.3000000000000003,0.16501490901699672,4,0,0.037864006881028534,0.5333333333333333,1.0764204863137445,0.15869698187502454,3.5667809226346687,0.9034127057059458,DIS
3.4000000000000004,0.16501490901699672,4,0,0.037864006881028534,0.5333333333333333,1.0764204863137445,0.15869698187502454,3.5667809226346687,0.9034127057059458,DIS
3.5000000000000004,0.16501490901699672,4,0,0.037864006881028534,0.5333333333333333,1.0764204863137445,0.15869698187502454,3.5667809226346687,0.9034127057059458,DIS
3.6,0.16501490901699672,4,0,0.037864006881028534,0.5333333333333333,1.0764204863137445,0.15869698187502454,3.5667809226346687,0.9034127057059458,DIS
3.7,0.16501490901699672,4,0,0.037864006881028534,0.5333333333333333,1.0764204863137445,0.15869698187502454,3.5667809226346687,0.9034127057059458,DIS
3.8000000000000003,0.16501490901699672,4,0,0.037864006881028534,0.5333333333333333,1.0764204863137445,0.15869698187502454,3.5667809226346687,0.9034127057059458,DIS
3.9000000000000004,0.16501490901699672,4,0,0.037864006881028534,0.5333333333333333,1.0764204863137445,0.15869698187502454,3.5667809226346687,0.9034127057059458,DIS
4.0,0.16501490901699672,4,0,0.037864006881028534,0.5333333333333333,1.0764204863137445,0.15869698187502454,3.5667809226346687,0.9034127057059458,DIS
4.1,0.16501490901699672,4,0,0.037864006881028534,0.5333333333333333,1.0764204863137445,0.15869698187502454,3.5667809226346687,0.9034127057059458,DIS
4.2,0.16501490901699672,4,0,0.037864006881028534,0.5333333333333333,1.0764204863137445,0.15869698187502454,3.5667809226346687,0.9034127057059458,DIS
4.3,0.16501490901699672,4,0,0.037864006881028534,0.5333333333333333,1.0764204863137445,0.15869698187502454,3.5667809226346687,0.9034127057059458,DIS
4.3999999999999995,0.16501490901699672,4,0,0.037864006881028534,0.5333333333333333,1.0764204863137445,0.15869698187502454,3.5667809226346687,0.9034127057059458,DIS
4.5,0.16501490901699672,4,0,0.037864006881028534,0.5333333333333333,1.0764204863137445,0.15869698187502454,3.5667809226346687,0.9034127057059458,DIS
4.6,0.16501490901699672,4,0,0.037864006881028534,0.5333333333333333,1.0764204863137445,0.15869698187502454,3.5667809226346687,0.9034127057059458,DIS
4.7,0.16501490901699672,4,0,0.037864006881028534,0.5333333333333333,1.0764204863137445,0.15869698187502454,3.5667809226346687,0.9034127057059458,DIS
4.8,0.16501490901699672,4,0,0.037864006881028534,0.5333333333333333,1.0764204863137445,0.15869698187502454,3.5667809226346687,0.9034127057059458,DIS
4.9,0.16501490901699672,4,0,0.037864006881028534,0.5333333333333333,1.0764204863137445,0.15869698187502454,3.5667809226346687,0.9034127057059458,DIS
5.0,0.16501490901699672,4,0,0.037864006881028534,0.5333333333333333,1.0764204863137445,0.15869698187502454,3.5667809226346687,0.9034127057059458,DIS
0.1,0.5074830526824265,5,35,-0.1520010936292509,0.44,0.7432418702178213,0.36306548016502244,19.62594356724455,0.9925096752698691,XOM
0.2,0.013103026541445628,4,29,-0.1520010936292509,0.44,0.7432418702178213,0.36306548016502244,19.38203517660692,0.9922894054223707,XOM
0.30000000000000004,0.5042281232290704,5,19,-0.1520010936292509,0.44,0.7432418702178213,0.36306548016502244,19.638198922498766,0.9925206162296276,XOM
0.4,0.5020062057209432,5,14,-0.1520010936292509,0.44,0.7432418702178213,0.36306548016502244,19.65452687785289,0.9925349510515128,XOM
0.5,0.5020062057209432,5,9,-0.1520010936292509,0.44,0.7432418702178213,0.36306548016502244,19.65452687785289,0.9925349510515128,XOM
0.6,0.5020062057209432,5,7,-0.1520010936292509,0.44,0.7432418702178213,0.36306548016502244,19.65452687785289,0.9925349510515128,XOM
0.7000000000000001,0.5020062057209432,5,6,-0.1520010936292509,0.44,0.7432418702178213,0.36306548016502244,19.65452687785289,0.9925349510515128,XOM
0.8,0.5020062057209432,5,4,-0.1520010936292509,0.44,0.7432418702178213,0.36306548016502244,19.65452687785289,0.9925349510515128,XOM
0.9,0.5020062057209432,5,2,-0.1520010936292509,0.44,0.7432418702178213,0.36306548016502244,19.65452687785289,0.9925349510515128,XOM
1.0,0.5020062057209432,5,2,-0.1520010936292509,0.44,0.7432418702178213,0.36306548016502244,19.65452687785289,0.9925349510515128,XOM
1.1,0.5020062057209432,5,2,-0.1520010936292509,0.44,0.7432418702178213,0.36306548016502244,19.65452687785289,0.9925349510515128,XOM
1.2000000000000002,0.5020062057209432,5,2,-0.1520010936292509,0.44,0.7432418702178213,0.36306548016502244,19.65452687785289,0.9925349510515128,XOM
1.3000000000000003,0.5020062057209432,5,2,-0.1520010936292509,0.44,0.7432418702178213,0.36306548016502244,19.65452687785289,0.9925349510515128,XOM
1.4000000000000001,0.5020062057209432,5,2,-0.1520010936292509,0.44,0.7432418702178213,0.36306548016502244,19.65452687785289,0.9925349510515128,XOM
1.5000000000000002,0.5020062057209432,5,1,-0.1520010936292509,0.44,0.7432418702178213,0.36306548016502244,19.65452687785289,0.9925349510515128,XOM
1.6,0.5020062057209432,5,1,-0.1520010936292509,0.44,0.7432418702178213,0.36306548016502244,19.65452687785289,0.9925349510515128,XOM
1.7000000000000002,0.5020062057209432,5,1,-0.1520010936292509,0.44,0.7432418702178213,0.36306548016502244,19.65452687785289,0.9925349510515128,XOM
1.8000000000000003,-0.0028178339924462836,4,0,-0.1520010936292509,0.44,0.7432418702178213,0.36306548016502244,17.99262439213692,0.9910063418622325,XOM
1.9000000000000001,-0.0028178339924462836,4,0,-0.1520010936292509,0.44,0.7432418702178213,0.36306548016502244,17.99262439213692,0.9910063418622325,XOM
2.0,-0.0028178339924462836,4,0,-0.1520010936292509,0.44,0.7432418702178213,0.36306548016502244,17.99262439213692,0.9910063418622325,XOM
2.1,-0.0028178339924462836,4,0,-0.1520010936292509,0.44,0.7432418702178213,0.36306548016502244,17.99262439213692,0.9910063418622325,XOM
2.2,-0.0028178339924462836,4,0,-0.1520010936292509,0.44,0.7432418702178213,0.36306548016502244,17.99262439213692,0.9910063418622325,XOM
2.3000000000000003,-0.0028178339924462836,4,0,-0.1520010936292509,0.44,0.7432418702178213,0.36306548016502244,17.99262439213692,0.9910063418622325,XOM
2.4000000000000004,-0.0028178339924462836,4,0,-0.1520010936292509,0.44,0.7432418702178213,0.36306548016502244,17.99262439213692,0.9910063418622325,XOM
2.5000000000000004,-0.0028178339924462836,4,0,-0.1520010936292509,0.44,0.7432418702178213,0.36306548016502244,17.99262439213692,0.9910063418622325,XOM
2.6,-0.0028178339924462836,4,0,-0.1520010936292509,0.44,0.7432418702178213,0.36306548016502244,17.99262439213692,0.9910063418622325,XOM
2.7,-0.0028178339924462836,4,0,-0.1520010936292509,0.44,0.7432418702178213,0.36306548016502244,17.99262439213692,0.9910063418622325,XOM
2.8000000000000003,-0.0028178339924462836,4,0,-0.1520010936292509,0.44,0.7432418702178213,0.36306548016502244,17.99262439213692,0.9910063418622325,XOM
2.9000000000000004,-0.0028178339924462836,4,0,-0.1520010936292509,0.44,0.7432418702178213,0.36306548016502244,17.99262439213692,0.9910063418622325,XOM
3.0000000000000004,-0.0028178339924462836,4,0,-0.1520010936292509,0.44,0.7432418702178213,0.36306548016502244,17.99262439213692,0.9910063418622325,XOM
3.1,-0.0028178339924462836,4,0,-0.1520010936292509,0.44,0.7432418702178213,0.36306548016502244,17.99262439213692,0.9910063418622325,XOM
3.2,-0.0028178339924462836,4,0,-0.1520010936292509,0.44,0.7432418702178213,0.36306548016502244,17.99262439213692,0.9910063418622325,XOM
3.3000000000000003,-0.0028178339924462836,4,0,-0.1520010936292509,0.44,0.7432418702178213,0.36306548016502244,17.99262439213692,0.9910063418622325,XOM
3.4000000000000004,-0.0028178339924462836,4,0,-0.1520010936292509,0.44,0.7432418702178213,0.36306548016502244,17.99262439213692,0.9910063418622325,XOM
3.5000000000000004,-0.0028178339924462836,4,0,-0.1520010936292509,0.44,0.7432418702178213,0.36306548016502244,17.99262439213692,0.9910063418622325,XOM
3.6,-0.0028178339924462836,4,0,-0.1520010936292509,0.44,0.7432418702178213,0.36306548016502244,17.99262439213692,0.9910063418622325,XOM
3.7,-0.0028178339924462836,4,0,-0.1520010936292509,0.44,0.7432418702178213,0.36306548016502244,17.99262439213692,0.9910063418622325,XOM
3.8000000000000003,-0.0028178339924462836,4,0,-0.1520010936292509,0.44,0.7432418702178213,0.36306548016502244,17.99262439213692,0.9910063418622325,XOM
3.9000000000000004,-0.0028178339924462836,4,0,-0.1520010936292509,0.44,0.7432418702178213,0.36306548016502244,17.99262439213692,0.9910063418622325,XOM
4.0,-0.0028178339924462836,4,0,-0.1520010936292509,0.44,0.7432418702178213,0.36306548016502244,17.99262439213692,0.9910063418622325,XOM
4.1,-0.0028178339924462836,4,0,-0.1520010936292509,0.44,0.7432418702178213,0.36306548016502244,17.99262439213692,0.9910063418622325,XOM
4.2,-0.0028178339924462836,4,0,-0.1520010936292509,0.44,0.7432418702178213,0.36306548016502244,17.99262439213692,0.9910063418622325,XOM
4.3,-0.0028178339924462836,4,0,-0.1520010936292509,0.44,0.7432418702178213,0.36306548016502244,17.99262439213692,0.9910063418622325,XOM
4.3999999999999995,-0.0028178339924462836,4,0,-0.1520010936292509,0.44,0.7432418702178213,0.36306548016502244,17.99262439213692,0.9910063418622325,XOM
4.5,-0.0028178339924462836,4,0,-0.1520010936292509,0.44,0.7432418702178213,0.36306548016502244,17.99262439213692,0.9910063418622325,XOM
4.6,-0.0028178339924462836,4,0,-0.1520010936292509,0.44,0.7432418702178213,0.36306548016502244,17.99262439213692,0.9910063418622325,XOM
4.7,-0.0028178339924462836,4,0,-0.1520010936292509,0.44,0.7432418702178213,0.36306548016502244,17.99262439213692,0.9910063418622325,XOM
4.8,-0.0028178339924462836,4,0,-0.1520010936292509,0.44,0.7432418702178213,0.36306548016502244,17.99262439213692,0.9910063418622325,XOM
4.9,-0.0028178339924462836,4,0,-0.1520010936292509,0.44,0.7432418702178213,0.36306548016502244,17.99262439213692,0.9910063418622325,XOM
5.0,-0.0028178339924462836,4,0,-0.1520010936292509,0.44,0.7432418702178213,0.36306548016502244,17.99262439213692,0.9910063418622325,XOM
0.1,0.5131390360617873,5,31,0.16816840786528525,0.5066666666666667,1.4968073054814741,0.2417157794897098,39.332135864904046,0.9614851578041493,INTC
0.2,0.507698034903225,5,24,0.16816840786528525,0.5066666666666667,1.4968073054814741,0.2417157794897098,39.37397602120224,0.9615040511269822,INTC
0.30000000000000004,0.5078005358230311,5,16,0.16816840786528525,0.5066666666666667,1.4968073054814741,0.2417157794897098,39.37275371785502,0.9615034509623764,INTC
0.4,0.5006288476147025,5,10,0.16816840786528525,0.5066666666666667,1.4968073054814741,0.2417157794897098,39.57598449017204,0.9616221403691763,INTC
0.5,0.5006288476147025,5,8,0.16816840786528525,0.5066666666666667,1.4968073054814741,0.2417157794897098,39.57598449017204,0.9616221403691763,INTC
0.6,0.5002237672869386,5,6,0.16816840786528525,0.5066666666666667,1.4968073054814741,0.2417157794897098,39.573729498270524,0.9616206579688875,INTC
0.7000000000000001,0.5002237672869386,5,4,0.16816840786528525,0.5066666666666667,1.4968073054814741,0.2417157794897098,39.573729498270524,0.9616206579688875,INTC
0.8,0.5002237672869386,5,4,0.16816840786528525,0.5066666666666667,1.4968073054814741,0.2417157794897098,39.573729498270524,0.9616206579688875,INTC
0.9,0.5002237672869386,5,4,0.16816840786528525,0.5066666666666667,1.4968073054814741,0.2417157794897098,39.573729498270524,0.9616206579688875,INTC
1.0,0.5002237672869386,5,4,0.16816840786528525,0.5066666666666667,1.4968073054814741,0.2417157794897098,39.573729498270524,0.9616206579688875,INTC
1.1,0.5002237672869386,5,3,0.16816840786528525,0.5066666666666667,1.4968073054814741,0.2417157794897098,39.573729498270524,0.9616206579688875,INTC
1.2000000000000002,0.5002237672869386,5,3,0.16816840786528525,0.5066666666666667,1.4968073054814741,0.2417157794897098,39.573729498270524,0.9616206579688875,INTC
1.3000000000000003,0.4980933497724403,5,2,0.16816840786528525,0.5066666666666667,1.4968073054814741,0.2417157794897098,39.95497127082863,0.9619107294406384,INTC
1.4000000000000001,0.4980933497724403,5,1,0.16816840786528525,0.5066666666666667,1.4968073054814741,0.2417157794897098,39.95497127082863,0.9619107294406384,INTC
1.5000000000000002,0.4980933497724403,5,1,0.16816840786528525,0.5066666666666667,1.4968073054814741,0.2417157794897098,39.95497127082863,0.9619107294406384,INTC
1.6,0.22078024844327648,6,0,0.16816840786528525,0.5066666666666667,1.4968073054814741,0.2417157794897098,35.185969902472905,0.9661130725470739,INTC
1.7000000000000002,0.22078024844327648,6,0,0.16816840786528525,0.5066666666666667,1.4968073054814741,0.2417157794897098,35.185969902472905,0.9661130725470739,INTC
1.8000000000000003,0.22078024844327648,6,0,0.16816840786528525,0.5066666666666667,1.4968073054814741,0.2417157794897098,35.185969902472905,0.9661130725470739,INTC
1.9000000000000001,0.22078024844327648,6,0,0.16816840786528525,0.5066666666666667,1.4968073054814741,0.2417157794897098,35.185969902472905,0.9661130725470739,INTC
2.0,0.22078024844327648,6,0,0.16816840786528525,0.5066666666666667,1.4968073054814741,0.2417157794897098,35.185969902472905,0.9661130725470739,INTC
2.1,0.22078024844327648,6,0,0.16816840786528525,0.5066666666666667,1.4968073054814741,0.2417157794897098,35.185969902472905,0.9661130725470739,INTC
2.2,0.22078024844327648,6,0,0.16816840786528525,0.5066666666666667,1.4968073054814741,0.2417157794897098,35.185969902472905,0.9661130725470739,INTC
2.3000000000000003,0.22078024844327648,6,0,0.16816840786528525,0.5066666666666667,1.4968073054814741,0.2417157794897098,35.185969902472905,0.9661130725470739,INTC
2.4000000000000004,0.22078024844327648,6,0,0.16816840786528525,0.5066666666666667,1.4968073054814741,0.2417157794897098,35.185969902472905,0.9661130725470739,INTC
2.5000000000000004,0.22078024844327648,6,0,0.16816840786528525,0.5066666666666667,1.4968073054814741,0.2417157794897098,35.185969902472905,0.9661130725470739,INTC
2.6,0.22078024844327648,6,0,0.16816840786528525,0.5066666666666667,1.4968073054814741,0.2417157794897098,35.185969902472905,0.9661130725470739,INTC
2.7,0.22078024844327648,6,0,0.16816840786528525,0.5066666666666667,1.4968073054814741,0.2417157794897098,35.185969902472905,0.9661130725470739,INTC
2.8000000000000003,0.22078024844327648,6,0,0.16816840786528525,0.5066666666666667,1.4968073054814741,0.2417157794897098,35.185969902472905,0.9661130725470739,INTC
2.9000000000000004,0.22078024844327648,6,0,0.16816840786528525,0.5066666666666667,1.4968073054814741,0.2417157794897098,35.185969902472905,0.9661130725470739,INTC
3.0000000000000004,0.22078024844327648,6,0,0.16816840786528525,0.5066666666666667,1.4968073054814741,0.2417157794897098,35.185969902472905,0.9661130725470739,INTC
3.1,0.22078024844327648,6,0,0.16816840786528525,0.5066666666666667,1.4968073054814741,0.2417157794897098,35.185969902472905,0.9661130725470739,INTC
3.2,0.22078024844327648,6,0,0.16816840786528525,0.5066666666666667,1.4968073054814741,0.2417157794897098,35.185969902472905,0.9661130725470739,INTC
3.3000000000000003,0.22078024844327648,6,0,0.16816840786528525,0.5066666666666667,1.4968073054814741,0.2417157794897098,35.185969902472905,0.9661130725470739,INTC
3.4000000000000004,0.22078024844327648,6,0,0.16816840786528525,0.5066666666666667,1.4968073054814741,0.2417157794897098,35.185969902472905,0.9661130725470739,INTC
3.5000000000000004,0.22078024844327648,6,0,0.16816840786528525,0.5066666666666667,1.4968073054814741,0.2417157794897098,35.185969902472905,0.9661130725470739,INTC
3.6,0.22078024844327648,6,0,0.16816840786528525,0.5066666666666667,1.4968073054814741,0.2417157794897098,35.185969902472905,0.9661130725470739,INTC
3.7,0.22078024844327648,6,0,0.16816840786528525,0.5066666666666667,1.4968073054814741,0.2417157794897098,35.185969902472905,0.9661130725470739,INTC
3.8000000000000003,0.22078024844327648,6,0,0.16816840786528525,0.5066666666666667,1.4968073054814741,0.2417157794897098,35.185969902472905,0.9661130725470739,INTC
3.9000000000000004,0.22078024844327648,6,0,0.16816840786528525,0.5066666666666667,1.4968073054814741,0.2417157794897098,35.185969902472905,0.9661130725470739,INTC
4.0,0.22078024844327648,6,0,0.16816840786528525,0.5066666666666667,1.4968073054814741,0.2417157794897098,35.185969902472905,0.9661130725470739,INTC
4.1,0.22078024844327648,6,0,0.16816840786528525,0.5066666666666667,1.4968073054814741,0.2417157794897098,35.185969902472905,0.9661130725470739,INTC
4.2,0.22078024844327648,6,0,0.16816840786528525,0.5066666666666667,1.4968073054814741,0.2417157794897098,35.185969902472905,0.9661130725470739,INTC
4.3,0.22078024844327648,6,0,0.16816840786528525,0.5066666666666667,1.4968073054814741,0.2417157794897098,35.185969902472905,0.9661130725470739,INTC
4.3999999999999995,0.22078024844327648,6,0,0.16816840786528525,0.5066666666666667,1.4968073054814741,0.2417157794897098,35.185969902472905,0.9661130725470739,INTC
4.5,0.22078024844327648,6,0,0.16816840786528525,0.5066666666666667,1.4968073054814741,0.2417157794897098,35.185969902472905,0.9661130725470739,INTC
4.6,0.22078024844327648,6,0,0.16816840786528525,0.5066666666666667,1.4968073054814741,0.2417157794897098,35.185969902472905,0.9661130725470739,INTC
4.7,0.22078024844327648,6,0,0.16816840786528525,0.5066666666666667,1.4968073054814741,0.2417157794897098,35.185969902472905,0.9661130725470739,INTC
4.8,0.22078024844327648,6,0,0.16816840786528525,0.5066666666666667,1.4968073054814741,0.2417157794897098,35.185969902472905,0.9661130725470739,INTC
4.9,0.22078024844327648,6,0,0.16816840786528525,0.5066666666666667,1.4968073054814741,0.2417157794897098,35.185969902472905,0.9661130725470739,INTC
5.0,0.22078024844327648,6,0,0.16816840786528525,0.5066666666666667,1.4968073054814741,0.2417157794897098,35.185969902472905,0.9661130725470739,INTC
0.1,0.1561427826719804,4,31,0.09488142277998801,0.54,1.2131598806155652,0.15752607951102743,7.8367509129311355,0.9451449835138379,WMT
0.2,0.48877014772336536,5,18,0.09488142277998801,0.54,1.2131598806155652,0.15752607951102743,8.21701793833487,0.9469532909429618,WMT
0.30000000000000004,0.48890551102519336,5,11,0.09488142277998801,0.54,1.2131598806155652,0.15752607951102743,8.215005954553247,0.9469416487503006,WMT
0.4,0.49185806231052337,5,9,0.09488142277998801,0.54,1.2131598806155652,0.15752607951102743,8.19188109527302,0.946809269292123,WMT
0.5,0.08902031600921545,5,8,0.09488142277998801,0.54,1.2131598806155652,0.15752607951102743,7.013852514421309,0.9421795240053679,WMT
0.6,0.23138178445892515,5,6,0.09488142277998801,0.54,1.2131598806155652,0.15752607951102743,7.042750460655813,0.9422414046667152,WMT
0.7000000000000001,0.23138178445892515,5,5,0.09488142277998801,0.54,1.2131598806155652,0.15752607951102743,7.042750460655813,0.9422414046667152,WMT
0.8,0.23138178445892515,5,4,0.09488142277998801,0.54,1.2131598806155652,0.15752607951102743,7.042750460655813,0.9422414046667152,WMT
0.9,0.23138178445892515,5,3,0.09488142277998801,0.54,1.2131598806155652,0.15752607951102743,7.042750460655813,0.9422414046667152,WMT
1.0,0.23138178445892515,5,1,0.09488142277998801,0.54,1.2131598806155652,0.15752607951102743,7.042750460655813,0.9422414046667152,WMT
1.1,0.23138178445892515,5,1,0.09488142277998801,0.54,1.2131598806155652,0.15752607951102743,7.042750460655813,0.9422414046667152,WMT
1.2000000000000002,0.23138178445892515,5,1,0.09488142277998801,0.54,1.2131598806155652,0.15752607951102743,7.042750460655813,0.9422414046667152,WMT
1.3000000000000003,0.23138178445892515,5,1,0.09488142277998801,0.54,1.2131598806155652,0.15752607951102743,7.042750460655813,0.9422414046667152,WMT
1.4000000000000001,0.011102845651312643,4,0,0.09488142277998801,0.54,1.2131598806155652,0.15752607951102743,7.346831092596516,0.9428903011625942,WMT
1.5000000000000002,0.011102845651312643,4,0,0.09488142277998801,0.54,1.2131598806155652,0.15752607951102743,7.346831092596516,0.9428903011625942,WMT
1.6,0.011102845651312643,4,0,0.09488142277998801,0.54,1.2131598806155652,0.15752607951102743,7.346831092596516,0.9428903011625942,WMT
1.7000000000000002,0.011102845651312643,4,0,0.09488142277998801,0.54,1.2131598806155652,0.15752607951102743,7.346831092596516,0.9428903011625942,WMT
1.8000000000000003,0.011102845651312643,4,0,0.09488142277998801,0.54,1.2131598806155652,0.15752607951102743,7.346831092596516,0.9428903011625942,WMT
1.9000000000000001,0.011102845651312643,4,0,0.09488142277998801,0.54,1.2131598806155652,0.15752607951102743,7.346831092596516,0.9428903011625942,WMT
2.0,0.011102845651312643,4,0,0.09488142277998801,0.54,1.2131598806155652,0.15752607951102743,7.346831092596516,0.9428903011625942,WMT
2.1,0.011102845651312643,4,0,0.09488142277998801,0.54,1.2131598806155652,0.15752607951102743,7.346831092596516,0.9428903011625942,WMT
2.2,0.011102845651312643,4,0,0.09488142277998801,0.54,1.2131598806155652,0.15752607951102743,7.346831092596516,0.9428903011625942,WMT
2.3000000000000003,0.011102845651312643,4,0,0.09488142277998801,0.54,1.2131598806155652,0.15752607951102743,7.346831092596516,0.9428903011625942,WMT
2.4000000000000004,0.011102845651312643,4,0,0.09488142277998801,0.54,1.2131598806155652,0.15752607951102743,7.346831092596516,0.9428903011625942,WMT
2.5000000000000004,0.011102845651312643,4,0,0.09488142277998801,0.54,1.2131598806155652,0.15752607951102743,7.346831092596516,0.9428903011625942,WMT
2.6,0.011102845651312643,4,0,0.09488142277998801,0.54,1.2131598806155652,0.15752607951102743,7.346831092596516,0.9428903011625942,WMT
2.7,0.011102845651312643,4,0,0.09488142277998801,0.54,1.2131598806155652,0.15752607951102743,7.346831092596516,0.9428903011625942,WMT
2.8000000000000003,0.011102845651312643,4,0,0.09488142277998801,0.54,1.2131598806155652,0.15752607951102743,7.346831092596516,0.9428903011625942,WMT
2.9000000000000004,0.011102845651312643,4,0,0.09488142277998801,0.54,1.2131598806155652,0.15752607951102743,7.346831092596516,0.9428903011625942,WMT
3.0000000000000004,0.011102845651312643,4,0,0.09488142277998801,0.54,1.2131598806155652,0.15752607951102743,7.346831092596516,0.9428903011625942,WMT
3.1,0.011102845651312643,4,0,0.09488142277998801,0.54,1.2131598806155652,0.15752607951102743,7.346831092596516,0.9428903011625942,WMT
3.2,0.011102845651312643,4,0,0.09488142277998801,0.54,1.2131598806155652,0.15752607951102743,7.346831092596516,0.9428903011625942,WMT
3.3000000000000003,0.011102845651312643,4,0,0.09488142277998801,0.54,1.2131598806155652,0.15752607951102743,7.346831092596516,0.9428903011625942,WMT
3.4000000000000004,0.011102845651312643,4,0,0.09488142277998801,0.54,1.2131598806155652,0.15752607951102743,7.346831092596516,0.9428903011625942,WMT
3.5000000000000004,0.011102845651312643,4,0,0.09488142277998801,0.54,1.2131598806155652,0.15752607951102743,7.346831092596516,0.9428903011625942,WMT
3.6,0.011102845651312643,4,0,0.09488142277998801,0.54,1.2131598806155652,0.15752607951102743,7.346831092596516,0.9428903011625942,WMT
3.7,0.011102845651312643,4,0,0.09488142277998801,0.54,1.2131598806155652,0.15752607951102743,7.346831092596516,0.9428903011625942,WMT
3.8000000000000003,0.011102845651312643,4,0,0.09488142277998801,0.54,1.2131598806155652,0.15752607951102743,7.346831092596516,0.9428903011625942,WMT
3.9000000000000004,0.011102845651312643,4,0,0.09488142277998801,0.54,1.2131598806155652,0.15752607951102743,7.346831092596516,0.9428903011625942,WMT
4.0,0.011102845651312643,4,0,0.09488142277998801,0.54,1.2131598806155652,0.15752607951102743,7.346831092596516,0.9428903011625942,WMT
4.1,0.011102845651312643,4,0,0.09488142277998801,0.54,1.2131598806155652,0.15752607951102743,7.346831092596516,0.9428903011625942,WMT
4.2,0.011102845651312643,4,0,0.09488142277998801,0.54,1.2131598806155652,0.15752607951102743,7.346831092596516,0.9428903011625942,WMT
4.3,0.011102845651312643,4,0,0.09488142277998801,0.54,1.2131598806155652,0.15752607951102743,7.346831092596516,0.9428903011625942,WMT
4.3999999999999995,0.011102845651312643,4,0,0.09488142277998801,0.54,1.2131598806155652,0.15752607951102743,7.346831092596516,0.9428903011625942,WMT
4.5,0.011102845651312643,4,0,0.09488142277998801,0.54,1.2131598806155652,0.15752607951102743,7.346831092596516,0.9428903011625942,WMT
4.6,0.011102845651312643,4,0,0.09488142277998801,0.54,1.2131598806155652,0.15752607951102743,7.346831092596516,0.9428903011625942,WMT
4.7,0.011102845651312643,4,0,0.09488142277998801,0.54,1.2131598806155652,0.15752607951102743,7.346831092596516,0.9428903011625942,WMT
4.8,0.011102845651312643,4,0,0.09488142277998801,0.54,1.2131598806155652,0.15752607951102743,7.346831092596516,0.9428903011625942,WMT
4.9,0.011102845651312643,4,0,0.09488142277998801,0.54,1.2131598806155652,0.15752607951102743,7.346831092596516,0.9428903011625942,WMT
5.0,0.011102845651312643,4,0,0.09488142277998801,0.54,1.2131598806155652,0.15752607951102743,7.346831092596516,0.9428903011625942,WMT
0.1,0.5533664632409946,5,31,0.05819620038743595,0.54,1.120788172351969,0.20096794694236786,33.890523555007945,0.9981047905650814,GLD
0.2,0.5600512204222676,5,24,0.05819620038743595,0.54,1.120788172351969,0.20096794694236786,33.88986798123291,0.9981046969503073,GLD
0.30000000000000004,0.5003469143777726,5,15,0.05819620038743595,0.54,1.120788172351969,0.20096794694236786,33.93439016602156,0.9981108869558397,GLD
0.4,0.5000428109097761,5,13,0.05819620038743595,0.54,1.120788172351969,0.20096794694236786,34.02815122994234,0.9981233927448899,GLD
0.5,0.5000428109097761,5,11,0.05819620038743595,0.54,1.120788172351969,0.20096794694236786,34.02815122994234,0.9981233927448899,GLD
0.6,0.5000428109097761,5,10,0.05819620038743595,0.54,1.120788172351969,0.20096794694236786,34.02815122994234,0.9981233927448899,GLD
0.7000000000000001,0.5000428109097761,5,8,0.05819620038743595,0.54,1.120788172351969,0.20096794694236786,34.02815122994234,0.9981233927448899,GLD
0.8,0.5000428109097761,5,7,0.05819620038743595,0.54,1.120788172351969,0.20096794694236786,34.02815122994234,0.9981233927448899,GLD
0.9,0.4958899474595284,5,2,0.05819620038743595,0.54,1.120788172351969,0.20096794694236786,34.654093670849186,0.9982014421989928,GLD
1.0,0.492034468883899,5,1,0.05819620038743595,0.54,1.120788172351969,0.20096794694236786,35.04195329525,0.9982470759226472,GLD
1.1,0.492034468883899,5,1,0.05819620038743595,0.54,1.120788172351969,0.20096794694236786,35.04195329525,0.9982470759226472,GLD
1.2000000000000002,0.22914695909460348,4,0,0.05819620038743595,0.54,1.120788172351969,0.20096794694236786,33.38295140450934,0.998051452888419,GLD
1.3000000000000003,0.22914695909460348,4,0,0.05819620038743595,0.54,1.120788172351969,0.20096794694236786,33.38295140450934,0.998051452888419,GLD
1.4000000000000001,0.22914695909460348,4,0,0.05819620038743595,0.54,1.120788172351969,0.20096794694236786,33.38295140450934,0.998051452888419,GLD
1.5000000000000002,0.22914695909460348,4,0,0.05819620038743595,0.54,1.120788172351969,0.20096794694236786,33.38295140450934,0.998051452888419,GLD
1.6,0.22914695909460348,4,0,0.05819620038743595,0.54,1.120788172351969,0.20096794694236786,33.38295140450934,0.998051452888419,GLD
1.7000000000000002,0.22914695909460348,4,0,0.05819620038743595,0.54,1.120788172351969,0.20096794694236786,33.38295140450934,0.998051452888419,GLD
1.8000000000000003,0.22914695909460348,4,0,0.05819620038743595,0.54,1.120788172351969,0.20096794694236786,33.38295140450934,0.998051452888419,GLD
1.9000000000000001,0.22914695909460348,4,0,0.05819620038743595,0.54,1.120788172351969,0.20096794694236786,33.38295140450934,0.998051452888419,GLD
2.0,0.22914695909460348,4,0,0.05819620038743595,0.54,1.120788172351969,0.20096794694236786,33.38295140450934,0.998051452888419,GLD
2.1,0.22914695909460348,4,0,0.05819620038743595,0.54,1.120788172351969,0.20096794694236786,33.38295140450934,0.998051452888419,GLD
2.2,0.22914695909460348,4,0,0.05819620038743595,0.54,1.120788172351969,0.20096794694236786,33.38295140450934,0.998051452888419,GLD
2.3000000000000003,0.22914695909460348,4,0,0.05819620038743595,0.54,1.120788172351969,0.20096794694236786,33.38295140450934,0.998051452888419,GLD
2.4000000000000004,0.22914695909460348,4,0,0.05819620038743595,0.54,1.120788172351969,0.20096794694236786,33.38295140450934,0.998051452888419,GLD
2.5000000000000004,0.22914695909460348,4,0,0.05819620038743595,0.54,1.120788172351969,0.20096794694236786,33.38295140450934,0.998051452888419,GLD
2.6,0.22914695909460348,4,0,0.05819620038743595,0.54,1.120788172351969,0.20096794694236786,33.38295140450934,0.998051452888419,GLD
2.7,0.22914695909460348,4,0,0.05819620038743595,0.54,1.120788172351969,0.20096794694236786,33.38295140450934,0.998051452888419,GLD
2.8000000000000003,0.22914695909460348,4,0,0.05819620038743595,0.54,1.120788172351969,0.20096794694236786,33.38295140450934,0.998051452888419,GLD
2.9000000000000004,0.22914695909460348,4,0,0.05819620038743595,0.54,1.120788172351969,0.20096794694236786,33.38295140450934,0.998051452888419,GLD
3.0000000000000004,0.22914695909460348,4,0,0.05819620038743595,0.54,1.120788172351969,0.20096794694236786,33.38295140450934,0.998051452888419,GLD
3.1,0.22914695909460348,4,0,0.05819620038743595,0.54,1.120788172351969,0.20096794694236786,33.38295140450934,0.998051452888419,GLD
3.2,0.22914695909460348,4,0,0.05819620038743595,0.54,1.120788172351969,0.20096794694236786,33.38295140450934,0.998051452888419,GLD
3.3000000000000003,0.22914695909460348,4,0,0.05819620038743595,0.54,1.120788172351969,0.20096794694236786,33.38295140450934,0.998051452888419,GLD
3.4000000000000004,0.22914695909460348,4,0,0.05819620038743595,0.54,1.120788172351969,0.20096794694236786,33.38295140450934,0.998051452888419,GLD
3.5000000000000004,0.22914695909460348,4,0,0.05819620038743595,0.54,1.120788172351969,0.20096794694236786,33.38295140450934,0.998051452888419,GLD
3.6,0.22914695909460348,4,0,0.05819620038743595,0.54,1.120788172351969,0.20096794694236786,33.38295140450934,0.998051452888419,GLD
3.7,0.22914695909460348,4,0,0.05819620038743595,0.54,1.120788172351969,0.20096794694236786,33.38295140450934,0.998051452888419,GLD
3.8000000000000003,0.22914695909460348,4,0,0.05819620038743595,0.54,1.120788172351969,0.20096794694236786,33.38295140450934,0.998051452888419,GLD
3.9000000000000004,0.22914695909460348,4,0,0.05819620038743595,0.54,1.120788172351969,0.20096794694236786,33.38295140450934,0.998051452888419,GLD
4.0,0.22914695909460348,4,0,0.05819620038743595,0.54,1.120788172351969,0.20096794694236786,33.38295140450934,0.998051452888419,GLD
4.1,0.22914695909460348,4,0,0.05819620038743595,0.54,1.120788172351969,0.20096794694236786,33.38295140450934,0.998051452888419,GLD
4.2,0.22914695909460348,4,0,0.05819620038743595,0.54,1.120788172351969,0.20096794694236786,33.38295140450934,0.998051452888419,GLD
4.3,0.22914695909460348,4,0,0.05819620038743595,0.54,1.120788172351969,0.20096794694236786,33.38295140450934,0.998051452888419,GLD
4.3999999999999995,0.22914695909460348,4,0,0.05819620038743595,0.54,1.120788172351969,0.20096794694236786,33.38295140450934,0.998051452888419,GLD
4.5,0.22914695909460348,4,0,0.05819620038743595,0.54,1.120788172351969,0.20096794694236786,33.38295140450934,0.998051452888419,GLD
4.6,0.22914695909460348,4,0,0.05819620038743595,0.54,1.120788172351969,0.20096794694236786,33.38295140450934,0.998051452888419,GLD
4.7,0.22914695909460348,4,0,0.05819620038743595,0.54,1.120788172351969,0.20096794694236786,33.38295140450934,0.998051452888419,GLD
4.8,0.22914695909460348,4,0,0.05819620038743595,0.54,1.120788172351969,0.20096794694236786,33.38295140450934,0.998051452888419,GLD
4.9,0.22914695909460348,4,0,0.05819620038743595,0.54,1.120788172351969,0.20096794694236786,33.38295140450934,0.998051452888419,GLD
5.0,0.22914695909460348,4,0,0.05819620038743595,0.54,1.120788172351969,0.20096794694236786,33.38295140450934,0.998051452888419,GLD
0.1,0.510313540284315,5,36,0.10984809702610893,0.5733333333333334,1.237004522304342,0.424526502501264,22.76547272715525,0.9829771045702693,SLV
0.2,0.5114535515568538,5,28,0.10984809702610893,0.5733333333333334,1.237004522304342,0.424526502501264,22.764792782488694,0.9829760422545729,SLV
0.30000000000000004,0.5068240271899215,5,17,0.10984809702610893,0.5733333333333334,1.237004522304342,0.424526502501264,22.758255296165274,0.9829658145246593,SLV
0.4,0.5013137372501992,5,13,0.10984809702610893,0.5733333333333334,1.237004522304342,0.424526502501264,22.883159133648405,0.9831584062734199,SLV
0.5,0.5013137372501992,5,9,0.10984809702610893,0.5733333333333334,1.237004522304342,0.424526502501264,22.883159133648405,0.9831584062734199,SLV
0.6,0.5013137372501992,5,6,0.10984809702610893,0.5733333333333334,1.237004522304342,0.424526502501264,22.883159133648405,0.9831584062734199,SLV
0.7000000000000001,0.5013137372501992,5,3,0.10984809702610893,0.5733333333333334,1.237004522304342,0.424526502501264,22.883159133648405,0.9831584062734199,SLV
0.8,0.5013137372501992,5,3,0.10984809702610893,0.5733333333333334,1.237004522304342,0.424526502501264,22.883159133648405,0.9831584062734199,SLV
0.9,0.5013137372501992,5,3,0.10984809702610893,0.5733333333333334,1.237004522304342,0.424526502501264,22.883159133648405,0.9831584062734199,SLV
1.0,0.5013137372501992,5,3,0.10984809702610893,0.5733333333333334,1.237004522304342,0.424526502501264,22.883159133648405,0.9831584062734199,SLV
1.1,0.5013137372501992,5,3,0.10984809702610893,0.5733333333333334,1.237004522304342,0.424526502501264,22.883159133648405,0.9831584062734199,SLV
1.2000000000000002,0.5013137372501992,5,3,0.10984809702610893,0.5733333333333334,1.237004522304342,0.424526502501264,22.883159133648405,0.9831584062734199,SLV
1.3000000000000003,0.5013137372501992,5,3,0.10984809702610893,0.5733333333333334,1.237004522304342,0.424526502501264,22.883159133648405,0.9831584062734199,SLV
1.4000000000000001,0.3374534717332735,5,2,0.10984809702610893,0.5733333333333334,1.237004522304342,0.424526502501264,24.730577224552587,0.9856917937407434,SLV
1.5000000000000002,0.3374534717332735,5,2,0.10984809702610893,0.5733333333333334,1.237004522304342,0.424526502501264,24.730577224552587,0.9856917937407434,SLV
1.6,0.32249429717627465,5,1,0.10984809702610893,0.5733333333333334,1.237004522304342,0.424526502501264,24.221398804800103,0.9850557097516294,SLV
1.7000000000000002,0.32249429717627465,5,1,0.10984809702610893,0.5733333333333334,1.237004522304342,0.424526502501264,24.221398804800103,0.9850557097516294,SLV
1.8000000000000003,0.32249429717627465,5,1,0.10984809702610893,0.5733333333333334,1.237004522304342,0.424526502501264,24.221398804800103,0.9850557097516294,SLV
1.9000000000000001,0.32249429717627465,5,1,0.10984809702610893,0.5733333333333334,1.237004522304342,0.424526502501264,24.221398804800103,0.9850557097516294,SLV
2.0,0.32249429717627465,5,1,0.10984809702610893,0.5733333333333334,1.237004522304342,0.424526502501264,24.221398804800103,0.9850557097516294,SLV
2.1,0.32249429717627465,5,1,0.10984809702610893,0.5733333333333334,1.237004522304342,0.424526502501264,24.221398804800103,0.9850557097516294,SLV
2.2,0.32249429717627465,5,1,0.10984809702610893,0.5733333333333334,1.237004522304342,0.424526502501264,24.221398804800103,0.9850557097516294,SLV
2.3000000000000003,0.32249429717627465,5,1,0.10984809702610893,0.5733333333333334,1.237004522304342,0.424526502501264,24.221398804800103,0.9850557097516294,SLV
2.4000000000000004,0.32249429717627465,5,1,0.10984809702610893,0.5733333333333334,1.237004522304342,0.424526502501264,24.221398804800103,0.9850557097516294,SLV
2.5000000000000004,0.32249429717627465,5,1,0.10984809702610893,0.5733333333333334,1.237004522304342,0.424526502501264,24.221398804800103,0.9850557097516294,SLV
2.6,0.32249429717627465,5,1,0.10984809702610893,0.5733333333333334,1.237004522304342,0.424526502501264,24.221398804800103,0.9850557097516294,SLV
2.7,0.32249429717627465,5,1,0.10984809702610893,0.5733333333333334,1.237004522304342,0.424526502501264,24.221398804800103,0.9850557097516294,SLV
2.8000000000000003,0.2185850520545784,6,0,0.10984809702610893,0.5733333333333334,1.237004522304342,0.424526502501264,22.492425373705416,0.9825757450892432,SLV
2.9000000000000004,0.2185850520545784,6,0,0.10984809702610893,0.5733333333333334,1.237004522304342,0.424526502501264,22.492425373705416,0.9825757450892432,SLV
3.0000000000000004,0.2185850520545784,6,0,0.10984809702610893,0.5733333333333334,1.237004522304342,0.424526502501264,22.492425373705416,0.9825757450892432,SLV
3.1,0.2185850520545784,6,0,0.10984809702610893,0.5733333333333334,1.237004522304342,0.424526502501264,22.492425373705416,0.9825757450892432,SLV
3.2,0.2185850520545784,6,0,0.10984809702610893,0.5733333333333334,1.237004522304342,0.424526502501264,22.492425373705416,0.9825757450892432,SLV
3.3000000000000003,0.2185850520545784,6,0,0.10984809702610893,0.5733333333333334,1.237004522304342,0.424526502501264,22.492425373705416,0.9825757450892432,SLV
3.4000000000000004,0.2185850520545784,6,0,0.10984809702610893,0.5733333333333334,1.237004522304342,0.424526502501264,22.492425373705416,0.9825757450892432,SLV
3.5000000000000004,0.2185850520545784,6,0,0.10984809702610893,0.5733333333333334,1.237004522304342,0.424526502501264,22.492425373705416,0.9825757450892432,SLV
3.6,0.2185850520545784,6,0,0.10984809702610893,0.5733333333333334,1.237004522304342,0.424526502501264,22.492425373705416,0.9825757450892432,SLV
3.7,0.2185850520545784,6,0,0.10984809702610893,0.5733333333333334,1.237004522304342,0.424526502501264,22.492425373705416,0.9825757450892432,SLV
3.8000000000000003,0.2185850520545784,6,0,0.10984809702610893,0.5733333333333334,1.237004522304342,0.424526502501264,22.492425373705416,0.9825757450892432,SLV
3.9000000000000004,0.2185850520545784,6,0,0.10984809702610893,0.5733333333333334,1.237004522304342,0.424526502501264,22.492425373705416,0.9825757450892432,SLV
4.0,0.2185850520545784,6,0,0.10984809702610893,0.5733333333333334,1.237004522304342,0.424526502501264,22.492425373705416,0.9825757450892432,SLV
4.1,0.2185850520545784,6,0,0.10984809702610893,0.5733333333333334,1.237004522304342,0.424526502501264,22.492425373705416,0.9825757450892432,SLV
4.2,0.2185850520545784,6,0,0.10984809702610893,0.5733333333333334,1.237004522304342,0.424526502501264,22.492425373705416,0.9825757450892432,SLV
4.3,0.2185850520545784,6,0,0.10984809702610893,0.5733333333333334,1.237004522304342,0.424526502501264,22.492425373705416,0.9825757450892432,SLV
4.3999999999999995,0.2185850520545784,6,0,0.10984809702610893,0.5733333333333334,1.237004522304342,0.424526502501264,22.492425373705416,0.9825757450892432,SLV
4.5,0.2185850520545784,6,0,0.10984809702610893,0.5733333333333334,1.237004522304342,0.424526502501264,22.492425373705416,0.9825757450892432,SLV
4.6,0.2185850520545784,6,0,0.10984809702610893,0.5733333333333334,1.237004522304342,0.424526502501264,22.492425373705416,0.9825757450892432,SLV
4.7,0.2185850520545784,6,0,0.10984809702610893,0.5733333333333334,1.237004522304342,0.424526502501264,22.492425373705416,0.9825757450892432,SLV
4.8,0.2185850520545784,6,0,0.10984809702610893,0.5733333333333334,1.237004522304342,0.424526502501264,22.492425373705416,0.9825757450892432,SLV
4.9,0.2185850520545784,6,0,0.10984809702610893,0.5733333333333334,1.237004522304342,0.424526502501264,22.492425373705416,0.9825757450892432,SLV
5.0,0.2185850520545784,6,0,0.10984809702610893,0.5733333333333334,1.237004522304342,0.424526502501264,22.492425373705416,0.9825757450892432,SLV
0.1,0.0016863006251615076,4,35,-0.21480744375262745,0.44,0.6719532653422658,0.6240310923057268,27.352208811139505,0.9938285336874748,USO
0.2,0.5031215048771813,5,27,-0.21480744375262745,0.44,0.6719532653422658,0.6240310923057268,27.470661512244742,0.9938807394235869,USO
0.30000000000000004,0.5031215048771813,5,17,-0.21480744375262745,0.44,0.6719532653422658,0.6240310923057268,27.470661512244742,0.9938807394235869,USO
0.4,0.5031215048771813,5,12,-0.21480744375262745,0.44,0.6719532653422658,0.6240310923057268,27.470661512244742,0.9938807394235869,USO
0.5,0.49971281075770413,5,9,-0.21480744375262745,0.44,0.6719532653422658,0.6240310923057268,27.477290959618315,0.993883422020534,USO
0.6,0.49971281075770413,5,7,-0.21480744375262745,0.44,0.6719532653422658,0.6240310923057268,27.477290959618315,0.993883422020534,USO
0.7000000000000001,0.49971281075770413,5,5,-0.21480744375262745,0.44,0.6719532653422658,0.6240310923057268,27.477290959618315,0.993883422020534,USO
0.8,0.4997599570864761,5,4,-0.21480744375262745,0.44,0.6719532653422658,0.6240310923057268,27.477135974476248,0.9938833600078922,USO
0.9,0.4997599570864761,5,4,-0.21480744375262745,0.44,0.6719532653422658,0.6240310923057268,27.477135974476248,0.9938833600078922,USO
1.0,0.49969542559996316,5,4,-0.21480744375262745,0.44,0.6719532653422658,0.6240310923057268,27.476981720637816,0.9938832982607969,USO
1.1,0.49969542559996316,5,3,-0.21480744375262745,0.44,0.6719532653422658,0.6240310923057268,27.476981720637816,0.9938832982607969,USO
1.2000000000000002,0.49969542559996316,5,3,-0.21480744375262745,0.44,0.6719532653422658,0.6240310923057268,27.476981720637816,0.9938832982607969,USO
1.3000000000000003,0.08809687402051564,5,1,-0.21480744375262745,0.44,0.6719532653422658,0.6240310923057268,26.883539348445517,0.9936706439759573,USO
1.4000000000000001,0.08809687402051564,5,1,-0.21480744375262745,0.44,0.6719532653422658,0.6240310923057268,26.883539348445517,0.9936706439759573,USO
1.5000000000000002,0.09248857633451357,5,1,-0.21480744375262745,0.44,0.6719532653422658,0.6240310923057268,26.910411577131573,0.9936808491580851,USO
1.6,0.09248857633451357,5,1,-0.21480744375262745,0.44,0.6719532653422658,0.6240310923057268,26.910411577131573,0.9936808491580851,USO
1.7000000000000002,0.09248857633451357,5,1,-0.21480744375262745,0.44,0.6719532653422658,0.6240310923057268,26.910411577131573,0.9936808491580851,USO
1.8000000000000003,0.09248857633451357,5,1,-0.21480744375262745,0.44,0.6719532653422658,0.6240310923057268,26.910411577131573,0.9936808491580851,USO
1.9000000000000001,0.09248857633451357,5,1,-0.21480744375262745,0.44,0.6719532653422658,0.6240310923057268,26.910411577131573,0.9936808491580851,USO
2.0,0.09248857633451357,5,1,-0.21480744375262745,0.44,0.6719532653422658,0.6240310923057268,26.910411577131573,0.9936808491580851,USO
2.1,0.09248857633451357,5,1,-0.21480744375262745,0.44,0.6719532653422658,0.6240310923057268,26.910411577131573,0.9936808491580851,USO
2.2,0.09248857633451357,5,1,-0.21480744375262745,0.44,0.6719532653422658,0.6240310923057268,26.910411577131573,0.9936808491580851,USO
2.3000000000000003,0.09248857633451357,5,1,-0.21480744375262745,0.44,0.6719532653422658,0.6240310923057268,26.910411577131573,0.9936808491580851,USO
2.4000000000000004,0.09248857633451357,5,1,-0.21480744375262745,0.44,0.6719532653422658,0.6240310923057268,26.910411577131573,0.9936808491580851,USO
2.5000000000000004,0.09248857633451357,5,1,-0.21480744375262745,0.44,0.6719532653422658,0.6240310923057268,26.910411577131573,0.9936808491580851,USO
2.6,0.09248857633451357,5,1,-0.21480744375262745,0.44,0.6719532653422658,0.6240310923057268,26.910411577131573,0.9936808491580851,USO
2.7,0.09248857633451357,5,1,-0.21480744375262745,0.44,0.6719532653422658,0.6240310923057268,26.910411577131573,0.9936808491580851,USO
2.8000000000000003,0.09248857633451357,5,1,-0.21480744375262745,0.44,0.6719532653422658,0.6240310923057268,26.910411577131573,0.9936808491580851,USO
2.9000000000000004,0.09248857633451357,5,1,-0.21480744375262745,0.44,0.6719532653422658,0.6240310923057268,26.910411577131573,0.9936808491580851,USO
3.0000000000000004,0.09248857633451357,5,1,-0.21480744375262745,0.44,0.6719532653422658,0.6240310923057268,26.910411577131573,0.9936808491580851,USO
3.1,0.006684186563862493,4,0,-0.21480744375262745,0.44,0.6719532653422658,0.6240310923057268,25.85700660714784,0.9932647182475205,USO
3.2,0.006684186563862493,4,0,-0.21480744375262745,0.44,0.6719532653422658,0.6240310923057268,25.85700660714784,0.9932647182475205,USO
3.3000000000000003,0.006684186563862493,4,0,-0.21480744375262745,0.44,0.6719532653422658,0.6240310923057268,25.85700660714784,0.9932647182475205,USO
3.4000000000000004,0.006684186563862493,4,0,-0.21480744375262745,0.44,0.6719532653422658,0.6240310923057268,25.85700660714784,0.9932647182475205,USO
3.5000000000000004,0.006684186563862493,4,0,-0.21480744375262745,0.44,0.6719532653422658,0.6240310923057268,25.85700660714784,0.9932647182475205,USO
3.6,0.006684186563862493,4,0,-0.21480744375262745,0.44,0.6719532653422658,0.6240310923057268,25.85700660714784,0.9932647182475205,USO
3.7,0.006684186563862493,4,0,-0.21480744375262745,0.44,0.6719532653422658,0.6240310923057268,25.85700660714784,0.9932647182475205,USO
3.8000000000000003,0.006684186563862493,4,0,-0.21480744375262745,0.44,0.6719532653422658,0.6240310923057268,25.85700660714784,0.9932647182475205,USO
3.9000000000000004,0.006684186563862493,4,0,-0.21480744375262745,0.44,0.6719532653422658,0.6240310923057268,25.85700660714784,0.9932647182475205,USO
4.0,0.006684186563862493,4,0,-0.21480744375262745,0.44,0.6719532653422658,0.6240310923057268,25.85700660714784,0.9932647182475205,USO
4.1,0.006684186563862493,4,0,-0.21480744375262745,0.44,0.6719532653422658,0.6240310923057268,25.85700660714784,0.9932647182475205,USO
4.2,0.006684186563862493,4,0,-0.21480744375262745,0.44,0.6719532653422658,0.6240310923057268,25.85700660714784,0.9932647182475205,USO
4.3,0.006684186563862493,4,0,-0.21480744375262745,0.44,0.6719532653422658,0.6240310923057268,25.85700660714784,0.9932647182475205,USO
4.3999999999999995,0.006684186563862493,4,0,-0.21480744375262745,0.44,0.6719532653422658,0.6240310923057268,25.85700660714784,0.9932647182475205,USO
4.5,0.006684186563862493,4,0,-0.21480744375262745,0.44,0.6719532653422658,0.6240310923057268,25.85700660714784,0.9932647182475205,USO
4.6,0.006684186563862493,4,0,-0.21480744375262745,0.44,0.6719532653422658,0.6240310923057268,25.85700660714784,0.9932647182475205,USO
4.7,0.006684186563862493,4,0,-0.21480744375262745,0.44,0.6719532653422658,0.6240310923057268,25.85700660714784,0.9932647182475205,USO
4.8,0.006684186563862493,4,0,-0.21480744375262745,0.44,0.6719532653422658,0.6240310923057268,25.85700660714784,0.9932647182475205,USO
4.9,0.006684186563862493,4,0,-0.21480744375262745,0.44,0.6719532653422658,0.6240310923057268,25.85700660714784,0.9932647182475205,USO
5.0,0.006684186563862493,4,0,-0.21480744375262745,0.44,0.6719532653422658,0.6240310923057268,25.85700660714784,0.9932647182475205,USO
0.1,-0.21554089263309528,1,34,0.009288793649604221,0.4266666666666667,1.0222551176047237,0.048473439830003,1.0313048675262044,0.9464743233048365,EURUSD=X
0.2,-196.8154708702143,0,23,0.009288793649604221,0.4266666666666667,1.0222551176047237,0.048473439830003,1.03497322104794,0.9474668674856359,EURUSD=X
0.30000000000000004,-196.8154708702143,0,14,0.009288793649604221,0.4266666666666667,1.0222551176047237,0.048473439830003,1.03497322104794,0.9474668674856359,EURUSD=X
0.4,-196.8154708702143,0,8,0.009288793649604221,0.4266666666666667,1.0222551176047237,0.048473439830003,1.03497322104794,0.9474668674856359,EURUSD=X
0.5,-196.8154708702143,0,7,0.009288793649604221,0.4266666666666667,1.0222551176047237,0.048473439830003,1.03497322104794,0.9474668674856359,EURUSD=X
0.6,-1.9719533274651195,1,3,0.009288793649604221,0.4266666666666667,1.0222551176047237,0.048473439830003,1.4632387393101731,0.9745680620645133,EURUSD=X
0.7000000000000001,-1.9719533274651195,1,2,0.009288793649604221,0.4266666666666667,1.0222551176047237,0.048473439830003,1.4632387393101731,0.9745680620645133,EURUSD=X
0.8,-1.127000336082351,1,1,0.009288793649604221,0.4266666666666667,1.0222551176047237,0.048473439830003,1.087605981934978,0.9537969512533072,EURUSD=X
0.9,-1.127000336082351,1,1,0.009288793649604221,0.4266666666666667,1.0222551176047237,0.048473439830003,1.087605981934978,0.9537969512533072,EURUSD=X
1.0,-1.149800401711738,1,1,0.009288793649604221,0.4266666666666667,1.0222551176047237,0.048473439830003,1.0876926113005698,0.9538055666749479,EURUSD=X
1.1,-1.149800401711738,1,1,0.009288793649604221,0.4266666666666667,1.0222551176047237,0.048473439830003,1.0876926113005698,0.9538055666749479,EURUSD=X
1.2000000000000002,-1.149800401711738,1,1,0.009288793649604221,0.4266666666666667,1.0222551176047237,0.048473439830003,1.0876926113005698,0.9538055666749479,EURUSD=X
1.3000000000000003,-0.21554089263309528,1,0,0.009288793649604221,0.4266666666666667,1.0222551176047237,0.048473439830003,1.0313048675262044,0.9464743233048365,EURUSD=X
1.4000000000000001,-0.21554089263309528,1,0,0.009288793649604221,0.4266666666666667,1.0222551176047237,0.048473439830003,1.0313048675262044,0.9464743233048365,EURUSD=X
1.5000000000000002,-0.21554089263309528,1,0,0.009288793649604221,0.4266666666666667,1.0222551176047237,0.048473439830003,1.0313048675262044,0.9464743233048365,EURUSD=X
1.6,-0.21554089263309528,1,0,0.009288793649604221,0.4266666666666667,1.0222551176047237,0.048473439830003,1.0313048675262044,0.9464743233048365,EURUSD=X
1.7000000000000002,-0.21554089263309528,1,0,0.009288793649604221,0.4266666666666667,1.0222551176047237,0.048473439830003,1.0313048675262044,0.9464743233048365,EURUSD=X
1.8000000000000003,-0.21554089263309528,1,0,0.009288793649604221,0.4266666666666667,1.0222551176047237,0.048473439830003,1.0313048675262044,0.9464743233048365,EURUSD=X
1.9000000000000001,-0.21554089263309528,1,0,0.009288793649604221,0.4266666666666667,1.0222551176047237,0.048473439830003,1.0313048675262044,0.9464743233048365,EURUSD=X
2.0,-0.21554089263309528,1,0,0.009288793649604221,0.4266666666666667,1.0222551176047237,0.048473439830003,1.0313048675262044,0.9464743233048365,EURUSD=X
2.1,-0.21554089263309528,1,0,0.009288793649604221,0.4266666666666667,1.0222551176047237,0.048473439830003,1.0313048675262044,0.9464743233048365,EURUSD=X
2.2,-0.21554089263309528,1,0,0.009288793649604221,0.4266666666666667,1.0222551176047237,0.048473439830003,1.0313048675262044,0.9464743233048365,EURUSD=X
2.3000000000000003,-0.21554089263309528,1,0,0.009288793649604221,0.4266666666666667,1.0222551176047237,0.048473439830003,1.0313048675262044,0.9464743233048365,EURUSD=X
2.4000000000000004,-0.21554089263309528,1,0,0.009288793649604221,0.4266666666666667,1.0222551176047237,0.048473439830003,1.0313048675262044,0.9464743233048365,EURUSD=X
2.5000000000000004,-0.21554089263309528,1,0,0.009288793649604221,0.4266666666666667,1.0222551176047237,0.048473439830003,1.0313048675262044,0.9464743233048365,EURUSD=X
2.6,-0.21554089263309528,1,0,0.009288793649604221,0.4266666666666667,1.0222551176047237,0.048473439830003,1.0313048675262044,0.9464743233048365,EURUSD=X
2.7,-0.21554089263309528,1,0,0.009288793649604221,0.4266666666666667,1.0222551176047237,0.048473439830003,1.0313048675262044,0.9464743233048365,EURUSD=X
2.8000000000000003,-0.21554089263309528,1,0,0.009288793649604221,0.4266666666666667,1.0222551176047237,0.048473439830003,1.0313048675262044,0.9464743233048365,EURUSD=X
2.9000000000000004,-0.21554089263309528,1,0,0.009288793649604221,0.4266666666666667,1.0222551176047237,0.048473439830003,1.0313048675262044,0.9464743233048365,EURUSD=X
3.0000000000000004,-0.21554089263309528,1,0,0.009288793649604221,0.4266666666666667,1.0222551176047237,0.048473439830003,1.0313048675262044,0.9464743233048365,EURUSD=X
3.1,-0.21554089263309528,1,0,0.009288793649604221,0.4266666666666667,1.0222551176047237,0.048473439830003,1.0313048675262044,0.9464743233048365,EURUSD=X
3.2,-0.21554089263309528,1,0,0.009288793649604221,0.4266666666666667,1.0222551176047237,0.048473439830003,1.0313048675262044,0.9464743233048365,EURUSD=X
3.3000000000000003,-0.21554089263309528,1,0,0.009288793649604221,0.4266666666666667,1.0222551176047237,0.048473439830003,1.0313048675262044,0.9464743233048365,EURUSD=X
3.4000000000000004,-0.21554089263309528,1,0,0.009288793649604221,0.4266666666666667,1.0222551176047237,0.048473439830003,1.0313048675262044,0.9464743233048365,EURUSD=X
3.5000000000000004,-0.21554089263309528,1,0,0.009288793649604221,0.4266666666666667,1.0222551176047237,0.048473439830003,1.0313048675262044,0.9464743233048365,EURUSD=X
3.6,-0.21554089263309528,1,0,0.009288793649604221,0.4266666666666667,1.0222551176047237,0.048473439830003,1.0313048675262044,0.9464743233048365,EURUSD=X
3.7,-0.21554089263309528,1,0,0.009288793649604221,0.4266666666666667,1.0222551176047237,0.048473439830003,1.0313048675262044,0.9464743233048365,EURUSD=X
3.8000000000000003,-0.21554089263309528,1,0,0.009288793649604221,0.4266666666666667,1.0222551176047237,0.048473439830003,1.0313048675262044,0.9464743233048365,EURUSD=X
3.9000000000000004,-0.21554089263309528,1,0,0.009288793649604221,0.4266666666666667,1.0222551176047237,0.048473439830003,1.0313048675262044,0.9464743233048365,EURUSD=X
4.0,-0.21554089263309528,1,0,0.009288793649604221,0.4266666666666667,1.0222551176047237,0.048473439830003,1.0313048675262044,0.9464743233048365,EURUSD=X
4.1,-0.21554089263309528,1,0,0.009288793649604221,0.4266666666666667,1.0222551176047237,0.048473439830003,1.0313048675262044,0.9464743233048365,EURUSD=X
4.2,-0.21554089263309528,1,0,0.009288793649604221,0.4266666666666667,1.0222551176047237,0.048473439830003,1.0313048675262044,0.9464743233048365,EURUSD=X
4.3,-0.21554089263309528,1,0,0.009288793649604221,0.4266666666666667,1.0222551176047237,0.048473439830003,1.0313048675262044,0.9464743233048365,EURUSD=X
4.3999999999999995,-0.21554089263309528,1,0,0.009288793649604221,0.4266666666666667,1.0222551176047237,0.048473439830003,1.0313048675262044,0.9464743233048365,EURUSD=X
4.5,-0.21554089263309528,1,0,0.009288793649604221,0.4266666666666667,1.0222551176047237,0.048473439830003,1.0313048675262044,0.9464743233048365,EURUSD=X
4.6,-0.21554089263309528,1,0,0.009288793649604221,0.4266666666666667,1.0222551176047237,0.048473439830003,1.0313048675262044,0.9464743233048365,EURUSD=X
4.7,-0.21554089263309528,1,0,0.009288793649604221,0.4266666666666667,1.0222551176047237,0.048473439830003,1.0313048675262044,0.9464743233048365,EURUSD=X
4.8,-0.21554089263309528,1,0,0.009288793649604221,0.4266666666666667,1.0222551176047237,0.048473439830003,1.0313048675262044,0.9464743233048365,EURUSD=X
4.9,-0.21554089263309528,1,0,0.009288793649604221,0.4266666666666667,1.0222551176047237,0.048473439830003,1.0313048675262044,0.9464743233048365,EURUSD=X
5.0,-0.21554089263309528,1,0,0.009288793649604221,0.4266666666666667,1.0222551176047237,0.048473439830003,1.0313048675262044,0.9464743233048365,EURUSD=X
0.1,-0.04981148326118612,0,33,-0.05185220500331633,0.5333333333333333,0.9113918550504466,0.05594868359857339,3.914565472209222,0.9588266162639639,GBPUSD=X
0.2,-0.04981148326118612,0,25,-0.05185220500331633,0.5333333333333333,0.9113918550504466,0.05594868359857339,3.914565472209222,0.9588266162639639,GBPUSD=X
0.30000000000000004,-0.04981148326118612,0,17,-0.05185220500331633,0.5333333333333333,0.9113918550504466,0.05594868359857339,3.914565472209222,0.9588266162639639,GBPUSD=X
0.4,-251.51043798429316,0,12,-0.05185220500331633,0.5333333333333333,0.9113918550504466,0.05594868359857339,3.914565472209222,0.9588266162639639,GBPUSD=X
0.5,-53.956166493525764,0,8,-0.05185220500331633,0.5333333333333333,0.9113918550504466,0.05594868359857339,3.914565472209222,0.9588266162639639,GBPUSD=X
0.6,-1.2882148174870753,1,4,-0.05185220500331633,0.5333333333333333,0.9113918550504466,0.05594868359857339,4.166345176596725,0.9658508070060956,GBPUSD=X
0.7000000000000001,-1.2882148174870753,1,3,-0.05185220500331633,0.5333333333333333,0.9113918550504466,0.05594868359857339,4.166345176596725,0.9658508070060956,GBPUSD=X
0.8,-1.2882148174870753,1,2,-0.05185220500331633,0.5333333333333333,0.9113918550504466,0.05594868359857339,4.166345176596725,0.9658508070060956,GBPUSD=X
0.9,-1.2823541480610994,1,2,-0.05185220500331633,0.5333333333333333,0.9113918550504466,0.05594868359857339,4.166666189683016,0.9658592378305698,GBPUSD=X
1.0,-1.1570788871332314,1,1,-0.05185220500331633,0.5333333333333333,0.9113918550504466,0.05594868359857339,3.961154357951392,0.9601809075733809,GBPUSD=X
1.1,-1.1570788871332314,1,1,-0.05185220500331633,0.5333333333333333,0.9113918550504466,0.05594868359857339,3.961154357951392,0.9601809075733809,GBPUSD=X
1.2000000000000002,-1.1626959951958793,1,1,-0.05185220500331633,0.5333333333333333,0.9113918550504466,0.05594868359857339,3.9614463512303626,0.9601893297136389,GBPUSD=X
1.3000000000000003,-1.1626959951958793,1,1,-0.05185220500331633,0.5333333333333333,0.9113918550504466,0.05594868359857339,3.9614463512303626,0.9601893297136389,GBPUSD=X
1.4000000000000001,-1.1683178615142615,1,1,-0.05185220500331633,0.5333333333333333,0.9113918550504466,0.05594868359857339,3.9617394112835025,0.9601977817591727,GBPUSD=X
1.5000000000000002,-1.1683178615142615,1,1,-0.05185220500331633,0.5333333333333333,0.9113918550504466,0.05594868359857339,3.9617394112835025,0.9601977817591727,GBPUSD=X
1.6,-1.1739442416435435,1,1,-0.05185220500331633,0.5333333333333333,0.9113918550504466,0.05594868359857339,3.962033538572022,0.9602062637130904,GBPUSD=X
1.7000000000000002,-1.1739442416435435,1,1,-0.05185220500331633,0.5333333333333333,0.9113918550504466,0.05594868359857339,3.962033538572022,0.9602062637130904,GBPUSD=X
1.8000000000000003,-1.1739442416435435,1,1,-0.05185220500331633,0.5333333333333333,0.9113918550504466,0.05594868359857339,3.962033538572022,0.9602062637130904,GBPUSD=X
1.9000000000000001,-1.1739442416435435,1,1,-0.05185220500331633,0.5333333333333333,0.9113918550504466,0.05594868359857339,3.962033538572022,0.9602062637130904,GBPUSD=X
2.0,-1.1739442416435435,1,1,-0.05185220500331633,0.5333333333333333,0.9113918550504466,0.05594868359857339,3.962033538572022,0.9602062637130904,GBPUSD=X
2.1,-1.1739442416435435,1,1,-0.05185220500331633,0.5333333333333333,0.9113918550504466,0.05594868359857339,3.962033538572022,0.9602062637130904,GBPUSD=X
2.2,-0.04981148326118612,0,0,-0.05185220500331633,0.5333333333333333,0.9113918550504466,0.05594868359857339,3.914565472209222,0.9588266162639639,GBPUSD=X
2.3000000000000003,-0.04981148326118612,0,0,-0.05185220500331633,0.5333333333333333,0.9113918550504466,0.05594868359857339,3.914565472209222,0.9588266162639639,GBPUSD=X
2.4000000000000004,-0.04981148326118612,0,0,-0.05185220500331633,0.5333333333333333,0.9113918550504466,0.05594868359857339,3.914565472209222,0.9588266162639639,GBPUSD=X
2.5000000000000004,-0.04981148326118612,0,0,-0.05185220500331633,0.5333333333333333,0.9113918550504466,0.05594868359857339,3.914565472209222,0.9588266162639639,GBPUSD=X
2.6,-0.04981148326118612,0,0,-0.05185220500331633,0.5333333333333333,0.9113918550504466,0.05594868359857339,3.914565472209222,0.9588266162639639,GBPUSD=X
2.7,-0.04981148326118612,0,0,-0.05185220500331633,0.5333333333333333,0.9113918550504466,0.05594868359857339,3.914565472209222,0.9588266162639639,GBPUSD=X
2.8000000000000003,-0.04981148326118612,0,0,-0.05185220500331633,0.5333333333333333,0.9113918550504466,0.05594868359857339,3.914565472209222,0.9588266162639639,GBPUSD=X
2.9000000000000004,-0.04981148326118612,0,0,-0.05185220500331633,0.5333333333333333,0.9113918550504466,0.05594868359857339,3.914565472209222,0.9588266162639639,GBPUSD=X
3.0000000000000004,-0.04981148326118612,0,0,-0.05185220500331633,0.5333333333333333,0.9113918550504466,0.05594868359857339,3.914565472209222,0.9588266162639639,GBPUSD=X
3.1,-0.04981148326118612,0,0,-0.05185220500331633,0.5333333333333333,0.9113918550504466,0.05594868359857339,3.914565472209222,0.9588266162639639,GBPUSD=X
3.2,-0.04981148326118612,0,0,-0.05185220500331633,0.5333333333333333,0.9113918550504466,0.05594868359857339,3.914565472209222,0.9588266162639639,GBPUSD=X
3.3000000000000003,-0.04981148326118612,0,0,-0.05185220500331633,0.5333333333333333,0.9113918550504466,0.05594868359857339,3.914565472209222,0.9588266162639639,GBPUSD=X
3.4000000000000004,-0.04981148326118612,0,0,-0.05185220500331633,0.5333333333333333,0.9113918550504466,0.05594868359857339,3.914565472209222,0.9588266162639639,GBPUSD=X
3.5000000000000004,-0.04981148326118612,0,0,-0.05185220500331633,0.5333333333333333,0.9113918550504466,0.05594868359857339,3.914565472209222,0.9588266162639639,GBPUSD=X
3.6,-0.04981148326118612,0,0,-0.05185220500331633,0.5333333333333333,0.9113918550504466,0.05594868359857339,3.914565472209222,0.9588266162639639,GBPUSD=X
3.7,-0.04981148326118612,0,0,-0.05185220500331633,0.5333333333333333,0.9113918550504466,0.05594868359857339,3.914565472209222,0.9588266162639639,GBPUSD=X
3.8000000000000003,-0.04981148326118612,0,0,-0.05185220500331633,0.5333333333333333,0.9113918550504466,0.05594868359857339,3.914565472209222,0.9588266162639639,GBPUSD=X
3.9000000000000004,-0.04981148326118612,0,0,-0.05185220500331633,0.5333333333333333,0.9113918550504466,0.05594868359857339,3.914565472209222,0.9588266162639639,GBPUSD=X
4.0,-0.04981148326118612,0,0,-0.05185220500331633,0.5333333333333333,0.9113918550504466,0.05594868359857339,3.914565472209222,0.9588266162639639,GBPUSD=X
4.1,-0.04981148326118612,0,0,-0.05185220500331633,0.5333333333333333,0.9113918550504466,0.05594868359857339,3.914565472209222,0.9588266162639639,GBPUSD=X
4.2,-0.04981148326118612,0,0,-0.05185220500331633,0.5333333333333333,0.9113918550504466,0.05594868359857339,3.914565472209222,0.9588266162639639,GBPUSD=X
4.3,-0.04981148326118612,0,0,-0.05185220500331633,0.5333333333333333,0.9113918550504466,0.05594868359857339,3.914565472209222,0.9588266162639639,GBPUSD=X
4.3999999999999995,-0.04981148326118612,0,0,-0.05185220500331633,0.5333333333333333,0.9113918550504466,0.05594868359857339,3.914565472209222,0.9588266162639639,GBPUSD=X
4.5,-0.04981148326118612,0,0,-0.05185220500331633,0.5333333333333333,0.9113918550504466,0.05594868359857339,3.914565472209222,0.9588266162639639,GBPUSD=X
4.6,-0.04981148326118612,0,0,-0.05185220500331633,0.5333333333333333,0.9113918550504466,0.05594868359857339,3.914565472209222,0.9588266162639639,GBPUSD=X
4.7,-0.04981148326118612,0,0,-0.05185220500331633,0.5333333333333333,0.9113918550504466,0.05594868359857339,3.914565472209222,0.9588266162639639,GBPUSD=X
4.8,-0.04981148326118612,0,0,-0.05185220500331633,0.5333333333333333,0.9113918550504466,0.05594868359857339,3.914565472209222,0.9588266162639639,GBPUSD=X
4.9,-0.04981148326118612,0,0,-0.05185220500331633,0.5333333333333333,0.9113918550504466,0.05594868359857339,3.914565472209222,0.9588266162639639,GBPUSD=X
5.0,-0.04981148326118612,0,0,-0.05185220500331633,0.5333333333333333,0.9113918550504466,0.05594868359857339,3.914565472209222,0.9588266162639639,GBPUSD=X
