Date,Open,High,Low,Close,Volume
2026-05-28,74713.4894565363,75370.52325639936,74345.63895813149,74934.22101510345,51961929624.875336
2026-05-29,75191.29945405397,75906.98757832019,74742.27613127734,75071.07667780733,48227435582.24901
2026-05-30,75286.58091749944,75425.32964045757,75153.49081419692,75307.84069041724,53865030985.19997
2026-05-31,75391.07010621246,75972.10162463541,74985.68221324422,75521.21718404844,44263918582.60735
2026-06-01,75905.00451011196,76234.36425137124,75594.9799586811,75950.06524281338,48148273673.19583
2026-06-02,76142.83191457282,76443.05549587277,76078.0599180115,76184.29339975512,57913827584.1108
2026-06-03,76198.26583364238,76689.90224074482,75859.4919440771,76406.81124527953,54583744598.98685
2026-06-04,76912.16595550679,76979.64629358558,76093.28026757743,76321.15097012495,44852338337.39007
2026-06-05,76120.01047138145,76642.71036761161,75570.81689011052,75961.34533240416,59280157756.439064
2026-06-06,76476.69944270368,76484.90339337641,75568.91749404,76216.09392963504,63406129905.71219
2026-06-07,75810.16840122342,76312.16598837313,75756.43726874754,75960.76141139913,58496561712.89267
2026-06-08,76522.58403774044,76697.80379100026,76333.28463953042,76537.38927086638,52144870821.950584
2026-06-09,76801.4224276798,77243.44353363753,76667.62928409055,76670.35661002758,58078664124.81087
2026-06-10,77023.07089492834,77361.02514066217,76786.64581133905,76890.13895705403,52656206732.7858
2026-06-11,76865.93270075678,77237.51737128981,76243.99346140704,76929.56722899452,59115767905.55435
2026-06-12,76254.64147835133,76795.32437796165,75544.70163452507,76492.74478280023,51772011070.676605
2026-06-13,76339.94827104165,76808.77642485562,75909.10690621717,76304.54306339881,55431730493.66823
2026-06-14,76648.24968068997,77357.95363411482,76318.29209390115,76604.29857796239,52377952496.82857
2026-06-15,78139.20130469599,78164.53130118505,77183.47565407798,78129.40351621073,48724704364.49002
2026-06-16,78337.24881896086,78589.90682053572,78234.28405259164,78400.37276288135,50438957604.88326
2026-06-17,79369.35317109089,79603.09554084366,79003.10170078119,79153.57779057015,51966610099.92443
2026-06-18,79438.95612357154,79460.00310398205,79111.17325844575,79252.63198637155,52615619499.12795
2026-06-19,79590.5222989039,79732.52920702826,79337.01145885853,79502.66881399634,48663828388.69664
2026-06-20,80506.4399137578,80690.10485837406,80488.54821437104,80584.65637495677,58406932870.932655
2026-06-21,80718.9818259151,81040.0757455724,80202.6512020883,80602.7316973914,53159330980.94633
2026-06-22,80663.23138306173,80759.60329654615,80204.21820230772,80437.48630637137,55486169467.97182
2026-06-23,81590.04917207595,82029.9087878737,81395.98872326792,81941.1516277419,49245188836.33131
2026-06-24,80823.39888231439,81353.70465166152,80781.25546766348,80888.14627949269,48208736161.19612
2026-06-25,81775.87465461735,81989.02868596191,81484.20137997625,81530.45546149816,59052848420.69074
2026-06-26,82435.82384002859,83024.91832441486,82310.0349005028,82478.34383881913,54940998380.718735
2026-06-27,83479.29503109965,83661.88946868971,83356.35883327905,83636.53521109604,47752378034.104576
2026-06-28,84198.51258750237,84585.94378248275,83865.3361969126,83973.18473662164,49907136854.703865
2026-06-29,84013.65704808447,84835.45212929999,83544.51835639628,84079.11944852848,57235446623.81009
2026-06-30,84230.94537976172,84637.11972595417,83832.56032115043,84304.94384841237,55768284726.65599
2026-07-01,84300.57905441851,84804.29796112546,84106.61859979572,84436.29526352882,60665576347.17286
2026-07-02,83135.8153445619,83691.50292805862,83077.10382403221,83211.51471360376,48250956680.17878
2026-07-03,83777.59752543225,83993.05392305579,83454.36910918758,83874.84536044687,53742687476.99855
2026-07-04,80582.08116357744,80583.1932622769,80403.75491842443,80513.80428811774,60182608637.59246
2026-07-05,79259.6845964032,79307.83856171758,78798.67868287434,79144.46076589747,53824467913.22705
2026-07-06,79053.38965966988,79469.01356231968,78969.88184148911,79290.02430952256,54826225827.87993
2026-07-07,79323.91003719706,80062.75375399968,79287.48079723713,79650.42033538673,51229987592.96103
2026-07-08,79366.2785381418,79855.54959305284,78888.36909694393,79157.90456061989,52467542508.36622
2026-07-09,80111.30488548179,80353.52283010256,79481.10009996338,79796.71457137738,55530025205.48842
2026-07-10,82988.59236728506,83145.39446234009,82893.91800780359,83040.28876004134,54564866855.42191
2026-07-11,84902.6403234868,85368.6683353835,84465.82010919433,85029.49135850105,49729129305.30809
2026-07-12,86828.19260929321,86896.81514812497,86138.45323426707,86792.82870211857,57162210070.23536
2026-07-13,87581.39176144813,88299.93716582547,87490.75565827164,88161.42701653716,46110089424.63774
2026-07-14,87217.54118829165,87996.76107743157,86864.52799521269,87728.70660554653,53448195366.20442
2026-07-15,88639.28153601974,88844.08171625629,88416.61162091816,88462.35106251099,53890019636.0208
2026-07-16,89292.55554883754,89684.91154478623,88832.7117515038,89040.02941927299,51510315605.56519
2026-07-17,87768.61275885817,88479.24843679101,87089.7636624871,87665.85591851643,60391286182.434006
2026-07-18,87979.97626507966,88305.21006363987,87632.56287995722,88022.84097389675,49830229521.89607
2026-07-19,87340.83315105652,87479.38835909664,87205.78629716275,87385.24417953717,52526426019.50609
2026-07-20,84781.23661555188,85243.40772514982,84580.55324653743,84755.01606684815,54294489690.51779
2026-07-21,85821.40652177623,85972.73648238186,85522.45875574555,85769.1309191298,54140523596.27427
2026-07-22,86308.34614712327,86365.83173738739,85985.61319777822,86197.24732705351,50591693764.26563
2026-07-23,89462.59735163531,89515.2866487299,89180.52999112965,89340.72290574343,48391012362.28375
2026-07-24,88580.27497435427,89173.02471456658,88369.25602315296,88967.73187539924,45191517996.49417
2026-07-25,85521.98737879726,85683.32149134115,85125.27827306933,85348.59558464708,52934817827.43528
2026-07-26,91138.07208226407,91647.26085525387,91110.28465799763,91110.67273258854,39727522483.94768
2026-07-27,93724.72518345444,94411.52033811844,93628.54121394554,93841.03080271141,51060231813.61162
2026-07-28,96151.44238323152,96916.68071616022,95655.2061195783,96030.28380826331,43688278954.59685
2026-07-29,95979.62632788005,96359.04525101182,95203.74236115141,95730.62293305753,47756934387.773964
2026-07-30,99545.67804801204,100479.60974562712,99460.67915124014,99731.09478913939,51965858140.33307
2026-07-31,101093.00273022399,102275.73355182949,100601.19600374691,101766.85958066644,49512471739.72485
2026-08-01,98297.22239692189,98763.79916180701,98002.87186138694,98320.68979388662,61197971222.83389
2026-08-02,100387.9893600895,100914.44521784374,100370.73179195396,100509.74080874599,39974417441.37473
2026-08-03,103286.00514892043,103678.16614781831,103125.41390382417,103133.01141679991,47926520796.53917
2026-08-04,107039.25926325777,107186.19728739832,106568.9964751695,107000.4795508015,46975264200.71067
2026-08-05,109682.97454594974,110130.26576483258,109440.57473926312,109690.34837527017,50188576991.36371
2026-08-06,109965.99283992579,110015.29122620595,109441.28561726418,109662.55195676748,44600028015.53226
2026-08-07,112489.8772645042,112534.12023113217,111271.41169948575,112102.08776927608,54175210814.2395
2026-08-08,112260.33751937577,112911.74558218505,111662.72520357084,112105.33157872903,54558455383.38023
2026-08-09,116748.79275601273,117679.62935111209,116513.94842254545,117077.15239461671,51778007992.40184
2026-08-10,118764.84595528802,118767.17328618477,118348.60993168653,118601.13092065326,48199497964.58052
2026-08-11,114151.95275320568,114659.70853914408,113898.63518115673,114181.55963290512,60333516434.120186
2026-08-12,112840.19386081418,113148.31551277924,111788.98834826927,112937.1871819268,45312258221.127975
2026-08-13,102505.65647669553,103667.6530216245,102096.33269962408,102847.89942924445,53213411100.368164
2026-08-14,102753.72211021405,103270.4372450497,102353.7417319242,102616.89267358626,52633583891.7467
2026-08-15,110146.0855432183,110444.80125551284,109720.90296694465,110195.95948927384,51585654859.40713
2026-08-16,112431.98195334096,112670.11685343944,111630.23772814975,112027.70536897317,58475265646.875595
2026-08-17,116325.15893780376,116465.57516283805,116040.14645325665,116188.5795396129,49702283477.32388
2026-08-18,109761.45056903569,110386.34004588325,109324.32111355464,109937.02206931205,50755966808.62568
2026-08-19,110874.5337238155,112351.34296278526,110113.97370914377,111176.97144848079,51612571654.89536
2026-08-20,117103.59169451501,117679.90408960862,116183.59334036014,116988.00626425797,49402624350.2369
2026-08-21,122363.30863074145,123582.1920301885,121228.1980824974,122976.28544683439,51016515557.98235
2026-08-22,118973.01902673753,119968.47835473984,118902.30177909232,118926.0246475143,51908571052.906296
2026-08-23,116791.73398392358,117250.27294251688,116778.48805679966,116987.53598315603,53998514845.55354
2026-08-24,120355.82367911951,120745.56878150831,120139.1516410217,120405.79092466258,48594487062.45044
2026-08-25,108445.43706923544,108947.02375543457,107775.13453167216,108617.33049361878,54253786652.23442
2026-08-26,111610.72510786213,112114.05226871753,110376.24475382158,111405.49634648507,57040969501.26159
2026-08-27,116877.14022292162,118124.30521005746,116645.98091433886,116673.2747779103,46453528097.70856
2026-08-28,111123.67937782561,111831.84478864385,110484.15261285892,111160.23472049572,56466219911.3106
2026-08-29,124389.44080329656,125082.4834459781,124220.97098640435,124752.73779947095,54373727566.372055
2026-08-30,126951.67403410695,127900.29653619342,126550.20025471608,127172.55922894654,49517245764.45457
2026-08-31,127366.42745665509,127680.88400016546,126749.9241883758,127563.84803194078,48869893865.42848
2026-09-01,131695.0170640082,131744.5766666138,131397.64650781205,131517.28172709804,58598185334.12353
2026-09-02,131019.04851665346,131921.88700806894,130794.5065788727,131006.84183255564,55121100288.152
2026-09-03,134710.3834871017,134737.70243551303,134087.51810604727,134397.45616393327,53265359451.44266
2026-09-04,134176.4880460919,134516.90768292575,133303.7809126945,133865.00833950398,46370375725.38631
2026-09-05,134799.360838411,135528.37004859693,134257.87065391822,135337.9988370368,49738493667.06051
2026-09-06,149367.30594953394,150165.85795333504,147987.99003388706,149691.76382691256,51255900272.169266
2026-09-07,156236.36358836593,156390.86340543657,154960.5991285033,155678.30202522874,51180177645.40926
2026-09-08,151393.1540713011,151596.08958550915,150461.55786609874,151180.6087225646,50450204045.646965
2026-09-09,148066.95232522977,149349.58538921725,147647.96992025786,148693.39091007365,54234026495.96277
2026-09-10,149960.09646046883,150937.56845446522,149791.7442335099,150461.3084356608,53899891294.13278
2026-09-11,155199.10353637178,155721.7341532066,154035.22695658804,155330.9611022025,40417823459.56487
2026-09-12,148984.8762055492,150016.17289805668,148588.0674453799,149099.73290280625,47007772626.56244
2026-09-13,146758.6287312181,147847.50698865353,146312.87769867427,147103.284607663,52724324991.83565
2026-09-14,146188.1280038659,146525.02725209226,144845.7742795045,146484.27545761372,43004280416.546646
2026-09-15,140142.7548680802,140711.89351760174,139964.15013151066,140149.72767972195,58557375167.91915
2026-09-16,129488.16204329353,129833.92620666127,128841.40888786393,129335.06505314892,49187293028.53031
2026-09-17,136018.6789314333,136214.08478613087,134808.17829552272,135714.1792167835,51144518996.32541
2026-09-18,146418.41694803478,146906.41968094686,144916.8794748917,146243.25032737805,54099924312.809586
2026-09-19,162655.98592445315,162871.42593851002,161715.3773856408,162498.058602936,48470482975.9836
2026-09-20,167377.07643038966,167681.20784637026,166664.42410613064,167658.95141089451,47383675627.74395
2026-09-21,162924.40980032197,164031.20337003504,162584.48852593746,162874.1636545275,42787883017.37097
2026-09-22,148910.41539960747,149362.3710182655,148715.01891068343,149194.40733563097,49383055163.32086
2026-09-23,167219.32784132633,167254.44229701502,166521.05447078796,167124.5657775792,45567100680.44974
2026-09-24,173235.37376438518,173394.6505763747,172367.94391275436,172478.27634167043,56615121810.827034
2026-09-25,184226.57719061908,185243.9493991423,183266.45756254692,184161.05485243571,56742268976.081276
2026-09-26,194654.21713394145,195100.3373994339,193989.9393540653,194623.3071508678,52021783171.40037
2026-09-27,216455.86887350137,216788.54241710494,215638.87342714507,216111.86551078898,53524225178.26268
2026-09-28,222923.30527757877,224822.92735746896,222016.41427201865,222755.40331536837,53893213705.14262
2026-09-29,210102.62784109803,211057.32781292003,209470.69230841513,209960.36946515535,59656873618.20112
2026-09-30,208269.47172626172,209136.39148023474,208241.77731649618,208891.95118440053,55162945430.46734
2026-10-01,204780.59312811066,206117.3323235833,204353.9493832202,205749.56196257577,41607574382.575836
2026-10-02,214280.06562423118,215790.08338407901,214126.573300401,215154.462091073,64371754084.96109
2026-10-03,221296.32988069713,221356.5210770642,219298.71789172772,220732.15995185944,54579009889.21513
2026-10-04,225707.72883157356,226345.90679051357,224937.0983494036,226321.91923649784,49820237307.47439
2026-10-05,229657.4212660159,231051.12561675682,228005.5917355427,229940.54151079818,57209408298.22811
2026-10-06,236739.0319471267,237354.469284632,236414.70333330173,236495.3810135147,46491588848.97372
2026-10-07,236529.61337531477,237558.06572958006,235777.66269021813,236308.98448902124,55237363242.58003
2026-10-08,243809.94480338317,244294.71332272768,242209.48123227252,243698.2779264204,51325916179.25848
2026-10-09,234391.2897503689,235429.35292757407,233475.5504855339,234440.5319192935,39511983407.79724
2026-10-10,260544.6686061134,261547.38144842655,257306.0337011613,259465.06581202903,56553412991.81828
2026-10-11,262152.0293823668,262738.56132409396,261467.68926382033,261886.48408531048,48315893940.819855
2026-10-12,275105.5450390085,276661.33118644543,274111.0364015736,275229.7732715568,45740187364.44339
2026-10-13,284124.3212870795,284489.32207552256,280980.30584339256,283188.7575928753,56076524251.1288
2026-10-14,269433.7357479822,270861.1169124385,269210.707781198,269577.2574785949,50912493696.64861
2026-10-15,289924.23731832317,290131.00013540057,288452.9620477688,288662.94415826036,54717214376.286026
2026-10-16,314829.1705858905,315706.7012893835,314641.7403603155,315142.172285273,54145540308.21781
2026-10-17,332565.8010637606,333387.49201676884,330594.17180738266,331815.1805101921,43987968420.30859
2026-10-18,319393.7529448241,320694.20709090907,318876.2297390555,320223.10344084643,49556866829.045616
2026-10-19,389536.07177003607,390978.3977758193,388376.6669975236,389418.9499016069,52846409982.845116
2026-10-20,365535.6532995272,366276.67378864595,362363.09866509284,365300.4030168564,43519949182.03802
2026-10-21,348780.32041113864,349200.0860421794,348541.59494294424,348820.74688217865,53680065860.66228
2026-10-22,321308.82771934447,323603.13110345067,320411.7575134273,321269.17901222105,47867315990.54307
2026-10-23,283340.3969630723,284547.594564551,282341.45530075516,282596.4757055723,52724163338.60947
2026-10-24,260980.49046805786,262112.97887155347,260740.69022798707,262064.79272736242,61720409304.45178
2026-10-25,235106.14386110145,236937.0290622931,233160.03126666005,235610.1268384262,45933984552.122055
2026-10-26,234542.66850958575,235268.8353877357,233042.13860795516,234970.71021769877,46400743856.33415
2026-10-27,242266.78013326583,242335.32672582625,240911.11369430114,242025.85448179417,49225108288.33906
2026-10-28,240718.96053308796,241516.09505237438,237911.03228210672,239990.5580166022,48388346880.351715
2026-10-29,237262.727861711,237767.59226857175,236717.77134649252,236946.33511185908,61006263135.08926
2026-10-30,289125.99716650357,290694.05031212734,285805.4797856749,289503.9012064502,44751572169.36593
2026-10-31,290267.2041836905,291759.5830951917,287908.9270806384,290990.87541608955,55407363644.15264
2026-11-01,290129.8632120879,290746.4765029891,286750.610233149,288608.3950210345,45147481289.33817
2026-11-02,292349.70702313835,293729.91648531886,291085.8703179434,293051.423620895,52904932189.61531
2026-11-03,303343.41401884885,303425.0957059063,302882.40566251706,303009.00834070204,51404209385.35412
2026-11-04,295923.5887013886,296169.2349806382,295294.19946990494,296152.65970073733,48483673477.195946
2026-11-05,312551.4725393978,312699.3168768321,309745.0060997529,312611.7516003461,51767906119.85587
2026-11-06,320071.3133940378,320325.37202333275,319065.9113931852,319136.7548810574,56954876644.378204
2026-11-07,293794.1770539912,294624.0352142126,293640.13069320127,294190.8271858982,55534482935.08008
2026-11-08,298237.05778799276,299193.7947230647,296987.0524409275,298368.4103284798,61785192044.61178
2026-11-09,254755.197450274,257399.2082501034,252532.48172360123,254666.47351457723,52950963479.48238
2026-11-10,266875.38672873,268633.19221475086,265955.6583048465,267311.88141705067,48829502650.160835
2026-11-11,259675.3459259373,262563.10563609196,258622.4404040046,259201.36399282547,47178889373.36603
2026-11-12,272397.84158005525,273771.7355286801,271293.55383794114,273443.8724846495,49523682199.579216
2026-11-13,276927.44048051216,276963.85747530014,276817.24492167647,276874.91194385535,42984288660.06846
2026-11-14,292532.0959496549,292679.43404754414,289282.72059810016,291423.2315103354,55604704758.420616
2026-11-15,316706.8043259621,317805.887966131,315458.9122155432,317095.5229932351,59526931705.733925
2026-11-16,307756.2699539048,309673.83176238794,305941.2235816907,307639.295208312,53208348602.622284
2026-11-17,319040.72411956027,319745.96367233386,317923.26437702397,318401.4509048156,46840353282.121826
2026-11-18,349180.8626120376,350479.6149036019,346989.68361959717,348398.98053884844,51156526152.829735
2026-11-19,367358.43931073946,371377.8712726049,366977.1001251154,368814.13692949555,49344378263.50458
2026-11-20,359631.39644905133,361802.23603518616,358963.6110005358,359212.6757153332,51812859690.63816
2026-11-21,354298.0981206108,356257.8675235891,352154.9939005849,353812.28126759565,58774567641.664955
2026-11-22,345748.33571643586,346497.1767790859,345396.22930081707,345981.6267085448,48689358453.78921
2026-11-23,349701.4124492605,350426.8043657448,348722.7928522243,349626.0076400685,54128321771.83172
2026-11-24,334474.52733338583,335836.8452843563,332631.6778300635,334705.59115938866,45192687936.4885
2026-11-25,374102.0713434181,375024.101839619,372307.1791338505,372744.34983760095,53492123743.988754
2026-11-26,334254.79780018394,335004.58772761404,332526.8171962143,333981.1849274093,54860743284.72121
2026-11-27,280539.2372631451,281860.1761720976,280137.72216916806,281444.25229592447,46648203769.509384
2026-11-28,272421.03151104756,273556.27864064934,270852.7548234771,272130.0987475997,60650474227.622246
2026-11-29,316102.9061524225,317887.0727615124,315120.499750427,317598.58602686424,50363483857.488075
2026-11-30,294071.15107046603,295026.8101847008,291709.10099543416,293223.2473239143,50863467490.57988
2026-12-01,300880.465499564,301443.2020320323,298054.5307339099,301363.5253332027,51161911053.943275
2026-12-02,309985.23409354885,310984.1955451577,309008.89859893575,309270.77325446677,48351895672.69203
2026-12-03,303175.36473333824,303189.06873098033,301085.9964424529,302384.8545016929,45163842050.19544
2026-12-04,356474.3494382909,360600.6248747381,356264.78739328677,357181.9625580565,50789717950.42975
2026-12-05,385997.61413507734,388228.3840391838,384735.1103876221,386697.9520546256,55174452112.52506
2026-12-06,438551.4431418188,441023.5704484341,437395.70485136565,439514.30174438795,59335654327.05817
2026-12-07,446353.0694734465,446595.3748841507,442537.1281911818,446040.11916250887,55479701845.612434
2026-12-08,481080.25676285004,483663.7884468336,478826.1871748028,481381.31982686813,51472750423.04723
2026-12-09,436354.5326332377,439045.91799903073,435918.8537635755,437223.26613270957,55216280260.316376
2026-12-10,409358.2310989003,411304.8343428971,408150.1209301011,410210.0169143738,53834078409.39028
2026-12-11,437970.51262361975,438784.2064153258,434910.30343018816,437293.3636305792,44064914411.19476
2026-12-12,456352.7988295191,460911.3429829241,453529.8772810873,455444.7673332322,49328773475.82191
2026-12-13,473538.693197865,474170.6367780601,472799.6617616185,473264.64579653536,51577300052.061134
2026-12-14,457016.97440330964,457222.67880960664,456134.53431928944,456818.9980801186,51004834627.26649
2026-12-15,444539.8216104037,445566.46753068815,443802.52884249523,444887.32387330045,48823389132.16317
2026-12-16,457240.7989416808,459627.2121632063,455710.44878023694,455825.23473658896,46984402523.64415
2026-12-17,508917.9896860324,509347.6223855077,506122.0104697883,507536.9912827624,49207097948.77698
2026-12-18,542133.9850366885,542359.2210368909,537342.6876016475,540845.399487033,43875999340.90789
2026-12-19,529901.4887376181,532900.710738072,527760.8322468651,528529.5139098315,59058752795.59357
2026-12-20,505870.46663114213,507530.3215737937,505058.70103504125,507474.04289705213,55104104672.07186
2026-12-21,505333.71733967756,506962.96921514283,500345.8154994632,503486.3772332247,47856025813.017136
2026-12-22,597609.6527001602,599268.4266507865,596486.4488579581,598446.2267247064,49738749811.13813
2026-12-23,672930.7006136983,678254.9800352026,666917.8817526014,669523.8811212155,44597267404.9876
2026-12-24,592240.0302824263,593614.291043234,591520.4531952587,592771.5007457198,49618205398.82796
2026-12-25,558297.2111718751,559136.9828392513,556722.9820100054,558961.2895354715,53988703104.4356
2026-12-26,516458.11054533406,520493.10197429144,512481.7339337624,517310.99566207663,58175970402.3337
2026-12-27,466672.7917932545,467243.00376482506,464782.369051092,466702.45949441765,45869242564.71105
2026-12-28,450511.8958872068,450654.25395025645,448346.10132258607,450076.34854596097,51612034117.729576
2026-12-29,469533.24883215065,469984.07963805326,468869.8287906815,469831.9761533954,52366908951.13842
2026-12-30,473397.349996058,475594.1826588611,473186.2717492256,474753.87657702185,60005103324.5384
2026-12-31,580711.5015867078,583194.3031480033,580573.0299934366,581797.8572240021,55247473535.710014
2027-01-01,528800.4638745774,531915.9624471648,526164.8923719723,530131.9246589756,54615817664.42304
2027-01-02,504929.4755602739,505531.96138069965,501349.74532087974,505054.3745337564,46688735661.92033
2027-01-03,482998.5113612433,485421.64453763457,476954.8104121486,483085.5550898105,54274429980.36209
2027-01-04,421115.6451718566,423004.20028553065,417243.87295452354,422800.3751485788,60665873092.26407
2027-01-05,424182.77235207486,425352.31648877234,422556.48443487263,425265.85718048876,59734365208.16843
2027-01-06,449227.9167641557,449828.3608783352,448226.6291251707,448811.9770071135,52219173035.64583
2027-01-07,447266.18584442703,447465.71084728464,444532.4831992236,446013.66924465704,46497501706.53345
2027-01-08,481316.1770864477,481859.01597179525,478413.5686029294,481626.335077845,52796847793.1982
2027-01-09,481381.35541299696,484796.0191733893,479750.33428676863,482031.04852338403,49725846868.6481
2027-01-10,493380.90368585126,495136.84178783797,489339.1428271013,494492.4415005522,51619045156.55039
2027-01-11,542425.623930421,543494.7184920295,541819.4650052773,543461.7605930113,46027351475.96638
2027-01-12,535111.2596673218,541375.5876142151,532664.0013114158,537153.9542898467,61494354244.95507
2027-01-13,556292.1996536531,557123.9269572455,549913.3715861299,557035.0814626566,56015452435.17196
2027-01-14,587294.5824061568,589108.8315632688,583460.9141189902,588293.0028488667,44046311278.20323
2027-01-15,529713.1024884637,532085.0292989196,529142.2472451662,529144.5775166415,56339286494.56786
2027-01-16,479570.411881619,480555.17483006744,476861.1860282652,477422.21358004346,62369226492.37171
2027-01-17,418119.1098115707,418908.04024856497,417132.855207609,418402.0544670456,53991865128.56045
2027-01-18,436419.8105977162,436520.6332646237,432735.49607214914,434526.51539871696,50309185670.806335
2027-01-19,409235.9035841907,409554.8832603394,406621.92425321497,409006.74601517024,48985056269.51626
2027-01-20,394705.5581203987,395911.9737477379,394159.1030043361,394661.61315452616,49335991311.11626
2027-01-21,344933.2580954456,347194.2184492932,341794.05377305445,346147.4630262933,52593648188.798096
2027-01-22,331483.85771944514,333036.3546890916,329201.58161120117,332267.42608831474,50931265608.91651
2027-01-23,317472.4012669677,319874.35909691977,316037.97524452716,317639.58601201815,48801681634.15555
2027-01-24,298108.0267584609,299969.83149676176,297354.95532834926,298890.8042756316,57890542151.89099
2027-01-25,278233.08469844685,279557.65217293357,277355.1237903763,278362.9873809811,48485699561.65676
2027-01-26,273637.0945613345,274086.6228816758,273224.9741922856,273524.17549635464,45724374501.79834
2027-01-27,264728.0588954046,265451.5135693835,263441.20957969,264824.35761024116,44972790054.50816
2027-01-28,310539.9067930915,312851.63011407724,308321.7705087264,311744.69160300284,50366101781.68403
2027-01-29,337922.13745043374,339856.20428172685,336467.2476015861,338625.8292512371,53031231342.90991
2027-01-30,382937.6905018951,383362.41134288633,381956.07697716984,382052.60210562125,54485226657.62963
2027-01-31,401089.8374533685,402472.89150860824,400096.58037355414,402129.3162823054,54387935994.94025
2027-02-01,344635.1226536196,345044.70123742736,344096.3258250758,344822.15076784464,46784251856.954254
2027-02-02,257142.84504381922,257227.8506669411,255694.4743918376,256754.17240856506,51715479823.9938
2027-02-03,249594.4348262691,251872.72497611507,249233.7013635912,250357.18029143117,46120748171.52887
2027-02-04,264894.5978295145,266055.84769526543,261483.4361712456,263528.9528810876,58662057208.20584
2027-02-05,267875.5947074413,268772.5899669646,267000.9648868713,267739.3169957326,45708109225.862335
2027-02-06,295944.851212717,298357.70182161,295473.72585236514,296211.6526076071,57580957756.07278
2027-02-07,293359.51088201476,295021.60650815646,292489.869856337,294170.60660266277,52392465925.506836
2027-02-08,296631.96154685237,297181.3775840557,294957.28760253266,296266.720416115,46702368410.03714
2027-02-09,260615.23129883822,260684.23132145038,259062.28499051265,260366.29187499636,52474668624.99565
2027-02-10,274277.72509946395,276806.7127951027,273546.4389589667,275666.2267682936,55387722385.77722
2027-02-11,292145.1407501967,292276.5493798227,291029.6000000965,291721.6080388911,53525861911.19992
2027-02-12,300023.7435116923,300199.3726352741,298390.62627351756,299651.6125697549,46368104236.77367
2027-02-13,270692.72376044403,272420.0835351616,269627.67312804575,272021.24402216077,54512366377.29453
2027-02-14,262435.3769291732,263315.2122043003,262350.4621973592,262662.0900999214,45236813899.520584
2027-02-15,263768.6747224541,264766.80730807566,263486.39716494665,263762.0155777978,53389937044.19697
2027-02-16,278199.56521827256,279845.7194872664,277297.2311591132,278144.0049103864,57482324040.16898
2027-02-17,296549.69151014596,296552.07078649255,294831.80501459545,295280.59065538435,52738850827.1153
2027-02-18,338170.38451507426,338677.3214269685,335793.4008318586,338306.20148263784,59658420959.95501
2027-02-19,273743.4626944749,273894.66109299427,271895.0823040501,272579.7954354342,42405237038.87296
2027-02-20,254460.32567428815,255328.26216355647,254023.94653914397,254161.6980171029,57085398731.67301
2027-02-21,260047.7069040683,260675.750621457,258378.6152120436,259896.62785128236,55748260413.13875
2027-02-22,223305.45679608494,223547.4017619719,222470.04467309345,222695.89126870586,56314353388.441376
2027-02-23,205076.52197236265,205267.9708170656,203583.527069909,204781.88815198446,54260460632.417114
2027-02-24,197193.05896376254,199002.46772794164,197097.29097439887,197136.61433616802,50063877603.42038
2027-02-25,208979.99249844984,209098.1030894558,207990.57591937075,208610.44541504513,44363038301.56081
2027-02-26,256626.5432296529,257541.53115873362,254869.4001250939,256386.34420900285,47252076688.34255
2027-02-27,320586.0137000939,324124.1560001032,320056.91281227715,322515.49357354373,47647622282.97822
2027-02-28,338451.25473830453,338868.1332705156,337471.67290162743,337628.67635717546,56094351239.16688
2027-03-01,381978.3784261307,383088.8828154049,380396.9177135982,381418.4699025872,53529389688.72723
2027-03-02,411116.7735422662,412146.0359877533,410193.9687701114,411571.6637218926,53320855173.46472
2027-03-03,457455.35080172896,459876.03429599537,456653.6570922508,458163.3037585484,46701433928.16179
2027-03-04,407182.5652767941,408878.2681691098,406122.0495125836,407877.1201206561,52041195816.48536
2027-03-05,313309.39411374036,314321.49867190147,310912.81342208455,312018.90094420535,43144772222.299255
2027-03-06,285730.4035148707,289380.5110776466,284183.4575217336,285469.7922875214,54556565048.57733
2027-03-07,357412.30585794646,358780.5785221124,355026.3780868923,357191.5941842731,48191113399.31796
2027-03-08,339782.67850410874,340278.93269113766,339304.02812709025,339366.969060812,49183498179.49707
2027-03-09,398799.2841269314,400078.0053046329,397769.5387911957,398580.76157162385,52854292251.46687
2027-03-10,449979.7037252609,451814.6079978155,447444.0585812286,449778.01498791075,45652136722.64678
2027-03-11,378899.3453049663,381246.61436191766,378706.051983114,379167.4951321422,47122553231.36331
2027-03-12,310477.6810585812,312829.2263713063,309949.5650676982,311273.7842063118,45541754476.24239
2027-03-13,304233.30338507553,305525.92257724126,302758.0170807925,304930.1966043832,53239310514.80268
2027-03-14,334529.78041530924,336296.0168902668,332388.00369076314,334716.0651970715,56232297289.61361
2027-03-15,340541.04770930746,342270.6242607018,338936.2912890885,341510.77652359585,49489745667.18798
2027-03-16,427303.63755706465,430503.8986906876,426202.5941370482,429562.49907804397,45191712155.472664
2027-03-17,483956.0959418314,487458.89334786433,482640.5157219773,485094.6100503631,53319490363.49129
2027-03-18,498741.3686459959,502494.2829285269,497929.5957874277,499507.15566380153,49943403458.02381
2027-03-19,544182.556700881,545252.1616513015,541449.7091971324,542190.1133615361,49024771693.52652
2027-03-20,539354.5178326308,540785.6696042119,538183.4446388893,540108.0105085501,55933154483.037056
2027-03-21,538296.589743904,539012.9153865406,537907.4397194743,538682.9404503522,48155042110.9197
2027-03-22,717998.8464883512,718178.3157532039,715730.5139163821,716385.9491786003,51582960809.46205
2027-03-23,926311.8394183798,932024.3656943525,925819.7721937199,927024.3460931084,49401676649.596825
2027-03-24,1062034.7694033147,1063401.4664109766,1058368.0856028467,1062360.883026609,46422632823.78045
2027-03-25,1263091.1404536914,1270808.1915325893,1262089.2937836323,1265793.596615307,52956732749.79833
2027-03-26,1259453.3863110805,1260233.4195216438,1251137.0445300662,1259464.2025865745,45380848091.7248
2027-03-27,1405910.722954023,1406544.4549221634,1395538.4615044426,1406068.6321304375,55065475632.380974
2027-03-28,1746956.7167595646,1756396.8148325153,1740579.9653661258,1751155.6801919546,46776311624.199814
2027-03-29,2367710.030024111,2377476.1786175263,2359812.191349946,2366407.89712468,52507739915.31794
2027-03-30,2393539.546984244,2411193.558811408,2389010.722219326,2394377.934715473,52368718707.57623
2027-03-31,2337258.6183167943,2341377.395809397,2312589.5688261306,2328495.2404216044,56462746595.662926
2027-04-01,2091594.6604460261,2094335.4534916447,2078302.3376517547,2086361.0076273866,53099530111.44658
2027-04-02,1982409.6223862881,1989338.5973637386,1980805.7476933894,1981098.5586008967,42558972004.754684
2027-04-03,2221230.8239875752,2232756.172525699,2216103.5564171434,2225861.8760906393,49758252839.01137
2027-04-04,2118061.3007241744,2124684.058639574,2106634.7065945943,2113476.9512762697,54597582457.97417
2027-04-05,2298131.998003557,2303136.853109844,2293308.748013737,2300368.56306275,54382123312.91622
2027-04-06,2180496.6268652836,2187373.602566966,2166829.661069259,2185691.800337322,51547936069.62728
2027-04-07,1969858.4016071567,1972561.8007538582,1966566.6141921002,1971304.0972998524,47333273387.848236
2027-04-08,1921741.9146186174,1926394.3317907269,1920468.174683744,1922478.5269018754,43953279755.06624
2027-04-09,1883504.5160644236,1894116.7511667407,1879806.8819590188,1885931.3633089697,53367729668.95507
2027-04-10,1614907.0053256566,1616334.3847800489,1601392.4341543166,1614715.9436545158,46487321067.431206
2027-04-11,1624693.677719557,1627144.688174691,1615230.220314058,1625666.5996718407,49133694891.97527
2027-04-12,1770554.4844853499,1784645.077029427,1762016.5491589152,1781026.0663501536,47553180350.52933
2027-04-13,1854495.6904230989,1863039.6974439372,1848026.8186645894,1858276.507811868,65886429738.99598
2027-04-14,1826596.0578859975,1830491.8628723745,1821055.3519387632,1825818.1374395173,59738737143.818634
2027-04-15,1843602.97603035,1849292.2958208048,1832106.2855567655,1843098.7172390372,51228699207.12388
2027-04-16,2018922.8833684926,2027662.1172633867,2014300.471408071,2020779.584818767,59425162855.33377
2027-04-17,2449319.0117430273,2460355.560542026,2440736.410864989,2448174.299038576,47100732493.1482
2027-04-18,2656116.651072222,2672137.837861759,2625652.5360022527,2655718.55927023,45272504133.04883
2027-04-19,2888986.9300845037,2909795.316993786,2869833.420018177,2882166.079367016,41995974120.71298
2027-04-20,2838912.5321835442,2839111.7092699977,2798834.9422434596,2826978.5422235653,53246991784.643074
2027-04-21,2963958.2303319275,2974038.8781958343,2951339.9231626093,2959808.591557512,51411582764.470894
2027-04-22,3175290.655649837,3178816.8071297375,3159782.109107118,3173969.8173686895,53797929673.42002
2027-04-23,2906636.900372246,2909497.5485898806,2896967.050272071,2904095.9196068337,51868032911.48376
2027-04-24,3197776.1955903806,3202775.873225075,3183848.1094098426,3200111.236089223,41835101163.28199
2027-04-25,3354766.425272474,3355927.9590974487,3313034.556433353,3341842.077969786,53257768692.86088
2027-04-26,3850591.5923495158,3870293.8890186097,3846149.325187649,3851667.2665141225,47574770287.138954
2027-04-27,3308980.1184962196,3321239.214235934,3301799.6614800813,3318579.3222401966,52010247338.325264
2027-04-28,3945943.3881049408,3949013.2131979535,3929651.9619061146,3937822.9841959495,57845176023.96523
2027-04-29,6173786.046699845,6184738.974440443,6153208.585462072,6171561.468869539,46855282898.67271
2027-04-30,7177146.054768913,7184753.1602363335,7151808.55487486,7180071.080524162,48570958625.59992
2027-05-01,6834176.567944276,6848316.9315273315,6799354.922902754,6838499.332142575,58307113860.44804
2027-05-02,7459437.714355639,7483852.108411403,7389410.925155021,7433368.434966733,56939797381.11815
2027-05-03,6771625.108652958,6876129.923155825,6765042.143122306,6776449.249136442,61220016996.33392
2027-05-04,6178183.601184404,6213454.12470157,6143888.743277748,6198206.645141746,48872261502.148254
2027-05-05,5961877.217649692,5971874.381883821,5960123.13176276,5962122.505640542,50644040468.640434
2027-05-06,5307041.5599653,5320287.530044511,5236498.9180310415,5281792.423735749,44275254602.311615
2027-05-07,4748500.646965468,4756837.576441106,4741440.591619687,4741807.179388357,57357321370.34325
2027-05-08,4246274.58873029,4257295.858076091,4199011.611857844,4253120.298379053,48864195419.790665
2027-05-09,3817122.0212228084,3825881.5772307394,3791702.771874538,3812537.8256944427,53477314595.76335
2027-05-10,4481575.3733527,4492605.31252413,4465236.456589084,4475812.991751758,46905673182.20434
2027-05-11,5414334.578161138,5442098.432188006,5390834.03120213,5398772.215548198,47261197180.24993
2027-05-12,5530548.484118775,5555403.654953003,5516659.371699266,5523448.495398076,52915948961.30933
2027-05-13,5128948.743732357,5169035.511523864,5112765.358904707,5131097.189631581,50235600972.65029
2027-05-14,6300314.113638523,6312803.035915439,6296186.938358082,6299425.628805728,47823928382.30448
2027-05-15,7708585.703354462,7775489.814304259,7671197.274590628,7726813.397158207,51952707519.37964
2027-05-16,9188900.467013769,9195782.765891025,9108807.372022713,9162389.501132606,52535755797.76052
2027-05-17,9726414.68825997,9770414.577122485,9632380.611722799,9761257.332623072,53492658677.66295
2027-05-18,9322579.190622052,9348732.460428985,9306036.243699024,9333694.675268836,49415590364.77716
2027-05-19,9671704.946213119,9719950.674994688,9648200.911326434,9715602.383251643,50116299534.96219
2027-05-20,10178728.546088448,10279962.614795098,10097794.098946901,10208659.998700522,60116147198.88363
2027-05-21,11651285.03036354,11715845.58956795,11591215.691923607,11667637.246817287,53023092788.01872
2027-05-22,13243251.601460293,13243692.651778335,13194994.159985516,13196863.875351537,57670388262.888985
2027-05-23,12469033.459126085,12592149.339469807,12381799.071263323,12419846.663553616,57633669620.368195
2027-05-24,10779740.209288718,10803236.77195127,10745409.988626571,10791685.156316709,50376516358.8804
2027-05-25,14890138.84764794,14900899.843442531,14866110.48337689,14877383.510093387,54860947682.51788
2027-05-26,13172689.95404398,13269196.850127298,13100878.9361771,13147568.531400021,51274524351.50066
2027-05-27,11859908.078648577,11917140.716552397,11837919.153957736,11847857.592281695,61559403552.396416
2027-05-28,13586485.902478032,13734248.47622587,13526186.095547728,13611542.561151952,51379293270.255745
2027-05-29,10869842.721872231,10926011.624300094,10852642.021915317,10925027.468846574,51922936455.5186
2027-05-30,8040133.851234185,8078703.382533553,8029262.737398824,8043265.60094562,47061395006.75857
2027-05-31,8036342.849868226,8048448.643554196,8028756.529168374,8028931.437757448,54115607290.17939
2027-06-01,7847272.011680809,7887115.773027684,7833514.606515981,7847581.897429369,53593307526.90463
2027-06-02,8514591.532009946,8583271.749179078,8460658.97668927,8556237.009383056,55025995785.2702
2027-06-03,11112721.921214545,11164693.917027,11057507.819238512,11134799.233102877,41038535509.88663
2027-06-04,12586057.970755624,12620393.177443951,12542714.02937308,12554769.71207976,48643843061.37734
2027-06-05,11076809.864745256,11141478.422267469,11027849.653957555,11047284.54930538,42823644638.347626
2027-06-06,9852059.79153181,9890183.555325104,9752410.13078185,9790032.084325055,50406513156.65573
2027-06-07,9359677.464547405,9391195.560749866,9316373.403509116,9367341.435681038,50668738250.04866
2027-06-08,9450891.341118222,9463574.130359998,9426837.230186308,9432709.867412237,52938433954.99213
2027-06-09,9571296.105538113,9612701.14603818,9522862.169238508,9595909.672815299,54208001146.41282
2027-06-10,9778532.112385772,9830110.015577184,9764571.07041726,9804136.493092135,55067586686.965294
2027-06-11,10066074.31002627,10098003.091806972,10008666.690016082,10048422.751199696,56201274437.79339
2027-06-12,10278680.435003916,10323829.208244521,10263479.670764128,10277803.37916207,48243568836.240265
2027-06-13,8765599.961526953,8787185.32005081,8729696.750155605,8759752.847347591,53281947748.82059
2027-06-14,8203969.859204877,8257891.013145345,8163581.041336763,8214799.205447083,55330267875.88674
2027-06-15,6924854.334292726,6950272.752692567,6894533.558644962,6925353.738568004,53632937925.79415
2027-06-16,8643239.956596145,8700744.236257378,8624264.467667647,8652495.834624214,44757608263.6123
2027-06-17,9069033.81759604,9092512.886787988,8985276.493408205,9046748.994715465,50739060627.81606
2027-06-18,8819006.428942405,8820864.949291913,8779694.72324901,8794937.117217548,61880922238.124725
2027-06-19,8160573.893061338,8213262.057048355,8139936.6809708215,8164064.191914043,46836253631.284645
2027-06-20,8248005.565500007,8258714.084602301,8205483.1947610695,8256572.986981014,55125346054.42666
2027-06-21,8855189.194020769,8871256.3020137,8814003.664457971,8845581.582972923,58438650450.47986
2027-06-22,9589310.263379449,9615225.856046593,9582001.923557967,9582604.157541484,50221242107.08084
2027-06-23,10516031.130049914,10554008.24988411,10448242.166238552,10475144.925221927,48630208065.107
2027-06-24,11651555.605207073,11686919.931719678,11534075.092447178,11575608.148540178,55998662751.95824
2027-06-25,12949075.040743757,12985519.168104678,12944780.114997908,12955828.143295303,49331985535.01943
2027-06-26,13502815.583955478,13541882.835680097,13452964.236259773,13493518.341629378,47711705752.58221
2027-06-27,12459638.8245473,12463817.627646029,12373307.726717064,12444034.287800584,56531913086.70834
2027-06-28,11533950.61072171,11611671.173807032,11499939.047300309,11571964.985967875,49332353889.65213
2027-06-29,12684339.294579798,12704090.761160662,12680667.704718662,12692754.820910826,51265716695.69047
2027-06-30,11199784.104772117,11214535.121872574,11138740.90965061,11187600.570994271,49857930290.43725
2027-07-01,9425063.035771282,9487482.45753859,9404881.557568457,9421078.380307352,51730691169.92537
2027-07-02,10794917.616026258,10834573.16140172,10783388.771493187,10818142.90904704,43871817080.851746
2027-07-03,10403657.651252173,10422125.148547694,10318055.629055535,10381505.249119684,47888180739.63924
2027-07-04,10389732.130609294,10408718.17801151,10347920.971487358,10364569.80234609,45643491054.55485
2027-07-05,10350636.399556903,10382790.403366636,10324269.088050805,10342398.393745434,42410440327.809395
2027-07-06,12847472.772292718,12871208.35291662,12764032.916587029,12846867.195814203,51899620719.473434
2027-07-07,14380558.028285531,14409741.903457241,14306087.392444609,14358001.230647368,60160170708.79364
2027-07-08,14689460.970976325,14734450.506362027,14661466.834451038,14710860.638468448,54827661058.189125
2027-07-09,12430599.505869882,12508651.413134268,12398964.222878587,12401713.157134611,47882795781.48798
2027-07-10,14193208.664921831,14216268.786791146,14146830.371968355,14162140.392958421,45876545313.25915
2027-07-11,18276640.738347042,18330931.145699956,18158739.941582005,18276075.774896514,58207616138.013504
2027-07-12,16955044.19357904,16997012.972623296,16854723.20895239,16869665.860195868,53098008762.93341
2027-07-13,14639366.81198417,14642819.527788103,14590931.282864261,14619707.12689152,55616532886.93579
2027-07-14,12737339.09930626,12847645.07314248,12700775.862187538,12760900.611652806,45467207660.84588
2027-07-15,11108395.583605215,11158793.001399817,11071168.574118724,11134403.607309306,60497741559.335175
2027-07-16,9504490.454502549,9562019.21931822,9497452.01061511,9517777.434121195,49419608156.98608
2027-07-17,9020723.227239726,9057743.54020646,8962272.655558528,9030530.221138995,47350271242.9228
2027-07-18,7608965.247698242,7615093.429258178,7565739.364053657,7587438.3929111315,49649718008.57905
2027-07-19,7260918.708024614,7267012.859604087,7232840.886354803,7257479.369391868,51213317975.10887
2027-07-20,6732675.127718092,6781233.211974421,6720835.124377534,6724602.861631563,47077210012.23418
2027-07-21,6385902.43092422,6448220.870917968,6352644.522498378,6410605.355652289,45775512913.659225
2027-07-22,7238028.76128409,7239129.720377274,7211381.884281187,7224848.306418274,46143642204.8402
2027-07-23,8113390.10467189,8203519.844182447,8075707.1952870805,8120315.956078587,49137345683.58336
2027-07-24,8452413.157666879,8472562.31564956,8365320.149326977,8422615.22256935,56523623386.01658
2027-07-25,9466255.650553016,9539062.71577515,9403186.163063442,9430113.84213379,54494500106.59769
2027-07-26,10092127.462782696,10131008.863961134,10064013.83286444,10079665.809468172,45677646097.32717
2027-07-27,8758743.627327492,8809144.545638505,8743629.703150852,8786571.832260882,50988001686.25789
2027-07-28,9790447.877636155,9835543.68526061,9782032.022707243,9828075.574759623,48274663648.134384
2027-07-29,11589963.359019037,11646684.222036082,11562400.6418013,11600597.428485248,50457103203.21105
2027-07-30,13788017.69936906,13841587.134081956,13758659.154305946,13822733.980820775,52989426223.90466
2027-07-31,16245977.858468514,16316349.360035248,16077843.22628002,16146616.967449423,49773973439.858185
2027-08-01,21400754.93550262,21417406.215269815,21369454.750802185,21371500.801023416,58223527339.29568
2027-08-02,25733305.11578498,25738123.370017096,25383946.39771188,25591883.782150954,55007398890.48538
2027-08-03,38601666.29276498,38783566.58152341,38454987.72980598,38766873.14261021,52668548328.329735
2027-08-04,53574117.34409726,53724107.0132229,53496276.38775839,53550434.568644814,44427951028.455475
2027-08-05,70336192.062932,70494928.09952706,70055786.44893159,70145082.7042925,46617395354.78294
2027-08-06,59452829.36016082,59848996.30827101,59274921.66374656,59511852.13512347,50608962539.477196
2027-08-07,61557662.27561869,61636833.77915019,61203660.12113702,61558430.26794855,56689950146.95682
2027-08-08,57843688.26665041,58381045.769994885,57833516.68173236,57868234.608128265,46346058591.11593
2027-08-09,55064611.8764173,55332466.84279071,54723211.15380426,55032641.70215634,47767223868.128136
2027-08-10,52536735.15142809,52561189.37605294,52226722.23087057,52277585.55038017,50136809485.06834
2027-08-11,48103255.63294167,48132693.652929954,47920079.11473625,47965301.1115741,50590690089.21419
2027-08-12,45714063.50712216,45983577.66616964,45321134.50148306,45622199.12125107,50540110427.06942
2027-08-13,40106206.30486715,40163383.93471464,39812047.25552482,40028929.7965136,50596884597.65978
2027-08-14,49243842.34629936,49430184.66528661,48934216.24401888,49025540.91447686,42694207040.69595
2027-08-15,53381258.76144078,53847302.27536028,53231083.112153694,53233959.452611856,55142662685.48452
2027-08-16,51406217.24168008,51780544.00730387,51220183.21757604,51426235.30224873,55905687795.086624
2027-08-17,49453671.82862939,49716132.6772599,49313812.62813874,49464126.24303075,50041488288.937164
2027-08-18,47845361.64254214,48468918.95095083,47596270.211793914,47919762.79213327,49930088792.12312
2027-08-19,46242354.987391256,46337226.08601341,46083897.66542869,46102579.907067716,60561379288.95001
2027-08-20,45309806.15817253,45377567.362324014,45055081.20582905,45111349.18056287,49865387861.34934
2027-08-21,43505435.35025898,43679432.578848474,43188779.57570761,43507074.201086916,56233605757.77092
2027-08-22,42473479.12405866,42558974.37350737,42376276.4937691,42393204.14223786,59466568891.7072
2027-08-23,41328715.31254647,41387425.420414224,41109777.49134268,41198690.51078297,52045241836.8475
2027-08-24,40139542.46478108,40524595.15188921,39816307.137192525,40015938.877104744,52464377287.37886
2027-08-25,41121514.67431831,41303840.73476331,40932250.05892393,41192427.41773071,51648655597.869095
2027-08-26,38115822.92508933,38447911.8900534,37792210.938822225,38198609.24078862,44729858487.868645
2027-08-27,38702734.277806684,38975028.80276884,38396363.09579219,38732060.75678156,45894486418.67208
2027-08-28,43008956.492468044,43012035.06266868,42692101.5979318,42990605.987584144,55969564726.30254
2027-08-29,46191925.31449548,46483913.253462456,46139783.4075183,46324730.17966595,57201488647.093636
2027-08-30,43152493.37829577,43349803.22521577,43134820.71104728,43134943.793936715,48849599197.00211
2027-08-31,42078886.07099297,42417154.393565334,41808840.81549339,42095059.715452075,51250814054.45558
2027-09-01,39715754.091503106,39741932.336810105,39682678.82733346,39685545.364355154,43730954794.2336
2027-09-02,34323775.57576484,34396396.411204174,34271776.92533882,34313038.58559828,56324212416.043015
2027-09-03,37688741.33445068,37831519.052773006,37561851.041996196,37563315.31328396,56099872820.90983
2027-09-04,37213195.69415746,37363790.68168521,37031966.084942035,37116926.82077019,55231673960.32193
2027-09-05,38525544.48463035,38637735.37671976,38298387.91410332,38481734.06982317,48564555140.476944
2027-09-06,42967054.82485816,43036345.15490536,42522866.95448396,42801469.84734549,53454577377.31122
2027-09-07,54000726.01590038,54426620.50533329,53891939.461134344,54118336.52722855,60558361985.34016
2027-09-08,48502321.59607751,48559550.08170216,48203745.449327886,48306506.536040425,46768400229.78368
2027-09-09,40327122.508706935,40594844.10191622,40113840.8310806,40155434.24720539,45715009362.43349
2027-09-10,33765065.993498765,33833717.63432784,33764887.31022139,33778949.44452944,56372937959.458496
2027-09-11,32300193.99530965,32350533.551764082,32158833.406086683,32219413.90465524,52940252745.167244
2027-09-12,29963617.72333573,30102716.32680307,29752867.184006546,30016466.02452731,51642473378.312065
2027-09-13,27802619.804250207,28021328.733585987,27797272.01117653,27866537.423518524,46208663699.25626
2027-09-14,32431597.033846274,32663504.193858787,32266014.260144033,32529592.24229947,52465608076.67387
2027-09-15,25346974.57268421,25590540.93621693,25146212.598694425,25365161.577223644,50726376716.707954
2027-09-16,23069940.59756412,23159458.10501968,23019628.007570006,23082202.25662214,56031777229.9984
2027-09-17,22262584.96921252,22327660.635805707,22212450.621898074,22242541.10708064,48572573264.16131
2027-09-18,17405003.910289727,17456220.849483114,17285233.09306974,17369068.631130084,53589016424.71341
2027-09-19,18634530.663055815,18734486.306407437,18520918.01532059,18646029.99149456,56975524778.752335
2027-09-20,17703400.22234475,17805801.834647797,17635430.903790332,17642464.905128404,60375481075.37106
2027-09-21,15735177.011618135,15768145.660892291,15671744.391356599,15713576.536725946,50041687006.155334
2027-09-22,12978617.82565,13015280.693248697,12846428.724415531,12938948.127172656,63621066385.7414
2027-09-23,11039889.52448674,11056648.230938446,11003686.163270794,11049181.490500238,46452689283.702644
2027-09-24,8620832.646293214,8696589.669792952,8581486.472509744,8633151.633269196,56506264016.26489
2027-09-25,11135210.977540908,11175839.660588972,11113135.034541959,11134546.522614555,51560702255.62214
2027-09-26,13292360.281012408,13294704.565781608,13247114.469436489,13257336.053589977,51862545997.14493
2027-09-27,12566691.103315322,12651616.225138007,12524941.195970396,12586614.58102837,46428421886.12797
2027-09-28,14925943.85157296,14936193.107177207,14908331.316329673,14934294.966528129,46868937286.34658
2027-09-29,15728510.265994996,15812909.961836407,15679074.97077852,15773280.46645955,45738622870.96573
2027-09-30,18749936.182477094,18807470.87197348,18621445.117741823,18706369.578253657,64187302255.7355
2027-10-01,20296324.65335732,20323340.189177763,20241601.491826806,20283507.18745495,54544373711.11968
2027-10-02,21145775.495653085,21181411.809720986,20975194.180845995,21047319.586939357,53845537027.38372
2027-10-03,22529684.544608045,22625354.185802963,22487928.353036534,22596123.83582577,51965409421.28207
2027-10-04,21438446.389712792,21561220.89610947,21369240.851132024,21515772.45619686,54605639343.8924
2027-10-05,20085636.593788557,20153586.015112225,19960385.979847398,20097610.390956,54182869401.09567
2027-10-06,22302087.716712233,22374463.12652624,22157465.440123226,22255708.711691696,47811313778.87216
2027-10-07,24504858.06722127,24686986.567353662,24447236.99186898,24552276.71618768,45082414708.296486
2027-10-08,25112512.923554726,25184205.92887714,24995473.89265535,25118683.260125592,57206377648.493866
2027-10-09,25654276.13344543,25835287.399534356,25601867.470012777,25711361.368623823,57149967083.38258
2027-10-10,27073763.04494037,27096325.171457436,27012638.705298055,27070596.855484392,52114954931.33558
2027-10-11,30621773.50857331,30673316.972123396,30486399.31058176,30589011.600887932,51993533585.8439
2027-10-12,27917453.273401108,27923700.789602235,27867033.707766045,27917140.405218314,47503366822.89542
2027-10-13,25874587.804983042,25880621.51826296,25798152.0682973,25842705.60768561,50332231725.45503
2027-10-14,25032751.46954231,25272681.469687216,24920332.99529783,25134523.149614085,46865464495.83591
2027-10-15,24551534.8711117,24634877.8057372,24363251.966720834,24490954.04952813,56909365077.793015
2027-10-16,30164386.24571554,30243121.499628395,30111286.915275596,30126721.892495472,55323367189.77502
2027-10-17,36860158.1957576,37152277.854375646,36812667.140362695,36924805.09368923,52498255774.78364
2027-10-18,41213237.899222486,41334564.75278796,41116513.10898617,41130880.229568854,54059199903.59101
2027-10-19,38023557.77655513,38118628.65232915,37995675.40718258,38037260.91233511,53362503803.736
2027-10-20,35738824.193743154,35845704.98371657,35471185.64927104,35844649.67415481,46169146223.73506
2027-10-21,39505731.76026684,39699758.95663245,39440451.501270786,39472395.35401645,52487257278.69659
2027-10-22,42739770.85677132,42909133.25639075,42639562.09050724,42655892.65231857,47939399204.33866
2027-10-23,42189297.96009754,42281943.432010464,42143486.78142133,42276811.43514167,44712367856.973694
2027-10-24,40104165.80245624,40177333.29091866,39991551.30988638,40175628.87528019,53673744190.54126
2027-10-25,30767135.416197762,30841490.210908793,30622738.833832256,30675288.249083746,50903632310.29545
2027-10-26,33191339.563714765,33301033.15345155,32982335.28926994,33219697.337251578,54756925669.46688
2027-10-27,44845921.252185225,45149677.257002994,44756428.101445585,44894924.733881705,46280452369.673256
2027-10-28,44239349.84736679,44469882.49743415,44134142.597658195,44158712.57339583,53604312434.288025
2027-10-29,38685334.35299373,38984384.46712535,38614607.43399601,38650405.18301776,57086009116.16256
2027-10-30,35125583.21920973,35164284.175709546,34972201.0195999,35155789.531468794,53437280468.395874
2027-10-31,36262841.44293347,36411748.74535179,35657974.27536863,36127190.28931986,60879382729.12095
2027-11-01,44525112.23337107,44528786.05287692,44369201.047774225,44425814.29061003,56646123224.77925
2027-11-02,57626689.69779104,57634511.64115424,57298967.662549734,57525063.43513112,47553714964.04755
2027-11-03,65503405.222436234,65626104.14250264,65397713.30927423,65496967.030524656,51797583056.93188
2027-11-04,69340947.75267567,69592640.97935806,68930023.21119705,69004227.72865525,57553733974.39751
2027-11-05,64856414.45031748,65580583.949952155,64624046.67130003,64993420.31212109,54012475651.111176
2027-11-06,57513330.18615737,57822507.0364251,57222252.94419009,57706969.01664071,46122765848.92586
2027-11-07,59042915.94660549,59057417.15863383,58997362.98868489,59051574.772174686,46654306745.823616
2027-11-08,61148626.34027725,61256482.853689134,60767016.72158768,61101144.673279345,49828035182.59192
2027-11-09,68821115.33278374,68936571.86312944,68809797.42480376,68810321.41675934,45446445277.11653
2027-11-10,70838131.68852425,71585652.39796637,70640562.41046928,71166441.3077068,53492745112.09677
2027-11-11,83839840.3511424,84331123.2711874,83707259.39074717,83875165.46911387,50931551095.71744
2027-11-12,94438485.9642424,95282722.53116131,94230947.31131475,94399768.80924018,49258998283.83839
2027-11-13,115648559.79554641,116171944.79440057,114599353.076057,115072666.75461754,58694512699.64322
2027-11-14,138740033.31794295,139810745.15364188,138395735.09407598,139010054.17153287,56683781557.45337
2027-11-15,150121997.519261,150546302.1728059,149499968.10115424,149629729.38094056,42967849979.24091
2027-11-16,163803611.21668705,164833697.56157765,163480030.80813333,164720754.93668306,50637817131.91584
2027-11-17,173832501.9280516,174686364.8875775,173416409.22354648,173862132.12950295,48690360038.85398
2027-11-18,166054305.65880954,166633264.13424358,165867657.04690805,166174473.9497537,52305639683.55383
2027-11-19,165754577.33520186,167150906.9350656,165550087.70191932,165572289.7540499,52035004790.090004
2027-11-20,180076231.99075285,180536242.27602115,178966757.6860766,180183112.73022074,52076140473.14901
2027-11-21,188624571.29759097,188708925.5292883,187411217.6602777,188427284.11837187,49847509247.93585
2027-11-22,213046534.9720791,213697568.75681573,212549879.4836701,212978462.2511583,58736979899.046875
2027-11-23,247106797.81351763,247824723.00744274,246034735.00113124,247057919.397502,51479099642.46532
2027-11-24,278297852.973455,280055185.65716034,277847470.6572412,279395238.70642215,51925231120.729774
2027-11-25,282619642.0457056,283924293.4605347,281632052.8871615,283125148.2646829,53595735390.2687
2027-11-26,322876199.5710434,323928333.28762126,320971006.2964881,323030848.64581823,52090924456.98284
2027-11-27,337366470.93487895,337847386.5258122,335426080.67581105,337061812.6732261,45569664334.407166
2027-11-28,307306287.2742693,307673691.93129253,305880228.9529247,306573557.13257563,51469798541.23921
2027-11-29,224032905.046227,225362313.3673868,223647695.8357146,224508167.01705465,47329885119.86835
2027-11-30,150795335.19276828,152407543.7660457,150761816.9746834,151554819.64352554,51838492419.73636
2027-12-01,161995354.39310196,162635741.1948351,160513329.74334812,161449288.21771652,55220188673.8303
2027-12-02,144121497.84013328,144152010.22085202,143420715.73669437,143982811.85397476,48360730218.80709
2027-12-03,116659195.99914317,117252247.8451717,116223647.65243056,116923871.3271909,53498433998.48848
2027-12-04,129372183.94995119,130076601.31845896,129325428.76903915,129852696.96504885,43157813089.432274
2027-12-05,187012335.40218362,188367395.74118435,186224459.65973604,187685188.68039116,50437395058.77081
2027-12-06,275720006.53503025,277379498.6821403,275010731.33979166,275746040.1314765,47643905417.44654
2027-12-07,411076767.7239665,413340184.64460015,410250950.00111634,411513210.1228318,57789468979.38948
2027-12-08,515219711.76360387,518456598.93159705,510987153.9546816,515047042.25144506,51995143957.4073
2027-12-09,519173431.09328353,519570606.7410496,516638158.34953094,518585858.36384773,57422509512.201546
2027-12-10,491492852.1506195,496789906.13050914,491426248.2665057,493835349.3608701,50054861174.900375
2027-12-11,440518387.02495307,442474964.80242497,436751157.0332828,438831406.1723223,46352231499.476135
2027-12-12,447057710.67692554,448836242.07214785,446492928.0723605,446689215.2346321,44489523524.70072
2027-12-13,557280878.5859543,558951107.3860185,555646973.2322017,556421811.2308416,45214200293.856514
2027-12-14,712276442.3432523,713780188.4236443,710008551.3824813,712208665.5313108,43684621691.549866
2027-12-15,826268311.2827564,828690229.4515187,822019160.7269418,827033589.1690346,47668606616.140495
2027-12-16,1127084166.999238,1127614891.4973772,1125016044.6711104,1126569146.8555856,54012237685.26387
2027-12-17,1369127941.7510233,1371107392.4985597,1365246177.7370713,1369449520.119269,62983850890.08041
2027-12-18,1337297782.0179217,1343316941.386628,1331040432.3434083,1343240938.1768584,52437768140.706436
2027-12-19,1172358267.7267148,1182740744.8527806,1161289335.5409136,1168782512.9215696,52933334013.53355
2027-12-20,1167054171.5705297,1169061576.5884206,1159809008.6121004,1164153565.0601625,50441582408.22666
2027-12-21,1503447586.3177729,1506960489.4249358,1493008355.7864609,1498703973.711401,52899932744.28238
2027-12-22,1508846327.0989509,1518126259.4045458,1502778445.1561778,1510635076.7292037,49181470793.69584
2027-12-23,1491179440.1978981,1498969259.8573608,1485663569.017288,1496630960.7183394,50461246040.89305
2027-12-24,1657619766.9661987,1672152165.0114055,1651864236.5907087,1661822220.7202454,60948247181.460045
2027-12-25,1545624326.0399876,1553235552.3972788,1537297826.202868,1548291940.1324472,56082865175.05963
2027-12-26,1157498134.4913964,1165549239.045721,1154642842.6324995,1162190688.8726935,49068270140.579994
2027-12-27,792273298.7116367,794132116.3348956,787958796.5455252,793682379.1600289,52026282938.19833
2027-12-28,931001275.9386963,938310727.2805686,927987242.4017981,934365817.9843268,53413870464.662155
2027-12-29,1079226459.7764904,1087973720.9410024,1077916780.5323212,1079441544.0224915,51077764672.820625
2027-12-30,853718645.3639863,861740605.8971031,852220170.9570266,857084162.0188805,47571907584.13831
2027-12-31,781520143.1438631,783844188.4232476,779031698.7400886,782576125.3538274,62038933575.31427
2028-01-01,865316007.0794668,868948795.7872704,861169878.2069827,867469138.13942,51972093128.3859
2028-01-02,1134306935.99738,1140647288.439722,1131745693.0336037,1138675859.8038328,49448009148.00785
2028-01-03,1313582570.2560894,1318625232.3875587,1307537507.3187904,1313926688.745047,57461173897.65707
2028-01-04,1578724245.8058152,1579210517.6974869,1575816431.9620838,1576271719.5626993,52817119560.698456
2028-01-05,2286608146.903621,2291814767.526618,2281381483.791153,2287554847.6800766,50529484609.126976
2028-01-06,2804170776.451962,2824603282.9469485,2785782069.143924,2812273254.744775,55344422310.95779
2028-01-07,3568546051.0813336,3576662508.393494,3563613069.8567624,3569376531.227872,52525089964.82686
2028-01-08,4007912387.704622,4021761362.6951756,3986689060.6522546,3993037516.018463,52598891367.88164
2028-01-09,4262064818.5514684,4265353661.0751414,4258078133.155478,4260513069.792534,56146479561.0122
2028-01-10,4538741005.634094,4542450292.998032,4536218370.440673,4536903000.910591,54707495190.66791
2028-01-11,3919198678.6399245,3932147581.2285037,3896984868.152907,3928948943.321597,56737350620.12229
2028-01-12,3290251582.7357054,3291745938.8642316,3272551729.26563,3286516708.363778,45833860620.66176
2028-01-13,3874406544.1351686,3881886154.6112638,3862357198.2844653,3876936085.610056,62408075089.46929
2028-01-14,5552030189.7737665,5581668656.95532,5532418115.373634,5560135165.881496,54827176072.53435
2028-01-15,7771185547.887992,7782584358.923596,7770676262.081868,7771602937.909531,50355907889.54515
2028-01-16,5914143879.253312,5935933549.161524,5897230303.091667,5933029066.917088,55372242175.4803
2028-01-17,4658533953.559705,4682005317.644296,4641770134.765342,4659926872.54526,52855656419.63395
2028-01-18,4815563712.5725,4840669749.002641,4811368132.926621,4824400384.49701,56114798733.77359
2028-01-19,6430136922.869753,6451053290.785004,6411142889.760808,6441418735.723342,51127234667.93884
2028-01-20,9969027478.131205,9992000265.28422,9931344692.393082,9953024549.29385,51244466076.15717
2028-01-21,8560476826.878499,8593742591.799282,8537300201.634636,8568511709.969219,57524684925.54803
2028-01-22,8078914786.228076,8101801249.830198,8065163675.955173,8078277884.230242,50556634063.835175
2028-01-23,7799373507.485911,7820117126.457052,7776712499.608277,7805732328.00845,54771327029.71076
2028-01-24,10249815746.725214,10326795944.58195,10245579999.542072,10255461130.210817,54141751791.72601
2028-01-25,12447581549.483826,12526807218.477966,12380044736.601742,12441111464.001545,55200409777.63189
2028-01-26,13354180560.0308,13393102760.536867,13301242281.866037,13344528577.692135,49680300041.43955
2028-01-27,11776548740.020948,11817549008.153538,11660407801.749605,11741053348.344288,58921168122.03667
2028-01-28,10289549442.33053,10355930833.49357,10280266582.127558,10339455454.262705,51465007484.3057
2028-01-29,9395218807.54581,9419522849.974535,9385150353.832813,9402121782.996819,44084264386.092255
2028-01-30,10993517281.331318,11036585509.460838,10916959909.580692,11031968642.879894,49130081840.7401
2028-01-31,11764872651.514902,11854371205.501383,11640034424.86522,11786749155.5131,53043851280.17068
2028-02-01,14155970325.102913,14216334638.245867,14115653746.413599,14140731430.395054,48146228352.577644
2028-02-02,15220543325.4763,15344720507.603655,15166483032.369858,15275397437.61428,53625378177.92298
2028-02-03,12754425768.83766,12761813996.70826,12702362480.772568,12718032357.295643,53857790895.26127
2028-02-04,13776866040.902029,13825855290.228134,13628809226.388521,13734846495.867683,56167714050.96731
2028-02-05,12612508577.041206,12668466805.550346,12559558736.327547,12615979657.25082,50163146322.64284
2028-02-06,10708362440.629541,10756783421.876116,10679926023.164223,10725968310.14275,56279002560.68149
2028-02-07,10607871107.692389,10626990130.049177,10586092030.52027,10605616082.695421,52609989896.18684
2028-02-08,9144478166.039074,9168854072.380402,9132090113.298277,9162719800.509716,53640386283.50711
2028-02-09,12017094027.899376,12041373056.18838,11949469812.711643,11972186041.62706,50904780184.88051
2028-02-10,14590126968.156658,14616638986.610197,14546675936.041344,14566999316.461342,47124955587.531685
2028-02-11,15799245850.949932,15858907363.439903,15700260160.783648,15801644832.138283,55210804071.83379
2028-02-12,15497278576.494097,15613795409.95789,15444103054.291945,15518806452.053864,42288414019.41597
2028-02-13,14988315572.135374,14996499179.9516,14884355844.814442,14948945947.628288,49323347313.92028
2028-02-14,14426338468.017023,14463065509.70128,14379907802.671423,14380607787.36302,52887955098.49306
2028-02-15,13859109699.325735,14024870163.365854,13834399336.197962,13868136996.553564,52554027861.95686
2028-02-16,13340641631.100985,13363560115.36881,13297959741.61058,13356880013.380825,54070603479.661545
2028-02-17,12872246199.563793,12909436658.943695,12770994846.854225,12876917221.521923,49841253819.709435
2028-02-18,12794195193.392147,12823521656.013884,12671089839.717913,12759054288.734045,48826921629.42146
2028-02-19,13777679402.797049,13847152608.507952,13731806025.51917,13811351163.352444,48964875151.84825
2028-02-20,11198645625.16705,11236833031.86675,11102233365.666016,11222743563.66903,57275696722.02001
2028-02-21,10472617349.537857,10496868369.348885,10471750462.577946,10486000885.829727,57621240065.82118
2028-02-22,11427161231.751451,11462939393.419891,11397249943.481142,11418770068.725899,48683539133.55937
2028-02-23,10360429124.277023,10361097003.592615,10286978801.55609,10304530640.514835,45484969405.99202
2028-02-24,10076753696.264751,10107349470.668806,10021527460.414257,10053373518.25634,56100010509.01478
2028-02-25,10116682246.704077,10219226276.873928,10094886177.985369,10146932119.47807,49364471104.71001
2028-02-26,10787553051.625051,10839614179.144741,10756643390.225794,10831730492.804396,46328415011.75839
2028-02-27,10080086103.639593,10163245298.362202,10020966787.005657,10084459939.091969,52149798209.72661
2028-02-28,8813146533.41167,8885752222.532303,8758358811.932167,8819377697.151688,60581203344.02791
2028-02-29,8096761274.013196,8139521177.935405,8095104355.700815,8116544875.103899,51069160190.76471
2028-03-01,6725240887.066642,6741189014.889581,6710408028.906325,6734937286.887478,50846503898.73332
2028-03-02,6857871278.499571,6905646111.07993,6846556541.3743305,6872577112.961058,53086112939.68594
2028-03-03,6488783884.274255,6522272360.941887,6482424513.412337,6504330056.569114,55013022631.11046
2028-03-04,6995765938.121481,7023696823.772629,6939287941.264337,7012228040.036313,43231407749.099815
2028-03-05,6422795947.018595,6438426320.291598,6414929727.195308,6428184893.057307,52402972528.12711
2028-03-06,6578034148.116476,6581678279.882078,6546810303.651101,6565306490.2736435,56242817420.785255
2028-03-07,8317604556.718428,8359876533.17362,8291179674.397667,8320160934.652291,58294079643.94198
2028-03-08,9002736256.214699,9061238595.882366,8997525005.67621,9007395100.605003,48609054526.46688
2028-03-09,11074253473.283527,11097242594.238916,11025855094.418728,11059557421.527475,45499099472.15872
2028-03-10,12712211674.874609,12787889816.297308,12704590693.234423,12773210872.111774,47684277055.64422
2028-03-11,14110001521.957739,14178422115.02841,14026076661.032515,14119431445.371614,52098090423.33907
2028-03-12,15618096646.382288,15694931551.749722,15602403579.977325,15621945025.185362,49422888877.377686
2028-03-13,17538023976.65353,17616609138.049805,17528703001.921143,17582368681.21769,49575695909.47605
2028-03-14,16395467521.867432,16524115774.90161,16346670463.30596,16379836305.266464,47472271078.524
2028-03-15,15882466359.75236,15884181767.816967,15788266945.622599,15879612892.254576,47211592733.3796
2028-03-16,17495701396.830666,17629813647.336254,17421285190.071087,17450835121.36769,48318190885.18359
2028-03-17,22105186995.593567,22155616265.24866,22055333016.767982,22122287072.076256,57136723278.528854
2028-03-18,27944410620.34672,28025726414.551563,27763045091.415527,28021902507.921852,51967208491.7857
2028-03-19,30774895618.050858,30823888699.468346,30663470957.458103,30672262531.57714,54369594800.725075
2028-03-20,34051531037.58159,34262293488.750454,33998372541.26905,34180214295.649097,50098123472.29737
2028-03-21,41469577412.38861,41700121647.17873,41442439496.766266,41638673753.63765,57296374067.77701
2028-03-22,44066850891.50437,44150422660.60027,43767059239.98155,44131960351.877655,53988421260.19503
2028-03-23,37246424540.39378,37354892320.96477,37242243025.176285,37258993492.51615,49788874063.399086
2028-03-24,37112132056.22076,37220873340.87534,36869945560.16505,37019168509.721085,42578352788.79184
2028-03-25,38074646197.72161,38337349148.391235,37959416240.69537,37969871993.3324,51851744112.795
2028-03-26,46178317589.30551,46343624329.36893,45833246936.475555,46023738115.71933,56765254105.19602
2028-03-27,57006126852.33629,57350580450.14586,56800561767.273796,56975548226.818405,59030333834.406334
2028-03-28,65213188629.4839,65431436463.942635,64635247002.79915,64766247233.53691,57161828718.05974
2028-03-29,73658788055.10674,73837202964.96556,72960286758.5924,73210070579.37062,60903192160.80853
2028-03-30,61064677250.94788,61337896684.559944,60837129324.83279,60989320697.645546,51683399643.30108
2028-03-31,51110269187.68123,51184893190.55604,50905481476.43777,51171078224.79881,52636849712.38034
2028-04-01,51690831833.179634,52005339316.81658,51296136933.363106,51826478556.39337,47418724369.31346
2028-04-02,60813079077.57693,60951694589.13771,60325525179.4584,60774718792.84039,54366380344.076416
2028-04-03,77057283926.41905,77656960771.05331,76744911018.419,76918880475.2789,41472245670.591995
2028-04-04,99562075490.26591,100179182139.78711,99356126736.96513,99973747302.03445,35538320448.28496
2028-04-05,115120687110.92368,115848616525.83257,114301271395.4638,115079009031.50842,54674466433.642715
2028-04-06,89264104938.87482,89605621066.31023,88904367644.4575,89176639934.28864,46556731889.16966
2028-04-07,93485699364.40942,94013640593.28618,93406183974.14627,93528780009.68411,59148894928.869705
2028-04-08,115372242450.41966,116258772714.25096,114941626427.95271,115951191031.5693,55576213251.03151
2028-04-09,78864472579.95934,79259142003.1858,78738213036.27478,78862465210.24644,51797933902.63711
2028-04-10,55416276154.520386,55539334100.36508,55249646092.709625,55430532179.563736,56595937262.40416
2028-04-11,38562125925.450516,38583644412.074524,38316659793.6796,38525533244.641525,51105188330.12426
2028-04-12,32580195726.330883,32853264124.30377,32483368309.138447,32614595067.41723,48695361586.15464
2028-04-13,34118474489.061184,34253722890.386074,34069080461.226864,34148535586.23365,57795624136.44564
2028-04-14,30962246538.61995,31073004713.153137,30913626992.60965,30948396011.80474,51764758598.30831
2028-04-15,28622124607.77735,28723130967.32907,28497212651.2968,28516806520.416748,51727226658.78593
2028-04-16,26878851252.415497,26992579237.89636,26705728157.166298,26715753953.192192,45428619269.6843
2028-04-17,23121686598.749218,23245313382.53856,23002145979.323013,23077268269.200672,50905962978.46616
2028-04-18,17802149342.878613,17896928770.080112,17665107248.642017,17775652125.823597,55957460737.42292
2028-04-19,13690366420.393915,13809157678.64075,13672955635.303686,13710013796.025057,49112274833.3854
2028-04-20,10988783212.53914,11004994998.306719,10927082791.857754,10995146113.235788,45627459655.3871
2028-04-21,10227573355.933485,10264792454.958126,10214156290.889824,10239330235.370716,53032692288.030876
2028-04-22,8265986816.943924,8273129013.779754,8246117346.781849,8256508924.0960455,56446941178.695694
2028-04-23,6981375001.609022,7007234306.128278,6887518719.152697,6940950545.426401,51940704971.98541
2028-04-24,8730808553.0992,8733576072.806456,8687436921.60782,8723305570.96698,58745294882.58938
2028-04-25,9476822512.153206,9505484063.833065,9438870234.672855,9479847337.375069,56211537624.38074
2028-04-26,9551927308.526367,9559941899.92274,9504728428.724134,9530205095.466528,59694884302.472015
2028-04-27,11124191292.410837,11238901546.247375,11115783605.095932,11187758490.826426,52383855895.94066
2028-04-28,13356552128.107012,13410442628.578651,13323165744.945488,13401962645.021397,49591109832.05128
2028-04-29,15972029774.847063,16061321270.974432,15912492989.286873,15979704936.97179,57445551803.06829
2028-04-30,14950254810.144556,15043544256.472095,14883678536.960817,14941301000.023386,55366031364.70632
2028-05-01,12693862606.449276,12744368924.38336,12498882393.77925,12694696570.652334,59505068115.68151
2028-05-02,11921937864.532734,11930829099.15606,11878480257.326359,11896754627.226036,54335286871.20258
2028-05-03,12155527912.44185,12179422244.71264,12155258807.07078,12157094721.226377,48421540189.798134
2028-05-04,11186293692.367266,11206053134.538523,11156080958.892145,11182106462.955301,52791416138.17483
2028-05-05,10275533047.924545,10322446627.120148,10256975628.382593,10263030630.443333,53613688972.81882
2028-05-06,11123310521.516169,11139020978.604166,11108027114.914385,11113989344.500023,49282635511.28316
2028-05-07,13081081249.344448,13087009774.38613,13038574824.976366,13061839223.781689,53802265088.472115
2028-05-08,13828466409.105509,13833377941.94322,13784717194.912764,13831688760.154486,55381814439.30728
2028-05-09,10500563799.156017,10552003575.098417,10473459301.816734,10510656639.790472,49086173788.38722
2028-05-10,8232019521.672795,8271469650.509057,8209914422.038167,8220125582.019934,61030483249.91677
2028-05-11,6515036435.386344,6554234936.365708,6487327552.159498,6531617003.53476,50344067030.9759
2028-05-12,5399265178.056153,5409670269.285978,5387461877.287003,5387540046.83654,48714144078.71133
2028-05-13,5402038311.409225,5423591257.554304,5311042833.339103,5353540067.636371,58224490617.30747
2028-05-14,5415781520.48205,5484797368.349539,5390226374.98543,5461836174.410811,47514826226.72729
2028-05-15,6252009346.352249,6259492784.818473,6218272998.470398,6245113655.362452,52980373626.49782
2028-05-16,7964520831.38221,8019783819.615871,7946013473.264648,7954505891.286108,47181425474.343346
2028-05-17,10126681741.532581,10131752279.617159,10039949707.680702,10128488743.921804,43139611911.030205
2028-05-18,12950317457.769073,12953829571.632103,12911532125.275978,12927974567.593027,49972679778.2907
2028-05-19,16693763277.021313,16743450058.37174,16617381652.812662,16675566888.883148,52272710289.193214
2028-05-20,22879481385.38036,22926795979.995537,22775251267.330708,22812012892.68693,45446265856.83882
2028-05-21,31355136503.38591,31479497043.858288,31109168706.450165,31351155561.862976,56646954453.27859
2028-05-22,43277854831.86617,43588586697.13262,43119275019.30311,43352698140.888336,53997138223.590355
2028-05-23,53186560403.79658,53573365530.10029,53018784606.53756,53288579387.5063,52094549310.46211
2028-05-24,63314749922.5127,63519060062.11616,63162512515.63316,63340954008.968475,49873787112.77829
2028-05-25,69870260192.02184,70112612810.23495,69431086843.97134,70069591504.40512,51042223155.56222
2028-05-26,71431657943.7916,71588970633.134,71337540585.08252,71468363072.95433,53386126430.58082
2028-05-27,73835888864.51378,74215343996.34846,73522571022.04784,73890223534.74057,55284143071.66944
2028-05-28,77090022447.7317,77240930140.3514,76597446812.48409,76995741878.71577,53622540278.66976
2028-05-29,97991128942.01016,98169266382.54228,97560822410.99089,97966602208.56998,48981631990.95553
2028-05-30,124406726187.40128,124694456545.92627,124270445315.25192,124540392455.37482,56360908006.80785
2028-05-31,108106735387.89175,108430201284.85081,107450006735.47978,107528604398.14319,50017051931.108826
2028-06-01,115181296669.36546,116044026502.90561,114260896584.50925,114832431747.41801,42557841316.46328
2028-06-02,156890442338.32233,157566703594.62592,156830386760.4203,156974651422.4159,43711779255.94151
2028-06-03,216515546107.83517,217503162979.12933,215673728150.70447,215931505536.32977,47059263654.18653
2028-06-04,263773226638.62158,264331027014.54346,262599726972.305,263996425421.8636,52999568547.38204
2028-06-05,306021841602.18896,306358335255.1946,304347757557.53186,305822009883.6345,53884934599.0706
2028-06-06,290806475237.1555,292468530092.4807,288098550473.55945,291108795329.7267,60746549691.38126
2028-06-07,314924492346.70746,316582675273.4605,314591035181.7183,315705096118.2742,49144795670.27033
2028-06-08,366573419000.0113,367059488949.7693,362348744576.3574,366225266382.47266,45882548377.050934
2028-06-09,291742531546.3525,292311081932.05115,290527920466.31525,291411616956.4406,52808869457.3305
2028-06-10,257842905684.25803,258860898570.24857,257694437886.73376,258305912167.8601,61591970262.83638
2028-06-11,264569163131.06882,266155932568.0704,260974857634.562,262599754613.35147,51651915210.26967
2028-06-12,343431174443.12823,345467510192.8311,342510095678.06195,343160325326.7618,58549430399.65821
2028-06-13,534222074409.3474,535192327052.83453,534177969272.9542,534281866909.93774,53251110050.16798
2028-06-14,567774167478.02,572270234196.2003,566654557751.7375,570252550655.1279,52343160539.15829
2028-06-15,696107183943.4915,697667229250.4445,694619368832.8909,694776021080.6311,47069575609.01684
2028-06-16,943684112721.483,945575752917.2817,940166819552.4089,942621751311.0713,57203256516.92866
2028-06-17,991462174322.223,992948060280.9142,989216305487.6317,990857653681.8241,53647098177.667755
2028-06-18,1099001335401.3003,1101265288795.6985,1088211630445.2777,1093839578277.117,52403224317.63391
2028-06-19,1168216414700.8955,1169349839164.7703,1156175978393.6277,1165931271045.1528,55858562650.49904
2028-06-20,1477305383461.7383,1485636481155.7212,1473747482636.9717,1476465343177.1584,54520991905.53025
2028-06-21,1377319250307.3796,1380334685881.3093,1372734382335.4636,1379412879360.1885,54701380636.89425
2028-06-22,1334835775848.5608,1339728771887.8784,1324979211412.2007,1337004386319.1665,54307513240.80038
2028-06-23,1365013931545.5613,1368717576306.3872,1358840136264.5276,1360281328983.3833,59693354834.74853
2028-06-24,1464945071512.8838,1476582044553.0015,1460708825714.1433,1468369546851.1606,48294063900.03493
2028-06-25,1529139335897.5427,1529794938449.767,1526061375424.2307,1527913736396.4172,51904089343.00528
2028-06-26,1317325217688.2864,1323876101085.4807,1304368102557.8447,1316087826098.0225,50454308143.56998
2028-06-27,865820501176.7357,869056654145.4772,859881271514.122,867800126932.1067,46377342765.39565
2028-06-28,664435539046.178,669797761344.9824,662920866360.4506,666261064019.8257,50135334638.50819
2028-06-29,516071348868.60095,518641187065.3715,512561822255.6141,517950622406.3701,48712910130.306854
2028-06-30,408630689941.24677,411071934970.8778,403911305710.69165,407908241573.9791,45574041466.840454
2028-07-01,349504615469.7648,349702143517.51416,345767604253.00885,348907599061.52344,42541340892.69707
2028-07-02,392830371249.66125,395823968818.91766,391744489964.9813,391932660423.19226,57215064975.96773
2028-07-03,506912718172.11096,508764646924.56775,505771349818.7064,507276696962.7218,50142574007.664604
2028-07-04,822373851263.3892,826239989974.053,819495654797.8635,823575816907.4062,53988293326.47925
2028-07-05,902703030970.8999,906859864820.7289,900239696050.0568,902782168295.5186,56242908812.50504
2028-07-06,1192403287733.801,1198366345651.8115,1182031810995.5935,1194340917998.3887,50580084294.44222
2028-07-07,1098937748243.7567,1102017085511.5933,1093658322338.0558,1100386969011.3657,52074738892.51467
2028-07-08,1164081088769.2812,1168891812867.4536,1155737671681.2153,1157746682914.9277,53549478004.20896
2028-07-09,1279401326253.3022,1283792671062.0435,1269936549060.5073,1273086824938.7646,56374962931.97644
2028-07-10,1480857953476.5256,1491026515631.7288,1473357704542.988,1481785112680.0505,54388470794.43984
2028-07-11,1293191412120.7852,1300005208284.154,1292760010205.5403,1292931059713.1724,51268580411.87824
2028-07-12,1119254099707.2236,1119839717077.733,1118019744843.2502,1119394858395.1562,54765585650.22489
2028-07-13,966925790985.4152,967245695324.4077,962869561618.1887,966506848526.1108,47092640798.15261
2028-07-14,858243915333.6294,860712609508.9338,853499614547.2446,857591272383.5028,54224278297.20928
2028-07-15,816530021550.6707,820157540522.7087,811520394448.6171,814855549736.2928,42313997436.41048
2028-07-16,795985801995.4805,796750690041.4885,793016686293.3612,795322385466.0471,50077774306.768684
2028-07-17,801258037231.9778,805287424420.7499,800828598451.9124,803160666344.4966,58121883186.87642
2028-07-18,842156060941.4181,845317836279.5314,840539282362.3583,842700760560.338,47134955955.48413
2028-07-19,728427861530.5048,733625315082.4862,728112779418.1932,732122832218.3602,50557013474.68817
2028-07-20,793420113078.563,798522930899.525,792286159565.8856,795004084531.5494,60412918033.471596
2028-07-21,817533908751.3955,823878775478.2834,813426631961.916,818876333816.3994,49381354501.99398
2028-07-22,995317887069.3229,998390671858.8834,992193395100.775,995521127608.5444,52661554864.79208
2028-07-23,1242523898285.881,1243880806776.8726,1234314746357.329,1241806651031.1807,52430427934.71176
2028-07-24,1550404121026.0237,1552577312458.895,1547388388763.1863,1548428748730.949,54125836724.86171
2028-07-25,1544436139217.5007,1557217831233.622,1541269091759.8333,1545313770497.5356,50535356511.30157
2028-07-26,1607178089209.4138,1609602113815.3254,1601272423135.0125,1605181033526.7192,49288789086.589195
2028-07-27,1750864693664.5815,1756959986070.4963,1747219549690.6462,1748929891514.9927,59117484162.64027
2028-07-28,1988259142503.9685,1994469733602.7664,1985216851871.23,1992502197572.6577,60066814449.85031
2028-07-29,2352075112969.606,2362252398790.169,2338847918144.4487,2354559560021.3604,53379969384.33444
2028-07-30,2085174051395.1506,2093542291090.7542,2073124843809.922,2087904743180.982,48898872257.7691
2028-07-31,1855768177345.6663,1862043071423.0674,1850828650847.3635,1852674340377.3325,50193567214.78987
2028-08-01,1791031586022.2434,1801644910733.6497,1780528538595.03,1786743117295.632,49294618899.197945
2028-08-02,1838989827806.9294,1841871786909.431,1822342722108.9226,1838761017173.9912,55029636084.89653
2028-08-03,2080150991982.1162,2086320222880.039,2069272010581.1992,2076648393342.8926,51710413731.95425
2028-08-04,2661332972820.003,2665832615827.028,2660721751623.749,2662306241583.962,54684316473.88703
2028-08-05,4353693669505.8364,4371730773700.4507,4334960706680.4023,4369115168844.854,55030430165.47868
2028-08-06,4793149862822.212,4822825004266.716,4790479029350.069,4803508357593.292,49577958857.85035
2028-08-07,5878656567744.814,5893074203742.823,5858964083702.019,5874615438122.9,47388419452.97014
2028-08-08,5068785257936.324,5084452770633.561,5064293324699.447,5064806240785.466,57986683392.4845
2028-08-09,3841556509325.219,3860066416030.274,3818907204225.4507,3826139853593.724,42364747589.91864
2028-08-10,3596414349948.3667,3618597866780.048,3572222714338.825,3575753702066.9883,53454737660.8086
2028-08-11,2667474700817.787,2698287561575.571,2665941298095.4043,2667202474748.925,50568039062.77529
2028-08-12,1703208777736.7659,1705204349757.2708,1701235641524.0981,1703343961909.2595,55749071501.220406
2028-08-13,1269192634735.9126,1278548579049.9666,1261429185856.2104,1267824071920.7847,48966180249.41861
2028-08-14,1218397558144.316,1225086562279.5261,1214930859837.435,1218243873972.2368,56339265990.09698
2028-08-15,1357106875582.6018,1364027177128.598,1353241936240.6755,1354275182281.48,63244309655.69243
2028-08-16,1966770882654.9885,1982022299933.6692,1955884176552.2825,1968530024850.6672,46225720747.045395
2028-08-17,2880587656311.479,2881785271096.1714,2873879025687.3896,2881578500854.163,58382058477.26739
2028-08-18,4260479079894.819,4269636806184.484,4243690071180.9683,4252119956996.622,44139899862.56274
2028-08-19,5518697856870.001,5536133456321.65,5483013264592.927,5516582271182.036,50190145534.18083
2028-08-20,5745943995195.095,5760859902314.877,5721126733156.74,5753560381728.053,52453103722.38348
2028-08-21,4032890286146.337,4047693507206.005,4011244091419.6753,4027197227649.367,50652784542.66262
2028-08-22,2844325155957.296,2851204354237.353,2831777494334.83,2849604504751.0513,49033332670.86617
2028-08-23,2315747328700.8394,2325601845322.6787,2304353396619.3667,2324832595843.91,47350253633.4997
2028-08-24,2371102091432.061,2390930197037.0596,2369736875771.147,2382545323200.4453,48469348020.93752
2028-08-25,2837538347741.2773,2854037547079.317,2824676145963.098,2837023008816.1943,50738764212.891304
2028-08-26,3864312983636.049,3873335331973.316,3859694607211.179,3867965919362.02,54691700697.97331
2028-08-27,3918594509601.193,3945771012566.3335,3909989369293.5205,3925015898897.483,47405665556.57536
2028-08-28,2790189143737.397,2791273645492.3887,2773876264215.6904,2787856021673.6035,58972495051.38857
2028-08-29,2194762862035.5579,2204120050988.968,2191302593325.1895,2203226784575.3564,47440019851.05629
2028-08-30,1988714729577.9214,2001944095561.1743,1979495555520.8088,1980801356167.5396,52336765998.35882
2028-08-31,2751001909030.0254,2756773280162.1777,2742400682039.3647,2756750783784.2275,47971329222.83607
2028-09-01,2965199318311.073,2980258928768.152,2950582060431.0454,2955676752388.3594,48725977747.40267
2028-09-02,3182700626235.2603,3199559083515.164,3166307906455.0146,3185356462532.025,47480681896.92101
2028-09-03,5257096063061.566,5272336803855.503,5217374339696.318,5247170468804.902,49074090253.24418
2028-09-04,7923876434495.922,7926921079039.022,7825146415952.0625,7881863244466.23,48317261331.9279
2028-09-05,8073916877047.6045,8111508637168.124,8011548260159.965,8053553825488.896,52282953651.85276
2028-09-06,8133976052992.09,8160868374166.54,8108430565471.283,8154652008328.881,53379747576.54487
2028-09-07,9212680081239.814,9215578537019.428,9152476052664.557,9191930572437.566,45999897872.44377
2028-09-08,12092430490959.22,12095784252794.791,12074061222443.29,12085089702386.053,47273393986.169334
2028-09-09,16041030109733.432,16195437376310.957,15994280132201.713,16053934418325.465,51171638590.544304
2028-09-10,15773685663784.479,15809335622055.139,15655849732830.434,15737770509066.61,46717151420.947174
2028-09-11,15927962910685.68,15950277793630.791,15726508945301.238,15906342029386.584,56093925656.21134
2028-09-12,13663881582283.986,13791980290726.355,13636978443270.975,13715302439465.057,50197775224.16203
2028-09-13,10906255518368.666,10946745116983.625,10872193389835.51,10881130907086.738,51939319077.31438
2028-09-14,12366986915600.492,12391537273845.906,12359256796575.795,12364487121425.254,45094428510.668076
2028-09-15,19942007305478.285,20073547500679.492,19874404727835.863,19987451758226.387,58320431355.592445
2028-09-16,32184264988112.69,32305454120735.29,32083697637066.71,32160738636833.92,53972563062.533066
2028-09-17,31150624944415.51,31228645906308.254,30967174867632.594,31093964645840.883,56613865426.96313
2028-09-18,35740006917715.66,35893545392033.28,35632891994547.766,35674224040405.36,47740762472.395325
2028-09-19,47915652416488.67,48067989396351.13,47668518007782.055,47688694470565.125,59838463554.29415
2028-09-20,68997573891883.805,69224904759557.86,68707133440418.45,68833386069646.87,53857272636.878555
2028-09-21,64912876443989.05,65347352095891.25,64471933919397.1,65114091715867.24,53855481872.38824
2028-09-22,64950409909131.3,65475133977146.7,64731032938971.1,64853183618847.82,48631658360.89546
2028-09-23,66792562808866.14,67262002052917.3,66265702066727.95,66668268922953.13,47502155367.69929
2028-09-24,70573995928513.39,71097262714090.0,69967444363300.59,70406664821332.39,48718225110.02026
2028-09-25,60156381866775.01,60639891933977.27,59898316938565.664,60301385641157.86,54484466370.330284
2028-09-26,58563207702896.44,58640424663103.625,58234828284776.234,58256036096865.29,53401971394.527885
2028-09-27,63623894669381.72,63895069175744.164,63441878858228.22,63772058299386.47,55145317989.318
2028-09-28,57886903350736.59,58164594806920.71,57660473486286.77,58005234159175.05,55098332504.488266
2028-09-29,40859714978154.38,41010394490330.7,40507640192494.91,40932835203821.24,54453175183.94262
2028-09-30,39031830678477.74,39259987551755.85,38810384169028.66,38866675777835.6,56864042071.08986
2028-10-01,42136007417704.63,42191661950078.97,41966271791150.32,42157795622942.41,54462764211.00641
2028-10-02,37885324325510.57,37964423877095.09,37631888450740.125,37813883543644.06,47711695570.02314
2028-10-03,54715745119228.445,55204118410576.586,54396118887010.914,54441827002726.45,52889166102.25998
2028-10-04,63139886963829.76,63715591357554.98,62910102171382.414,63291148210361.85,50677998226.37839
2028-10-05,66435059234175.336,66608549783507.914,66229526872634.66,66524952978043.3,54719303107.57922
2028-10-06,74351963759831.52,74495990264099.62,74291168243865.06,74339837456565.75,60360055816.549576
2028-10-07,104259683240127.47,104279039554954.08,104006178432136.62,104223526933786.19,38276017869.965836
2028-10-08,156285172535310.25,156778820730679.5,155995661489860.56,156248299776244.62,48776580675.80033
2028-10-09,237542481786418.44,238197532301052.06,236335334833471.5,236778792733049.25,48788358813.10134
2028-10-10,363829733068731.44,364355441612339.3,362595215706892.9,363751291645936.3,43479622170.23857
2028-10-11,566230852792665.0,569504832693625.6,565393624995405.6,567276957164193.4,51656040392.84806
2028-10-12,681399299126605.9,687034668550771.6,680514052088270.0,683514739504522.5,48436193107.286194
2028-10-13,578968223774467.5,581329076027462.6,575510784065595.4,578724478250393.0,48801150055.75993
2028-10-14,524759931632435.5,525761142514829.75,523474772290944.7,523941782318827.9,52570293280.48711
2028-10-15,507287911587537.4,507669294336653.56,505058779548244.7,505537260634139.56,57471034741.527176
2028-10-16,507534657565986.75,508441170266432.94,503187777178204.0,506603352060047.75,58034471177.74293
2028-10-17,401684462049868.8,402487687952154.0,398821922750237.9,401063501554543.1,53177859136.57332
2028-10-18,379422437300584.8,380409302754778.8,373792486052440.2,378299179076157.8,58448172026.370895
2028-10-19,368704903780814.1,372406029877824.9,368139261124887.25,369463532692360.94,42681350907.53883
2028-10-20,365055743510266.6,365548471291177.06,363812651701624.94,364420010294352.7,55724033792.4399
2028-10-21,348756395919945.06,349556991135570.3,348010725167898.6,348862232147533.75,40210189123.0616
2028-10-22,253257821762552.12,254135227801562.9,252930254404575.06,253429462908160.44,52246486724.90912
2028-10-23,252245531404428.78,253149284483543.62,250808467940112.34,252067822168723.5,57153691449.836105
2028-10-24,311349462419163.56,311559534403069.9,310458021071625.3,310957499127046.6,53010907877.907814
2028-10-25,463690458138591.25,463989843417172.6,462335352446707.8,462779914392515.25,48481819592.67318
2028-10-26,695523778437506.6,697409917946584.9,687240085036913.2,694907013794631.2,51650718326.01376
2028-10-27,806184089074940.1,813316083446556.1,804050862484925.2,808351914305715.9,61744095966.019424
2028-10-28,878221122630353.4,878875231222230.4,877143940641138.4,877914542951259.6,51921983756.74828
2028-10-29,926690443060376.1,933486801200514.1,926563074510474.5,929280890969668.2,52756637877.330444
2028-10-30,1020799375787527.4,1022406245509001.5,1013271463806796.0,1018057359995934.6,55347660215.414246
2028-10-31,1145672251088778.8,1148950353899418.8,1140976774607808.5,1144839208194352.0,50983772950.23933
2028-11-01,1381901891857075.8,1390318922183615.5,1374441732667727.8,1376421555456926.0,50468896380.60955
2028-11-02,1666396886281520.0,1676885298403497.8,1664718274511558.8,1668011373870381.0,55770019254.22174
2028-11-03,2027745102956629.0,2033194281699753.2,2008171971996300.8,2028309852994322.0,46579102795.42554
2028-11-04,2473845789733494.0,2485840288057519.0,2466063697438451.0,2471381881266959.5,61345479962.2126
2028-11-05,3024853940969550.0,3037140961071383.5,3015858166777571.5,3027705428979646.5,51139133106.65773
2028-11-06,2983272762112234.5,2983990623100688.5,2967200536842446.5,2983400390870826.5,45748660436.30895
2028-11-07,2961650167205749.5,2975415055271673.5,2952845452912122.0,2967055805630576.0,45684181344.67641
2028-11-08,3138861362397949.5,3140080571161763.0,3131991921922779.5,3138173947965499.0,47075415973.25516
2028-11-09,4024609744191207.5,4027387865204512.5,4013962468288623.5,4021716813918184.0,41764157261.75481
2028-11-10,4574078208004459.0,4600571361453230.0,4566695256251466.0,4576970349967291.0,55831072831.57115
2028-11-11,3761990410059907.5,3769521410008957.0,3735881640626826.0,3753240326874218.5,56556272895.40144
2028-11-12,4144946918120064.0,4169965672882660.5,4110794568390878.0,4131076964223395.0,52455749168.51094
2028-11-13,5807087876448386.0,5819429203741997.0,5798849957748197.0,5806157044252290.0,51362265670.44354
2028-11-14,8707526933283561.0,8728753421061962.0,8682931934502346.0,8689359507002130.0,51081068389.29506
2028-11-15,1.3556900085635658e+16,1.3577776480583464e+16,1.3470108179776152e+16,1.3513851642930352e+16,47485851220.04606
2028-11-16,1.9527557551013612e+16,1.962904953522139e+16,1.9438985729449996e+16,1.9509440497468296e+16,48510936338.25054
2028-11-17,1.945172959025278e+16,1.9561444576487736e+16,1.9376287898884964e+16,1.9466805313567132e+16,47381806399.493576
2028-11-18,1.8023676522883496e+16,1.8114907639730148e+16,1.801356038346952e+16,1.8018916809010136e+16,58052581176.17102
2028-11-19,1.7114480936177684e+16,1.7204784436988652e+16,1.7027679400122646e+16,1.709440633694754e+16,53794936324.97026
2028-11-20,1.6936695978920958e+16,1.6942352553981676e+16,1.6869170980056384e+16,1.6933733691455914e+16,56321048830.83484
2028-11-21,1.7851298052412748e+16,1.7926532477211466e+16,1.769454550692321e+16,1.7770548530633048e+16,49389306859.60818
2028-11-22,2.0261630059855796e+16,2.0365660145419124e+16,2.0164410343883656e+16,2.0278858910995616e+16,58758831779.21081
2028-11-23,1.892626885898231e+16,1.9081500053882868e+16,1.8824747033827524e+16,1.9014181689004772e+16,56981760061.30641
2028-11-24,1.942157332063113e+16,1.9453767870643924e+16,1.9273807075569544e+16,1.9379459985829256e+16,51052594764.211105
2028-11-25,1.6449162957951988e+16,1.6527708584925486e+16,1.6400595909855972e+16,1.6514209044295244e+16,39669275660.99146
2028-11-26,1.7605044743389842e+16,1.7773905460476378e+16,1.7514128616696814e+16,1.76642635968757e+16,54392603218.39853
2028-11-27,1.2701367510170542e+16,1.2717545494448086e+16,1.2653324509695578e+16,1.2709652517403234e+16,53937343843.74107
2028-11-28,1.0242856891681244e+16,1.0263719413378768e+16,1.0205823954788718e+16,1.023943086306906e+16,47230287727.46938
2028-11-29,8728115053048705.0,8761770898788533.0,8699090012461840.0,8760046899914422.0,48090185457.07303
2028-11-30,9959544246703792.0,1.0001857270503522e+16,9910759590250572.0,9960326818298754.0,49491295672.61619
2028-12-01,9928109456481984.0,9947035877722840.0,9893992726638998.0,9945918482730042.0,46319206621.48233
2028-12-02,7963643767845861.0,7991279441272699.0,7908105235647113.0,7938179413699236.0,53908240239.14107
2028-12-03,6388134799242227.0,6406913537746190.0,6340536690197948.0,6378075023135710.0,51056766352.441696
2028-12-04,5473466467304538.0,5474614032709559.0,5467585562310945.0,5472806836742688.0,53943965726.83273
2028-12-05,4015030895038286.0,4041868626107911.0,3988941308302369.0,4029253996704921.5,55364055831.13931
2028-12-06,3405133600393968.0,3419745623582799.0,3401415047451939.5,3410383829486834.0,52949344239.18193
2028-12-07,3210497189806501.5,3234215852783464.0,3200540207236133.0,3205752882293978.0,46358081543.97452
2028-12-08,3523278308168418.5,3525548781941365.0,3502250511279196.5,3511570025031835.0,52226738751.17116
2028-12-09,4008697889319109.5,4026247547683713.0,4003362567502787.5,4007698550403064.5,54120239986.4874
2028-12-10,4784324656730536.0,4813939798925333.0,4773390146459022.0,4781889381925650.0,48943781824.19191
2028-12-11,5894350490146989.0,5913733809655284.0,5879144163711127.0,5896821474612194.0,49448513883.36123
2028-12-12,7500014311175936.0,7519731029043553.0,7394134657958161.0,7454430777845542.0,58971674907.29144
2028-12-13,9654490659870310.0,9701846128897626.0,9571408115396090.0,9640327255897898.0,48542253720.07835
2028-12-14,1.2909999775435412e+16,1.2913235697785748e+16,1.2813914694616294e+16,1.2893450937489616e+16,45047438055.23607
2028-12-15,1.4546286729257866e+16,1.4602395418774876e+16,1.4463150043802552e+16,1.4549044124791586e+16,57353409976.1389
2028-12-16,1.0794217694975188e+16,1.0851326912638204e+16,1.073222116468923e+16,1.076032124949606e+16,52200718475.82144
2028-12-17,9010871490265308.0,9086524889702302.0,8970414916025869.0,9036737332179720.0,52497222646.574684
2028-12-18,7129517652310669.0,7134896348325860.0,7111317967060611.0,7131040864587244.0,61745668929.000244
2028-12-19,4491909540092702.5,4508414150071867.0,4435351397711639.0,4491677586594950.0,53782871505.08749
2028-12-20,2975213420181785.0,2975997952906381.0,2963381249202883.5,2973268762414047.0,55610706576.47342
2028-12-21,3017084264644897.5,3029192913723058.5,3004504126132253.0,3026156272741653.0,58754218815.4827
2028-12-22,3410150531587436.0,3437090482097135.5,3402527827936848.5,3402880819547146.5,56013374556.35114
2028-12-23,4228071773188538.0,4260119000450605.0,4197152037106592.0,4238371252433480.5,44315025421.62306
2028-12-24,5970982859563174.0,5999636522315166.0,5961344522503553.0,5992114724812521.0,56110186131.036476
2028-12-25,8448278216835700.0,8466958388947282.0,8440445110668901.0,8460373168303944.0,54955080933.318016
2028-12-26,1.1759518092796426e+16,1.1766289802212156e+16,1.170639228076827e+16,1.173664923901491e+16,54066989826.72872
2028-12-27,9051251347363564.0,9067978555444560.0,8969378708568518.0,9064590823886986.0,53919180939.60902
2028-12-28,6663105818557060.0,6672888061592148.0,6612560718257009.0,6655017604386387.0,55581159821.225334
2028-12-29,5076821581865654.0,5094537623762005.0,5032541937919080.0,5074044883462910.0,48665928774.515854
2028-12-30,5226006248116395.0,5239740838718987.0,5209056044165783.0,5213214097901307.0,47756936405.52956
2028-12-31,7229705951292122.0,7291502424615942.0,7202498088475456.0,7237664624658144.0,60277183220.15197
2029-01-01,1.0092196222459674e+16,1.0115356961616726e+16,1.0071124175957844e+16,1.0100472878714114e+16,45826018595.06689
2029-01-02,1.4124473070923302e+16,1.425579874149484e+16,1.405950774790672e+16,1.4172447701867354e+16,54150331822.70823
2029-01-03,1.4987921119032022e+16,1.499039071689265e+16,1.4906487258174268e+16,1.4941433601562324e+16,56447013988.505585
2029-01-04,1.5268862237774734e+16,1.5335454058070002e+16,1.5164877186638302e+16,1.5200842797234116e+16,59367997826.98772
2029-01-05,1.4900088228580438e+16,1.4949361244766144e+16,1.4850500961666096e+16,1.4916801493417664e+16,46413123598.55762
2029-01-06,1.1266842025668804e+16,1.1280172288706382e+16,1.1242039674793338e+16,1.125646510073955e+16,55285664210.621086
2029-01-07,8532266277122369.0,8592533421437587.0,8487264840545858.0,8507137085347250.0,47027480624.43927
2029-01-08,8757180019878035.0,8766593834048224.0,8705315706171289.0,8738208221246801.0,47264291547.556816
2029-01-09,1.3807816081072296e+16,1.3860387771956e+16,1.3782269152737558e+16,1.3798746905294572e+16,47815072654.25853
2029-01-10,1.825667725019356e+16,1.827935702077095e+16,1.821285797289095e+16,1.823744995749868e+16,47263686111.057785
2029-01-11,2.33832929998459e+16,2.3456108187694588e+16,2.329533414133311e+16,2.343316436739327e+16,52871075249.283035
2029-01-12,2.9431764661518824e+16,2.95364794818959e+16,2.9265652194926444e+16,2.9475842063773e+16,50565090204.46527
2029-01-13,3.739054981618014e+16,3.775181251944184e+16,3.732283933194048e+16,3.733230531789099e+16,52609614428.136894
2029-01-14,3.2021602521154012e+16,3.2294150355678004e+16,3.1820026196314676e+16,3.1956798970820704e+16,49558963302.867065
2029-01-15,2.6999900974926776e+16,2.71405395522245e+16,2.6738299265945052e+16,2.701103942618189e+16,54549081368.49131
2029-01-16,2.1652370189981788e+16,2.172464795398386e+16,2.1644992138257304e+16,2.1666753572871684e+16,52227548742.23741
2029-01-17,1.5691822300719616e+16,1.577078534880965e+16,1.564469972964972e+16,1.5699867723204948e+16,56306618901.72414
2029-01-18,1.2424257939319294e+16,1.2556606803741212e+16,1.2424017883188366e+16,1.2466597109751948e+16,57937692078.663506
2029-01-19,1.327708617734083e+16,1.3342235975105836e+16,1.3264791350763712e+16,1.3272824991505536e+16,48212647896.03308
2029-01-20,1.2970518215615878e+16,1.2990908373877784e+16,1.2914988795890772e+16,1.2918820527698104e+16,49902817636.8103
2029-01-21,1.37921476265312e+16,1.381676467951125e+16,1.3732716644359234e+16,1.3750978893142604e+16,52421573699.875275
2029-01-22,1.473909852298577e+16,1.4862876501936202e+16,1.4671122433580246e+16,1.4802267066160376e+16,56392045865.043686
2029-01-23,1.5819189818332436e+16,1.5883759703203586e+16,1.5738389311683616e+16,1.5812800923241996e+16,54331486252.84075
2029-01-24,1.3023089065546888e+16,1.3097140101281838e+16,1.3020213923950486e+16,1.3038359393964404e+16,51649006645.01361
2029-01-25,9170296066288700.0,9202870739852956.0,9159276801838068.0,9201251155760648.0,50754600233.32003
2029-01-26,6810132092591428.0,6823450332645450.0,6757280274656628.0,6761720794906709.0,46855161404.34637
2029-01-27,5646564301498296.0,5695660092620280.0,5623346182474381.0,5658426490673654.0,45460890151.23807
2029-01-28,6294170040327378.0,6330219854293262.0,6271886611555279.0,6275619562707621.0,50065635258.48839
2029-01-29,7094589757393095.0,7116986380351115.0,7081410632362663.0,7112660414360603.0,53683651238.86499
2029-01-30,5730666963960174.0,5758076744614203.0,5679271125663809.0,5698149255079894.0,53889217318.06723
2029-01-31,4619169411894904.0,4623109576135696.0,4582916700056268.0,4622396639082855.0,50733667533.55384
2029-02-01,3783483836219768.5,3801138389627126.5,3780354666384361.5,3789471598421089.0,49890926556.90077
2029-02-02,3154068232523088.0,3156038635454466.5,3136077313144001.5,3139604973670447.0,52961849147.451614
2029-02-03,2841637878433053.0,2860323430639657.5,2829481793037728.5,2839701742840007.0,60648993843.34328
2029-02-04,3026393040539716.5,3031685204153076.5,3012525649857827.0,3018232345798691.5,42610476500.9354
2029-02-05,2758505443653196.0,2773620763265244.0,2753443135028580.0,2756539453514909.0,53131259883.95469
2029-02-06,3382706521272313.0,3385835053648852.5,3378698371307213.5,3379998284561291.0,65539774555.57162
2029-02-07,3128512364787629.0,3134900447313609.5,3126542507202012.5,3126840608502386.5,52448340546.9891
2029-02-08,2815799284026724.5,2829494761219254.0,2799080925516440.0,2811422923369698.5,51068744383.86223
2029-02-09,3290298176338372.0,3316252124742691.5,3273567062235177.5,3292684821680844.0,51225537428.597595
2029-02-10,4368557238779369.5,4392545992109647.5,4352791662527015.5,4373171273263462.0,53272012980.4707
2029-02-11,6108031764693581.0,6162317664574950.0,6051921643170951.0,6101953901246267.0,58326005562.16263
2029-02-12,9997336563569204.0,1.0039187900644406e+16,9961222314892246.0,1.0016934320531872e+16,50907164345.813484
2029-02-13,1.6446117265540734e+16,1.6469981596462748e+16,1.6324863533264102e+16,1.6405112487924878e+16,55116679458.2968
2029-02-14,2.7044853734849932e+16,2.7179670283334652e+16,2.6908778679470364e+16,2.702081511136853e+16,53254267868.88315
2029-02-15,4.4409009759859336e+16,4.457894101477886e+16,4.429626970182933e+16,4.4549792625768744e+16,51197331877.6588
2029-02-16,7.342129463826402e+16,7.351225398689205e+16,7.306529139121952e+16,7.336450331843454e+16,46962808447.50238
2029-02-17,1.2056648200626024e+17,1.212701478474476e+17,1.2017151074872104e+17,1.2088590873326486e+17,55855932124.911224
2029-02-18,1.3430225798501075e+17,1.3437175361523291e+17,1.3333065367676669e+17,1.3395065522896629e+17,51336866816.92464
2029-02-19,1.0084952989372211e+17,1.0104593165047424e+17,1.0012325110918483e+17,1.0084333070477494e+17,53606171808.233826
2029-02-20,8.612758654578592e+16,8.636656301294557e+16,8.521678006228098e+16,8.615981669340723e+16,50457842609.69728
2029-02-21,1.0176596946325475e+17,1.017866296357396e+17,1.0139481190333218e+17,1.0152143834635683e+17,50811474650.37695
2029-02-22,8.342962051220214e+16,8.357285280897744e+16,8.330560828249197e+16,8.33357110004548e+16,43631864063.648865
2029-02-23,6.083166870829013e+16,6.093859258184353e+16,6.06188642954265e+16,6.075838846317276e+16,43170822023.04503
2029-02-24,4.4184257266628056e+16,4.438423241511953e+16,4.417361873598873e+16,4.42382437268032e+16,54651203751.80817
2029-02-25,3.188505351292773e+16,3.2238737803781108e+16,3.1729943466206492e+16,3.1981576155102476e+16,59478602234.67247
2029-02-26,2.5066527086652764e+16,2.5148069350712524e+16,2.4989447582642296e+16,2.5025719455464588e+16,57686227370.55766
2029-02-27,2.352751304171277e+16,2.3604981763546044e+16,2.340989005511311e+16,2.351155715578173e+16,47840631751.65746
2029-02-28,2.2700307256872548e+16,2.2714924435437444e+16,2.266670272562473e+16,2.2698801390494384e+16,43549582926.813255
2029-03-01,2.237589208662396e+16,2.2472592870659696e+16,2.2226475394686964e+16,2.24095111171636e+16,59258941380.99321
2029-03-02,2.584049742723971e+16,2.597893534234356e+16,2.573941592042655e+16,2.5862021938208176e+16,63888202338.545265
2029-03-03,3.142815250215949e+16,3.1530912794455828e+16,3.128708124916136e+16,3.1463888362965748e+16,40259134854.53531
2029-03-04,3.874368901064383e+16,3.913666651691649e+16,3.866300228450368e+16,3.882334254645082e+16,51870926682.06398
2029-03-05,4.836660074852238e+16,4.84919095307884e+16,4.829492584839231e+16,4.845805919316971e+16,49078043605.04923
2029-03-06,6.07590013984762e+16,6.131766915386534e+16,6.060703436616563e+16,6.086345583053117e+16,46187024610.735916
2029-03-07,7.77941100165101e+16,7.793754959548107e+16,7.704705591795949e+16,7.731382777049176e+16,44832822565.73555
2029-03-08,9.851863430766936e+16,9.939213991231307e+16,9.805903840387402e+16,9.910187163585685e+16,50376585799.83263
2029-03-09,9.13707108935109e+16,9.152307918383715e+16,9.03049017864584e+16,9.081551655262091e+16,47821421485.402985
2029-03-10,1.1417291957164528e+17,1.1445889011971078e+17,1.1337145076185827e+17,1.1438863692595446e+17,49077495389.69966
2029-03-11,1.569505683499057e+17,1.5715139687494515e+17,1.563713009792677e+17,1.5680961112459904e+17,53712750143.95302
2029-03-12,2.1881359560270336e+17,2.1983930116127226e+17,2.1851733124115306e+17,2.1904655959276003e+17,46877547637.59735
2029-03-13,3.061523703203888e+17,3.0672219880245126e+17,3.050673533459483e+17,3.05941194185946e+17,56899300158.85199
2029-03-14,4.2696320122674515e+17,4.3045784594644634e+17,4.2594501022183584e+17,4.280896395604366e+17,53625818024.7661
2029-03-15,5.987121482952815e+17,5.997854768166548e+17,5.95057402190595e+17,5.996945902781517e+17,52507249835.8543
2029-03-16,8.183942926946061e+17,8.203910447523199e+17,8.109002014006134e+17,8.153750479408003e+17,56453864788.42375
2029-03-17,8.644865464356672e+17,8.680500348444997e+17,8.56930132906372e+17,8.626128462893989e+17,57122395714.080185
2029-03-18,1.0733597655136468e+18,1.0808862098698212e+18,1.069955301793982e+18,1.0798973339615885e+18,46002642104.00713
2029-03-19,1.5130881061201964e+18,1.5191539838318126e+18,1.5047459079439793e+18,1.517766824591445e+18,49392296387.372665
2029-03-20,1.6797714209615567e+18,1.6844135130376266e+18,1.6754048599908754e+18,1.677273942704235e+18,54629671318.65227
2029-03-21,1.389440227625174e+18,1.3918137670339812e+18,1.383312922230479e+18,1.3890178599612342e+18,47354010571.732544
2029-03-22,1.0786228426607663e+18,1.0874999334222669e+18,1.0784219030776077e+18,1.0826299295605636e+18,54465012224.952225
2029-03-23,8.42129916849796e+17,8.423277665284457e+17,8.373973712540276e+17,8.419893925725784e+17,44044286819.86021
2029-03-24,6.911960282316238e+17,6.920612547063176e+17,6.880562253450182e+17,6.915844855680308e+17,49662846969.08262
2029-03-25,8.6285176080919e+17,8.636550056682427e+17,8.59254810316335e+17,8.632346725872289e+17,48649413226.960846
2029-03-26,1.0995462546664061e+18,1.1047052375808737e+18,1.0990029001032554e+18,1.1045444645076787e+18,48593056062.54308
2029-03-27,1.4181523871457464e+18,1.4208066200315628e+18,1.4161883395434435e+18,1.417648331519194e+18,57129425943.03824
2029-03-28,1.849813404227536e+18,1.8537587448837304e+18,1.8427358793688287e+18,1.846037012584899e+18,60833281332.80181
2029-03-29,2.0129513512127785e+18,2.036002318176207e+18,2.0042217342777382e+18,2.0231122690985892e+18,57035013128.30611
2029-03-30,1.7592277499937674e+18,1.7606278160200835e+18,1.749697089890248e+18,1.7570630817395e+18,48155815799.05614
2029-03-31,2.4663901989799767e+18,2.4750296278923233e+18,2.4429957750229345e+18,2.465182304005366e+18,45498217497.04809
2029-04-01,4.013770931257845e+18,4.0195941554653676e+18,4.00307591779924e+18,4.008790420432503e+18,51870963235.01971
2029-04-02,6.511434635831575e+18,6.604376116926231e+18,6.509399607261662e+18,6.559334308075729e+18,48945328588.26943
2029-04-03,1.0759139562491945e+19,1.0780577748723919e+19,1.0709282161953087e+19,1.0754542377656965e+19,54425133607.49458
2029-04-04,1.7677928636705333e+19,1.7691355980724234e+19,1.760965397767974e+19,1.7618724273534833e+19,55947020417.63824
2029-04-05,2.877250549792457e+19,2.888005543169576e+19,2.8744828622546436e+19,2.876003559675712e+19,56326057764.55919
2029-04-06,4.683807354555344e+19,4.708286911057226e+19,4.662617616924829e+19,4.691853383694126e+19,51034984065.171555
2029-04-07,7.653643346188493e+19,7.688073607199036e+19,7.602727827679617e+19,7.678127061001311e+19,50292358259.62957
2029-04-08,9.252254583973097e+19,9.283896603622747e+19,9.226773303567688e+19,9.22828863454886e+19,55711380436.47973
2029-04-09,1.1469419225088426e+20,1.1540049035930183e+20,1.1436299726248706e+20,1.1510339743478931e+20,47200293868.18824
2029-04-10,1.8385841014097707e+20,1.843865010845976e+20,1.8339480640914915e+20,1.835727156914581e+20,48151020573.69376
2029-04-11,1.55638731482272e+20,1.5595710388711942e+20,1.552501799950336e+20,1.5534042196121977e+20,49733487085.84816
2029-04-12,1.5173316997658277e+20,1.5259583525574672e+20,1.5118091328510345e+20,1.5136095174947317e+20,57299982940.00993
2029-04-13,2.462118455359349e+20,2.4663924829650253e+20,2.4584880117922284e+20,2.459249125371927e+20,51550425967.72631
2029-04-14,4.000001884359088e+20,4.016174663982062e+20,3.960644767005626e+20,3.9912508524107484e+20,48965236165.62019
2029-04-15,4.486464865233295e+20,4.496126997519051e+20,4.478995993858049e+20,4.4914548735631196e+20,55416356304.979675
2029-04-16,6.119056707461216e+20,6.133078626977595e+20,6.100584365502544e+20,6.10333380892257e+20,52508550148.57083
2029-04-17,6.88561476593099e+20,6.974117150630923e+20,6.881117918664715e+20,6.904403894598744e+20,47735577019.15934
2029-04-18,5.373598558123905e+20,5.4204436382213354e+20,5.368270151146737e+20,5.36966002064359e+20,48141229644.10652
2029-04-19,4.16365150971594e+20,4.169834991863022e+20,4.148206300468508e+20,4.149540419358779e+20,46960145143.65879
2029-04-20,3.589731828405444e+20,3.6052073929053156e+20,3.576905846948052e+20,3.591619078219725e+20,55985500747.22987
2029-04-21,3.120268267974103e+20,3.1256286256992675e+20,3.087640929836862e+20,3.115167690870775e+20,48381814767.66414
2029-04-22,3.1642242196123314e+20,3.1660936367979876e+20,3.149460516202786e+20,3.1522227089031954e+20,53976924014.63108
2029-04-23,3.089219226568206e+20,3.118155894517916e+20,3.0806534995323073e+20,3.09459815520747e+20,51491965188.67451
2029-04-24,3.0676442606757256e+20,3.071116179314592e+20,3.0591255018719275e+20,3.062139124527969e+20,50189721858.47342
2029-04-25,3.293947340555027e+20,3.302274439079923e+20,3.2826607059443646e+20,3.28968634118713e+20,55026343609.286476
2029-04-26,3.3310273790275033e+20,3.331356009526727e+20,3.32545983412572e+20,3.330741791876628e+20,52561797638.67581
2029-04-27,2.8459826219166397e+20,2.8501989449416645e+20,2.8346988588446863e+20,2.8451300626497123e+20,55127290379.21555
2029-04-28,3.246378886320377e+20,3.266070571333835e+20,3.2349521163900866e+20,3.2349634091728935e+20,45695809964.418945
2029-04-29,2.5686937842214715e+20,2.5765834639960454e+20,2.5647400386503872e+20,2.576505845377416e+20,52498901560.16666
2029-04-30,1.8908729687935828e+20,1.9036608561642766e+20,1.8835588391042653e+20,1.893763590071137e+20,50442272511.46643
2029-05-01,1.4577007268399828e+20,1.4635964181640747e+20,1.4534590671856266e+20,1.4570013457336379e+20,57567842657.537895
2029-05-02,1.1812992401089644e+20,1.1818593424769648e+20,1.1759265823150547e+20,1.1806873944274089e+20,61183072668.69521
2029-05-03,1.4587629079669452e+20,1.4597858373393102e+20,1.4524247023467613e+20,1.4537205438137401e+20,53947360071.25511
2029-05-04,1.9581696141004793e+20,1.9631082946978988e+20,1.949798925845594e+20,1.9543864503702975e+20,56410604278.009575
2029-05-05,2.0387633186065233e+20,2.0485054979421153e+20,2.0317500188858358e+20,2.0427162564275077e+20,42909957769.14066
2029-05-06,2.361902574999305e+20,2.363168509198827e+20,2.3516643214261735e+20,2.3583634275653265e+20,48234740243.32209
2029-05-07,3.8685380631971843e+20,3.9037205204265756e+20,3.855608873822149e+20,3.8750010455165816e+20,53141611178.08588
2029-05-08,5.203630194082621e+20,5.2162634185731355e+20,5.175114987947098e+20,5.1918004657057694e+20,51823443667.78606
2029-05-09,6.295714038291378e+20,6.314005891740892e+20,6.248237519741064e+20,6.292717426267108e+20,49249546629.14506
2029-05-10,9.67120219796806e+20,9.720225596848678e+20,9.662108526654626e+20,9.663249788863245e+20,59464299320.07869
2029-05-11,1.507334383085588e+21,1.5159098753863306e+21,1.4953728492033123e+21,1.501597371184297e+21,44487976587.8619
2029-05-12,1.523959748609801e+21,1.528770429332435e+21,1.514480560175694e+21,1.526854337501572e+21,56051786546.903564
2029-05-13,1.6093075803103284e+21,1.6311559477389587e+21,1.5996711079246438e+21,1.6174656071391516e+21,50546418805.4536
2029-05-14,1.767921597010099e+21,1.7759067596128526e+21,1.7579947809954487e+21,1.7665796440188917e+21,54072467518.85302
2029-05-15,2.0271400379197324e+21,2.029078353011908e+21,2.0176316495785888e+21,2.024566532314333e+21,44744979594.04026
2029-05-16,2.1957377708802543e+21,2.2112229310773125e+21,2.1749091050718786e+21,2.2034291607062268e+21,47814984736.81768
2029-05-17,1.5882118821641716e+21,1.5903111566894293e+21,1.5775363092530392e+21,1.5863240031281543e+21,44003360629.12326
2029-05-18,1.7107222292498528e+21,1.7235090958696262e+21,1.699022847281826e+21,1.7171368192641618e+21,53358243177.629234
2029-05-19,2.3241270756733608e+21,2.3301021566802877e+21,2.3231971523535063e+21,2.3235063916400557e+21,52938456462.36524
2029-05-20,2.15905384898697e+21,2.1612802667158144e+21,2.14835021992828e+21,2.1486889231069356e+21,51095578512.296425
2029-05-21,1.8490199134133053e+21,1.8591281609536095e+21,1.838881904976287e+21,1.848038532636677e+21,51184916795.77082
2029-05-22,1.747703172382728e+21,1.75710895044393e+21,1.7433379085288153e+21,1.7511470397893782e+21,54168331931.327286
2029-05-23,1.9949262535850776e+21,2.0145891366703396e+21,1.9803029861251752e+21,1.995823213563324e+21,46789067566.75435
2029-05-24,2.9422205595414854e+21,2.9527716428656175e+21,2.939226270155195e+21,2.946148089820038e+21,50320034683.68402
2029-05-25,4.5405434814456864e+21,4.5730713033187635e+21,4.5187150604558936e+21,4.534060478867415e+21,50033988240.399025
2029-05-26,7.008477141968699e+21,7.033481365806277e+21,7.003102243867277e+21,7.007124185299206e+21,50116906212.55049
2029-05-27,7.733577994669321e+21,7.76377437313712e+21,7.731508626718612e+21,7.735212206058639e+21,46947214521.13899
2029-05-28,7.195427775861649e+21,7.234809308346116e+21,7.194644546400567e+21,7.213208865967145e+21,50168646284.67502
2029-05-29,5.923890265713317e+21,5.947856870060071e+21,5.877460328080266e+21,5.941237978656855e+21,50527907152.21424
2029-05-30,8.52966674672835e+21,8.53370957980648e+21,8.50579479517133e+21,8.511593560043334e+21,54548847238.07763
2029-05-31,1.1164050624180516e+22,1.1218560957345088e+22,1.1123207924047703e+22,1.1182029213823482e+22,46697263210.43617
2029-06-01,1.5200911352333838e+22,1.5236143916549501e+22,1.5036075743006702e+22,1.5189467035995606e+22,55072181914.078514
2029-06-02,2.3694007933450775e+22,2.386707177395819e+22,2.351989028198133e+22,2.3669542552789613e+22,52640274144.06732
2029-06-03,3.900275571907087e+22,3.905615412994414e+22,3.87667453541394e+22,3.902447827452605e+22,58816513019.19185
2029-06-04,5.913435461721255e+22,5.9267136755026895e+22,5.898726327668198e+22,5.9139473741609605e+22,56176920023.769714
2029-06-05,8.590492884609549e+22,8.649126059780749e+22,8.562159765038722e+22,8.605356342610052e+22,45945278454.29108
2029-06-06,1.2581367570677769e+23,1.2684355181458853e+23,1.2534704854263785e+23,1.2604404043111555e+23,51159685658.36636
2029-06-07,1.855119038589633e+23,1.8623495079392587e+23,1.840460821814013e+23,1.857912796827315e+23,49479120543.186935
2029-06-08,1.8185486731694163e+23,1.83501980415169e+23,1.816305148033548e+23,1.818332907843549e+23,47156732444.26518
2029-06-09,2.100714631413513e+23,2.1037620679806187e+23,2.0920146276441596e+23,2.0948734267113748e+23,52852279600.53288
2029-06-10,2.8013956426577976e+23,2.804714232509207e+23,2.7737044423557352e+23,2.7945440233049526e+23,48459356117.89396
2029-06-11,1.977773929578972e+23,1.9832403576284804e+23,1.9768873155192516e+23,1.981973101811178e+23,51586896835.59831
2029-06-12,1.4019223055861526e+23,1.4109387138292842e+23,1.3987473168994118e+23,1.405982874764062e+23,49220213183.77457
2029-06-13,1.0534063917316164e+23,1.0589498004518325e+23,1.0527715517964308e+23,1.0551012546560899e+23,48126355658.590614
2029-06-14,8.482491810600273e+22,8.518661334431434e+22,8.46439511392386e+22,8.48602225738718e+22,52739832674.42263
2029-06-15,7.348417474451146e+22,7.348573630597733e+22,7.338394970772962e+22,7.3396316842452545e+22,50301234696.910835
2029-06-16,6.909035860233865e+22,6.935977024863196e+22,6.8967697628932426e+22,6.912193608234697e+22,48955208397.88194
2029-06-17,8.658361776163452e+22,8.715720557668961e+22,8.632994557980767e+22,8.646378801121224e+22,59360902638.09229
2029-06-18,1.2581445569943014e+23,1.2689359084486434e+23,1.2526804290773977e+23,1.2622050684002437e+23,51971365358.05959
2029-06-19,1.081322440355359e+23,1.0878356248111395e+23,1.0766162258355931e+23,1.0860919335578174e+23,56830239002.879105
2029-06-20,8.84341552741771e+22,8.86599365295737e+22,8.794558517182456e+22,8.855188635687242e+22,51149637238.98817
2029-06-21,1.3294500116358756e+23,1.3350911558749512e+23,1.3281796815172141e+23,1.3305851324543984e+23,59071188825.06131
2029-06-22,2.1607229257977516e+23,2.1701815791799644e+23,2.15382174239263e+23,2.1628535517167916e+23,53700963223.15404
2029-06-23,3.508404138512423e+23,3.51418420767038e+23,3.47723487500742e+23,3.5101543949565505e+23,51530230608.21428
2029-06-24,5.4352951297896934e+23,5.4431400137973696e+23,5.411438770818311e+23,5.438174554814835e+23,57758413024.1241
2029-06-25,7.196010977895026e+23,7.241917242528589e+23,7.150847993750499e+23,7.225144328246303e+23,54413080025.78331
2029-06-26,1.1835089232972119e+24,1.1891492325146446e+24,1.1799022192625289e+24,1.1809506000262926e+24,54117671957.19834
2029-06-27,1.928262088216688e+24,1.932780141930013e+24,1.9241986528239587e+24,1.9289902016974502e+24,55406788388.4359
2029-06-28,3.1563487180622465e+24,3.175149639138849e+24,3.146879326590747e+24,3.147624235390737e+24,49642498322.07954
2029-06-29,4.861848558134569e+24,4.908995679713289e+24,4.833866049690156e+24,4.864123473322334e+24,53082602947.132225
2029-06-30,7.03769906287622e+24,7.085949662929446e+24,6.970220561267376e+24,7.058567488744573e+24,46841904208.08709
2029-07-01,8.643253574013506e+24,8.695767796022365e+24,8.604227425951574e+24,8.648481638134486e+24,47693221217.18726
2029-07-02,1.0495057437347812e+25,1.0550630376475491e+25,1.0449372949289082e+25,1.047622948740603e+25,61859648708.984505
2029-07-03,1.2663123176303728e+25,1.270816533083391e+25,1.264975272332353e+25,1.266929662152489e+25,49634182475.56985
2029-07-04,1.0989298487592026e+25,1.099428308655105e+25,1.0912340013411032e+25,1.0966846319104894e+25,48232497971.228485
2029-07-05,9.568872638666014e+24,9.614453142150384e+24,9.499559838850204e+24,9.585301930813944e+24,50746163594.401726
2029-07-06,8.302709041658799e+24,8.333100537590918e+24,8.27186105732357e+24,8.32513927014037e+24,50369220542.53429
2029-07-07,7.42480679789097e+24,7.471107707747335e+24,7.397355036629533e+24,7.41175961682572e+24,56925446826.62539
2029-07-08,6.789379589827354e+24,6.804294957624068e+24,6.722762523461783e+24,6.792648521239734e+24,52137753139.60219
2029-07-09,6.22215646691415e+24,6.24488542136441e+24,6.156495222567747e+24,6.228909746989629e+24,60540562122.3923
2029-07-10,8.081531370872362e+24,8.105636927014432e+24,8.04768999029475e+24,8.087944663021186e+24,46121394299.99306
2029-07-11,1.1207657547350898e+25,1.1285659158105539e+25,1.1190555741778594e+25,1.119442941430012e+25,51378573419.94933
2029-07-12,1.5985199433052365e+25,1.6038697508848186e+25,1.5926731249830529e+25,1.5983055485678747e+25,47204101082.36508
2029-07-13,1.4894973496330505e+25,1.4955490278982108e+25,1.4757414842456343e+25,1.488642051677145e+25,51675437115.6654
2029-07-14,1.045145340277997e+25,1.0509744038382697e+25,1.0442961688214502e+25,1.0472367931396795e+25,51212307319.11743
2029-07-15,7.784994752237589e+24,7.863838611848175e+24,7.750022283643848e+24,7.813972590444178e+24,55006675615.546394
2029-07-16,6.264775265405556e+24,6.294135981700835e+24,6.236656820806296e+24,6.256441342209045e+24,51095201873.51802
2029-07-17,5.373029927853046e+24,5.379649029740785e+24,5.350939306490667e+24,5.379575171207605e+24,40498063253.76549
2029-07-18,4.0202096525418263e+24,4.0302816187227174e+24,4.010921356548527e+24,4.017553611214225e+24,53057314853.696236
2029-07-19,2.4811488453448866e+24,2.494642617956e+24,2.4595724720490744e+24,2.470449688823716e+24,52547269704.98503
2029-07-20,1.5176495246945577e+24,1.5284449053991797e+24,1.5039010382033535e+24,1.5132917114155264e+24,54165099036.141975
2029-07-21,1.199482934357563e+24,1.2031904616874854e+24,1.1892071092263059e+24,1.1953316821615083e+24,48316195632.27615
2029-07-22,1.2539132247397778e+24,1.2624533965571418e+24,1.2514627922065564e+24,1.2521340434520096e+24,57349577091.44102
2029-07-23,1.653916866903072e+24,1.659936776956962e+24,1.649214034836712e+24,1.6560650475363717e+24,48429548730.94586
2029-07-24,1.942702038677853e+24,1.9467176041163485e+24,1.9384102983554116e+24,1.9457863588680798e+24,51437508891.69386
2029-07-25,1.73884139679514e+24,1.7391789900907053e+24,1.7298147514430612e+24,1.737056894965083e+24,49140711040.47479
2029-07-26,1.7656061438696657e+24,1.7776856095016292e+24,1.7588017261482237e+24,1.760578438804279e+24,53582955045.838806
2029-07-27,2.0536142841153223e+24,2.0680934228778902e+24,2.0514785635943667e+24,2.060473866747202e+24,50995117333.4944
2029-07-28,2.82276513968402e+24,2.832928425629173e+24,2.817886566317382e+24,2.8286864079749186e+24,52664116569.33872
2029-07-29,4.405662954256766e+24,4.4246404143358007e+24,4.4024759121850134e+24,4.4041625452422203e+24,53017854888.94572
2029-07-30,6.247014723034943e+24,6.269483997368708e+24,6.244731802674239e+24,6.260201822279966e+24,60498124442.495636
2029-07-31,4.985241615822232e+24,4.996689922134268e+24,4.98210012180754e+24,4.989992407778777e+24,50254014927.23124
2029-08-01,4.3993699796134226e+24,4.436371649544695e+24,4.393611727025693e+24,4.408367744617563e+24,50471443628.12747
2029-08-02,4.019665996876501e+24,4.045490919428722e+24,4.0189729054291086e+24,4.023560045328909e+24,53771338241.46076
2029-08-03,2.955902387468971e+24,2.972768906989215e+24,2.9468184348573415e+24,2.965090693809385e+24,42442034639.10835
2029-08-04,2.673852573454894e+24,2.690487599079852e+24,2.654984769428319e+24,2.6783888990904006e+24,48459983471.72905
2029-08-05,2.544372862196297e+24,2.557432181627191e+24,2.5210421263715323e+24,2.551490287875134e+24,46096984249.21245
2029-08-06,2.544303103153467e+24,2.545765050493903e+24,2.5392110287276696e+24,2.542676512795623e+24,53050378042.55749
2029-08-07,2.6316866417146525e+24,2.632648226139346e+24,2.6262320961320106e+24,2.6268636512375887e+24,51396875073.255356
2029-08-08,2.789627685443359e+24,2.806408118052197e+24,2.7881185039281137e+24,2.794625686148149e+24,47155551087.031876
2029-08-09,2.8043893789219567e+24,2.8170725639799963e+24,2.787068829125221e+24,2.7943443782094753e+24,49808111018.33749
2029-08-10,2.449095355199427e+24,2.45672063103221e+24,2.443367221173256e+24,2.4452671103135305e+24,50903068413.651344
2029-08-11,2.1869818028836048e+24,2.1994569954814128e+24,2.1835810062694403e+24,2.1869746299917067e+24,50334270007.62654
2029-08-12,2.0186441225036106e+24,2.0275099197232284e+24,2.0167125120124588e+24,2.0198858536425003e+24,56813927236.18428
2029-08-13,1.9761796724174828e+24,1.9821222086048157e+24,1.9677820119994068e+24,1.9790929815961924e+24,53347036766.45248
2029-08-14,2.052687264799427e+24,2.0546081258074274e+24,2.0419433027791897e+24,2.0513928471138806e+24,56667882939.29582
2029-08-15,2.2862887242776915e+24,2.2925416060137123e+24,2.2613492555371565e+24,2.290588608427064e+24,46581432727.46119
2029-08-16,2.743354124090282e+24,2.761162076658816e+24,2.7305703136919724e+24,2.737852573567946e+24,55549159628.62475
2029-08-17,3.3910749305119316e+24,3.40431588680745e+24,3.355172141286149e+24,3.388478775539114e+24,45812428336.76589
2029-08-18,3.6873977862366556e+24,3.7036681102975486e+24,3.6775770557202287e+24,3.6849696497992927e+24,55499982714.93571
2029-08-19,4.2674263835816034e+24,4.275692830235097e+24,4.2668115403813273e+24,4.270072813027673e+24,43411194412.28466
2029-08-20,5.195338567890266e+24,5.22419223549508e+24,5.161055715562767e+24,5.221415491349141e+24,47394955472.616776
2029-08-21,6.754990080715805e+24,6.810565252909211e+24,6.715624874051417e+24,6.768280789900708e+24,59600724577.1688
2029-08-22,9.335268485680824e+24,9.380526402611821e+24,9.295816863497159e+24,9.342584986740181e+24,57403722217.942
2029-08-23,1.3881338106214314e+25,1.395182919103591e+25,1.3864883201239323e+25,1.3871344629222147e+25,51390361860.80083
2029-08-24,1.9246309900220617e+25,1.9263781170834225e+25,1.9242714812966935e+25,1.9250008978410719e+25,52957143767.62873
2029-08-25,2.14838284854458e+25,2.160889151821131e+25,2.136243003045964e+25,2.1529655681116506e+25,55349049021.33505
2029-08-26,2.404698735289907e+25,2.4113977309613025e+25,2.3850798988419458e+25,2.406562157217284e+25,46966804575.07073
2029-08-27,2.6919827361318005e+25,2.6944804993385735e+25,2.6867628959148614e+25,2.68719674361904e+25,52554395954.6864
2029-08-28,2.976736302275741e+25,3.019481788025076e+25,2.9615845384515694e+25,2.9920011354285378e+25,58077191090.3788
2029-08-29,3.3256715601397775e+25,3.3394625534933027e+25,3.302601634906047e+25,3.322157868510168e+25,62159446060.94612
2029-08-30,3.746283774870818e+25,3.760497518656717e+25,3.7273596656130427e+25,3.732162280208162e+25,50600765650.5342
2029-08-31,4.490349295997776e+25,4.503501481338897e+25,4.483417990036609e+25,4.496247912370766e+25,53611173079.12843
2029-09-01,5.613604709880378e+25,5.626153138366897e+25,5.596277002187987e+25,5.607752328617827e+25,54082345852.99467
2029-09-02,7.218756721757365e+25,7.279996956763798e+25,7.189974572417737e+25,7.197488175928868e+25,48221777069.195175
2029-09-03,9.93207259281616e+25,9.94813216727255e+25,9.928655413802707e+25,9.93531232365704e+25,49760620935.30977
2029-09-04,1.6325941633199607e+26,1.646094592403202e+26,1.6267334269025962e+26,1.6380560759062475e+26,47998965483.256714
2029-09-05,2.1342983484663517e+26,2.135692320575064e+26,2.104997406232132e+26,2.1328025277942285e+26,55848177349.068054
2029-09-06,2.6287873203474632e+26,2.6462812444142158e+26,2.6247528110919146e+26,2.6362509049577166e+26,48224962624.526596
2029-09-07,3.99239621572275e+26,4.024455035970529e+26,3.979443553420989e+26,4.0003910405258e+26,52922539611.6769
2029-09-08,6.266908829803332e+26,6.280010922343173e+26,6.257545170532374e+26,6.258701305973646e+26,52587920391.12257
2029-09-09,9.956759347580148e+26,9.963614335670893e+26,9.946878180711529e+26,9.950536853317284e+26,54968004887.69223
2029-09-10,1.5980403335837767e+27,1.6019310685356044e+27,1.5954658698300785e+27,1.6001387485323915e+27,54308123451.198
2029-09-11,2.1604313321485725e+27,2.180895208230162e+27,2.1518619789325772e+27,2.175952103268854e+27,55484652013.897446
2029-09-12,1.414597855804574e+27,1.4231582146966974e+27,1.413289124641407e+27,1.4208280093000915e+27,55752625543.65549
2029-09-13,9.752019301820259e+26,9.754736997770453e+26,9.736885912452089e+26,9.75071019594973e+26,54335898010.893715
2029-09-14,7.469767801375469e+26,7.499689790318552e+26,7.430417142829091e+26,7.480092240151362e+26,53671933141.329094
2029-09-15,7.11529451247605e+26,7.140625316364399e+26,7.11003032951923e+26,7.127003602931206e+26,44770252984.98592
2029-09-16,1.0341275745609547e+27,1.0367056154921489e+27,1.0317926389499706e+27,1.0341461290570499e+27,55212802191.570946
2029-09-17,1.1322778339701045e+27,1.1361579787118055e+27,1.130041568240918e+27,1.1319286774028813e+27,49635417372.1919
2029-09-18,1.6347080485551985e+27,1.6370711377658194e+27,1.6305872876621186e+27,1.6329579733364226e+27,51149922166.41607
2029-09-19,2.527107043198992e+27,2.5342869233658433e+27,2.518855207542866e+27,2.5321980659950416e+27,46072964411.115585
2029-09-20,3.845776420144868e+27,3.8858044053170333e+27,3.8406159295833143e+27,3.8537199735260987e+27,49528167863.315865
2029-09-21,5.805127753031154e+27,5.823840030164359e+27,5.787158352815533e+27,5.80435494064259e+27,50708264142.93432
2029-09-22,8.593997648190088e+27,8.659510348846125e+27,8.581560098441592e+27,8.596100819738646e+27,52347183868.68802
2029-09-23,1.2591048181886295e+28,1.2669145864333863e+28,1.2569420472621595e+28,1.264443339757607e+28,42405575865.26826
2029-09-24,1.2038195842147197e+28,1.2098810875616243e+28,1.1995730999633282e+28,1.2016358413144203e+28,49913102764.15973
2029-09-25,1.4151966793810981e+28,1.421988868058219e+28,1.4106044039904404e+28,1.4160903548204791e+28,45765707488.52377
2029-09-26,1.9666137026828135e+28,1.9673172132170298e+28,1.9633981306902004e+28,1.9649392361424212e+28,50708462108.073906
2029-09-27,2.9317702704742025e+28,2.9619672252071123e+28,2.930090068698937e+28,2.9438926831838276e+28,49479842911.08755
2029-09-28,4.646678034635337e+28,4.660331564222613e+28,4.600132519129027e+28,4.631222388830255e+28,55601802313.069244
2029-09-29,7.4427650282130046e+28,7.461447545480838e+28,7.394164182926589e+28,7.429353471600525e+28,45972321074.928894
2029-09-30,1.2098042053455166e+29,1.2113392944617538e+29,1.206206954923506e+29,1.2086533849389748e+29,52840769199.81444
2029-10-01,1.982263900393752e+29,2.0006540010999318e+29,1.976695004538156e+29,1.989802540616936e+29,65014842335.47565
2029-10-02,3.157426377347788e+29,3.159623360007295e+29,3.1509293608247152e+29,3.1544870832672524e+29,51906893722.15378
2029-10-03,4.716605165061528e+29,4.7460662135847926e+29,4.707370968645313e+29,4.708345005718374e+29,56923223134.85668
2029-10-04,7.123660678053605e+29,7.204217490898931e+29,7.072082986020626e+29,7.144644137668029e+29,46295120269.5021
2029-10-05,1.0813682244341436e+30,1.082303052059455e+30,1.0761484014919321e+30,1.0807183130846098e+30,53158195370.84972
2029-10-06,8.52360995352466e+29,8.571080018122784e+29,8.445614050599722e+29,8.553430943698879e+29,52902572648.21019
2029-10-07,6.025639121194107e+29,6.0328688076333604e+29,6.0059340622114515e+29,6.03171420289906e+29,49994580726.62431
2029-10-08,4.4728360489198605e+29,4.489059246221393e+29,4.448154070538769e+29,4.4630925281921214e+29,55026043848.73213
2029-10-09,3.642085473365428e+29,3.656608223371292e+29,3.634607898281475e+29,3.640099318740802e+29,47410821458.55687
2029-10-10,3.4827769764110016e+29,3.505012593575642e+29,3.46893620189154e+29,3.484341441503124e+29,50016640293.16091
2029-10-11,5.1442393700246224e+29,5.170756543476932e+29,5.124924895667915e+29,5.1523640554271224e+29,53834986065.13446
2029-10-12,8.447062837061118e+29,8.490294392303241e+29,8.434548701414457e+29,8.471283799863725e+29,50005230301.514
2029-10-13,1.4028335742365654e+30,1.4059814547637113e+30,1.3962097968367382e+30,1.3966785790972732e+30,49913762289.88844
2029-10-14,2.2927298173070207e+30,2.3100745137984275e+30,2.2793434472061563e+30,2.3014794213759822e+30,49915506576.39967
2029-10-15,3.7805598782215706e+30,3.793707288863405e+30,3.769472762702655e+30,3.7915980687203795e+30,53079408749.21167
2029-10-16,6.258465803786417e+30,6.269974272063882e+30,6.230087984814181e+30,6.249035539503477e+30,60309235846.76179
2029-10-17,8.88891430425012e+30,8.912008422375918e+30,8.843204346257093e+30,8.866892033690088e+30,55475646514.32365
2029-10-18,1.012455477148734e+31,1.0155294083956688e+31,1.006652555697125e+31,1.0126488919392525e+31,54484753986.71677
2029-10-19,1.4794347961584585e+31,1.480925755333934e+31,1.4706297223719353e+31,1.4790258528986954e+31,45745190602.67944
2029-10-20,2.4406862716888846e+31,2.4421851632746606e+31,2.436243810345407e+31,2.4385013835894777e+31,46596107960.56682
2029-10-21,1.9397546034666076e+31,1.9462672098096169e+31,1.9392321800098498e+31,1.9414571436189332e+31,42923083796.74486
2029-10-22,1.860193213118915e+31,1.8740166263551547e+31,1.859020897167689e+31,1.862763933172255e+31,56977148950.07008
2029-10-23,2.5575556828323282e+31,2.570149541102726e+31,2.55432051348982e+31,2.5567383789199667e+31,55781107264.90691
2029-10-24,2.4168507993481717e+31,2.4170514106650183e+31,2.4151334664020236e+31,2.4170444950308685e+31,51696096394.90908
2029-10-25,2.7294781956741724e+31,2.7316717138786464e+31,2.723809576243736e+31,2.7305513691524758e+31,52392066642.50012
2029-10-26,4.260558349880097e+31,4.281928346203878e+31,4.248416983135543e+31,4.258974280787358e+31,55177196894.08052
2029-10-27,6.226830101695267e+31,6.26895921234597e+31,6.21501951531008e+31,6.217104808749082e+31,50285799420.05124
2029-10-28,6.229076885842332e+31,6.254479070568026e+31,6.190905182603428e+31,6.234852273098764e+31,52879823004.60959
2029-10-29,7.153497217160526e+31,7.189240785591635e+31,7.105107784925633e+31,7.136044277718558e+31,56532861593.29238
2029-10-30,9.250190823684344e+31,9.297943670621403e+31,9.212572099416193e+31,9.255257016563693e+31,51748984313.94875
2029-10-31,1.3296431118855018e+32,1.3332643933568775e+32,1.3230076433628214e+32,1.3308437225058645e+32,52122852498.65769
2029-11-01,1.62487121071855e+32,1.62860351091811e+32,1.6179214066253991e+32,1.625736100732236e+32,58805087400.27366
2029-11-02,1.265849352563017e+32,1.2786845538857547e+32,1.2594818959530072e+32,1.2624650439162144e+32,45914745562.474724
2029-11-03,1.2190138430454645e+32,1.224753362892662e+32,1.2166686092363135e+32,1.2211480273947337e+32,50946098723.744705
2029-11-04,1.4950379667977918e+32,1.4954224687697479e+32,1.4777705587312688e+32,1.4917088725978104e+32,64497727239.489105
2029-11-05,2.1450094553045483e+32,2.1476759546364e+32,2.1355125760431014e+32,2.147642329460211e+32,44960907870.49219
2029-11-06,3.344167887799738e+32,3.357455445031182e+32,3.339896497481267e+32,3.347686533871101e+32,48709004918.96171
2029-11-07,5.389776734506576e+32,5.403339267379697e+32,5.368127901051312e+32,5.3837997591406766e+32,56736921304.30709
2029-11-08,8.802179048601564e+32,8.813452684902958e+32,8.777075629314739e+32,8.809202431804702e+32,53746436791.39126
2029-11-09,9.351928103678736e+32,9.42417665435562e+32,9.346053824511613e+32,9.378714471153789e+32,52020939295.928116
2029-11-10,6.636077129307341e+32,6.649515564524129e+32,6.603394761271882e+32,6.623670271072686e+32,46664163143.811264
2029-11-11,4.9304023864274415e+32,4.946969607857213e+32,4.924077429689338e+32,4.937930758127285e+32,47303111952.507744
2029-11-12,4.047302391515758e+32,4.062913120793518e+32,4.037814959991075e+32,4.047472170097241e+32,45737620347.75432
2029-11-13,3.6634146392764584e+32,3.691386422118314e+32,3.662552567365708e+32,3.669599920604984e+32,51644598589.313866
2029-11-14,3.919630514215292e+32,3.946487682244996e+32,3.914407950475885e+32,3.9316057764748e+32,57957481931.6652
2029-11-15,6.235596119884377e+32,6.2611465963346796e+32,6.206816280891285e+32,6.24462251345869e+32,55666652549.414894
2029-11-16,9.863325512759526e+32,9.868134461273627e+32,9.78687200612908e+32,9.808523707740944e+32,53443225807.48558
2029-11-17,1.1369757744316517e+33,1.1450005697488615e+33,1.1236605532062489e+33,1.1321299815650448e+33,57767466806.95556
2029-11-18,1.4431423426695386e+33,1.4443855116842602e+33,1.4363500045645132e+33,1.4393558677395226e+33,51888007053.37208
2029-11-19,2.1090432710669697e+33,2.1169622717179015e+33,2.1089441313711477e+33,2.1114636507753176e+33,59707412568.60909
2029-11-20,2.2895613543825348e+33,2.292801175436674e+33,2.2626710696576377e+33,2.2853648955673116e+33,52926642924.7272
2029-11-21,2.2990452478494642e+33,2.3175717385988902e+33,2.2812504257003952e+33,2.2956695739722048e+33,59216325389.41008
2029-11-22,1.9810849354879086e+33,1.98662344665632e+33,1.974950035788337e+33,1.9761947293494976e+33,53674048867.31466
2029-11-23,1.2908829151961987e+33,1.2984165368474174e+33,1.281459946338672e+33,1.2897472759290432e+33,54171759115.659386
2029-11-24,8.476409872393668e+32,8.478192407820257e+32,8.368094824070585e+32,8.42957463312182e+32,50505922233.76206
2029-11-25,5.4855933701482875e+32,5.5037136643689e+32,5.467290149784816e+32,5.494690925016524e+32,60521358842.55427
2029-11-26,4.709677746203025e+32,4.714415092221831e+32,4.687972762102402e+32,4.696600597456887e+32,54373834177.122986
2029-11-27,5.475177209776957e+32,5.493330661261666e+32,5.456799675692979e+32,5.4643513179997826e+32,45872300576.77696
2029-11-28,8.246070941656276e+32,8.283003177245802e+32,8.236319101017822e+32,8.259655474109838e+32,44666721434.82873
2029-11-29,1.3575808449240969e+33,1.3648234336722066e+33,1.3493949235833158e+33,1.3617869668819616e+33,53083695182.81525
2029-11-30,2.2308348578924014e+33,2.2470004663870785e+33,2.2271603417460466e+33,2.2379344996576432e+33,53173023552.73729
2029-12-01,3.242874136266768e+33,3.2690114713219393e+33,3.2392280600381407e+33,3.254606295663029e+33,57994907389.22084
2029-12-02,3.0354117277186926e+33,3.048965382118687e+33,3.0141868473674687e+33,3.0342007525031315e+33,56289446553.16001
2029-12-03,3.37952947759514e+33,3.4051212088007614e+33,3.371443142289441e+33,3.386861548066351e+33,45170782169.62955
2029-12-04,4.9720924366574637e+33,4.9926814072844776e+33,4.9712460716218264e+33,4.986775360800311e+33,47002012473.194565
2029-12-05,8.14231979725462e+33,8.155602195970574e+33,8.101848327250008e+33,8.137804672295235e+33,49944514502.90281
2029-12-06,1.3302843691329889e+34,1.3341381733730132e+34,1.3246600390759936e+34,1.3303576756086735e+34,57541331935.20094
2029-12-07,2.16478433284916e+34,2.168566231770264e+34,2.1632529230646765e+34,2.1669398132867134e+34,52134550922.7653
2029-12-08,3.150628298782952e+34,3.1889296152371825e+34,3.143831037627438e+34,3.1625088514680617e+34,51047523889.730415
2029-12-09,3.510308095792505e+34,3.5146405006998893e+34,3.508274752621518e+34,3.5114952465781174e+34,55918212640.53305
2029-12-10,4.200009397741367e+34,4.228107603236538e+34,4.186913974048377e+34,4.201626262832202e+34,55372285114.54094
2029-12-11,6.40766274489269e+34,6.434077819760581e+34,6.379000031432687e+34,6.416613844112824e+34,44776552923.30582
2029-12-12,7.544494253403438e+34,7.546486704074621e+34,7.523872398763772e+34,7.525396013750025e+34,49647869756.13881
2029-12-13,9.804057001736404e+34,9.833378348976576e+34,9.786236718533125e+34,9.796666138852564e+34,50697825492.20612
2029-12-14,1.557391726112089e+35,1.5663687279014939e+35,1.5383882075443718e+35,1.5536333352415586e+35,48747520996.24157
2029-12-15,1.9474729165978207e+35,1.9494967633127865e+35,1.931032559057199e+35,1.9480322051061673e+35,51080498289.22654
2029-12-16,1.8796546100021517e+35,1.8907012079096434e+35,1.872662836041107e+35,1.876476758233839e+35,45215791071.67572
2029-12-17,2.046096846540174e+35,2.0474004172543672e+35,2.0344638338358455e+35,2.044116661792114e+35,48810980848.032036
2029-12-18,2.2669121941931517e+35,2.283733121724224e+35,2.2632833657902012e+35,2.264798297512135e+35,54314012427.381645
2029-12-19,1.842358229116557e+35,1.8559438919299127e+35,1.8412631291800137e+35,1.8528014903617864e+35,54097536172.01794
2029-12-20,1.5103178102662325e+35,1.5139704285181117e+35,1.5085291722611642e+35,1.5090021257433684e+35,64512214873.0034
2029-12-21,1.2273362660346115e+35,1.2277539766146224e+35,1.2189211262570258e+35,1.227628823818846e+35,55386477083.80299
2029-12-22,9.971393855347178e+34,1.0013889570066768e+35,9.934788166111165e+34,9.999527836492815e+34,49468193771.567345
2029-12-23,8.148555297399283e+34,8.176785135257124e+34,8.1072344765925655e+34,8.144015597277397e+34,46788214676.08693
2029-12-24,7.696660411735226e+34,7.715205996351364e+34,7.646006182425725e+34,7.653657551370157e+34,46451302978.78791
2029-12-25,8.683475013031028e+34,8.695196099854745e+34,8.594494816346482e+34,8.645470986827796e+34,52359535512.46355
2029-12-26,8.211394307986737e+34,8.222895568249526e+34,8.141031634726257e+34,8.220286888102432e+34,52202285269.17887
2029-12-27,7.3961030396966e+34,7.443777834998482e+34,7.391617281826091e+34,7.419584668724702e+34,48677451922.70778
2029-12-28,9.212486900211162e+34,9.248388260276535e+34,9.194128004902381e+34,9.22226692691033e+34,47472172569.36827
2029-12-29,1.2140156458757816e+35,1.2150083743745391e+35,1.2094841143783939e+35,1.2131222651642815e+35,50736428557.37283
2029-12-30,1.176918791348778e+35,1.1797054009301424e+35,1.1691790260158909e+35,1.1741865362945737e+35,47743636629.65681
2029-12-31,1.2640677256402732e+35,1.2712234395555003e+35,1.254722595614567e+35,1.258598067947788e+35,50190223550.026955
2030-01-01,1.423164839605445e+35,1.4321589020690886e+35,1.4209937619600923e+35,1.4237886775735504e+35,59247380918.87395
2030-01-02,1.664817603789714e+35,1.6757386703780315e+35,1.6542717735112144e+35,1.6610860439768115e+35,49418809116.66118
2030-01-03,1.2910577462789827e+35,1.3022709958674343e+35,1.2862558705346199e+35,1.28632871343149e+35,44922557801.18232
2030-01-04,1.3968860929400378e+35,1.403891170144267e+35,1.39035819962447e+35,1.3968575282938967e+35,52216526205.03038
2030-01-05,2.150029572117885e+35,2.1640681612468075e+35,2.146620746079863e+35,2.148976075487077e+35,53010074220.40594
2030-01-06,3.0723277549764525e+35,3.0854804468131458e+35,3.060372442179805e+35,3.0689958199750186e+35,45930296159.03778
2030-01-07,3.852126788307085e+35,3.863443062136169e+35,3.846450005406813e+35,3.848275207488526e+35,54241346409.0573
2030-01-08,5.151691517181397e+35,5.17472923180189e+35,5.112639335798248e+35,5.1383938852308905e+35,61145174547.92891
2030-01-09,7.217210300042573e+35,7.237133788096581e+35,7.167534443507117e+35,7.220515177967688e+35,49552048668.96719
2030-01-10,9.632960060946753e+35,9.693559577419371e+35,9.615399285423667e+35,9.623078789905618e+35,43248987961.254745
2030-01-11,6.1061396705015615e+35,6.11231269351588e+35,6.086586039954658e+35,6.0986815492833415e+35,57546976315.545006
2030-01-12,3.929272374761298e+35,3.962498432968034e+35,3.9242922904155284e+35,3.932363088894484e+35,49958316351.56955
2030-01-13,2.5990411974769846e+35,2.6154115164944924e+35,2.5881218842791798e+35,2.603620775484805e+35,54131505363.84591
2030-01-14,1.9719954520969912e+35,1.9794539481952515e+35,1.9688979668634153e+35,1.9752890127568474e+35,49087316786.68984
2030-01-15,2.019871036770005e+35,2.021489711323769e+35,2.0090580453670958e+35,2.0200151354072747e+35,51471836652.92952
2030-01-16,2.5937329008247318e+35,2.6063279794119975e+35,2.5822908810930033e+35,2.599910029966064e+35,56439930852.033844
2030-01-17,2.2837227982978046e+35,2.290347459053327e+35,2.282182444563905e+35,2.285621184118332e+35,56695562370.57442
2030-01-18,1.5171555258714028e+35,1.5257389922434412e+35,1.5080767624494136e+35,1.5196844611613966e+35,52701184294.35874
2030-01-19,1.0469605999144403e+35,1.0503917817011563e+35,1.0424302438096371e+35,1.0485446802485975e+35,54022975931.149956
2030-01-20,9.069817472167808e+34,9.11351892738789e+34,9.04083399412307e+34,9.072671246838378e+34,60669663158.35199
2030-01-21,1.274795270320506e+35,1.282846306793753e+35,1.2723546662761304e+35,1.2770707817166432e+35,49130010698.89175
2030-01-22,2.0926604713683267e+35,2.098344195463209e+35,2.089721009069126e+35,2.093935307532947e+35,57500304357.82615
2030-01-23,3.4451992790619494e+35,3.464149183062891e+35,3.4065881897381035e+35,3.426977952227272e+35,57117718260.225204
2030-01-24,5.5510801815055544e+35,5.58147092781506e+35,5.526588056666767e+35,5.571533619830525e+35,49309609928.26204
2030-01-25,5.930312472479585e+35,5.948507631159995e+35,5.901478246403816e+35,5.94678524353322e+35,51432401356.0952
2030-01-26,8.019759453046324e+35,8.027217701972546e+35,7.9901250594158e+35,8.011113178399907e+35,57065732703.542656
2030-01-27,9.059773966167096e+35,9.0987895506269e+35,8.968427728418669e+35,9.053918894196381e+35,55009069897.83757
2030-01-28,7.24698592403408e+35,7.254360358374537e+35,7.197754688288168e+35,7.239957312729829e+35,48203562583.62176
2030-01-29,6.707030263372143e+35,6.723083700848373e+35,6.681802978138841e+35,6.714016612363617e+35,51497558256.343956
2030-01-30,5.892957026348403e+35,5.9139407477146345e+35,5.883736252436418e+35,5.8960001940990026e+35,51694798704.38352
2030-01-31,5.875746383759816e+35,5.884282529952993e+35,5.836933770384718e+35,5.8607921338785285e+35,48761873538.06795
2030-02-01,5.790997105165374e+35,5.8137490902078826e+35,5.7533132671341744e+35,5.800225758597754e+35,54070335920.18317
2030-02-02,6.053960424529162e+35,6.096751939725773e+35,6.052221493147665e+35,6.067250460614997e+35,53616392258.33432
2030-02-03,6.53052579988836e+35,6.570502337039606e+35,6.520147193321996e+35,6.534123930073238e+35,49387940623.25848
2030-02-04,7.434317470189631e+35,7.45883940077286e+35,7.425228215417895e+35,7.439957466581154e+35,53827322629.631615
2030-02-05,8.783281630445313e+35,8.806543754080029e+35,8.749967117033342e+35,8.767968987039414e+35,50242417522.86542
2030-02-06,1.0562910018577382e+36,1.059691643799556e+36,1.0533406015889619e+36,1.0545651252615882e+36,50885403629.08052
2030-02-07,1.29362731671018e+36,1.294729803207333e+36,1.2933528119886788e+36,1.2942826140030854e+36,50026261342.78707
2030-02-08,1.5525133679423542e+36,1.5559817663070163e+36,1.5516908886400968e+36,1.5557498554249724e+36,46283604209.10323
2030-02-09,1.9497334475526338e+36,1.955934162099828e+36,1.948723536691039e+36,1.953756006243031e+36,54359345275.78278
2030-02-10,2.7340619965647465e+36,2.7368118508877085e+36,2.7305240624119994e+36,2.735911610926237e+36,61083791054.392845
2030-02-11,3.931053682592829e+36,3.954536634269879e+36,3.9053525556756844e+36,3.945968033537655e+36,49712505441.239944
2030-02-12,5.790951440184579e+36,5.791726025424416e+36,5.781817104874686e+36,5.789382467710031e+36,55706751090.14277
2030-02-13,8.667614590879648e+36,8.674033474493631e+36,8.612730900033317e+36,8.651626554842265e+36,52730981382.447815
2030-02-14,1.123922127979468e+37,1.133028260789148e+37,1.1157340458197955e+37,1.1286672004480489e+37,54964268117.45719
2030-02-15,1.3539809325628064e+37,1.3612631516317508e+37,1.3492325876528296e+37,1.3569911647010275e+37,46601338969.5136
2030-02-16,1.877290029404955e+37,1.8884608129708227e+37,1.8676559288350776e+37,1.8834265752981323e+37,48053390186.07232
2030-02-17,2.6467098710177884e+37,2.6638258436698715e+37,2.637342191443967e+37,2.6515168410560983e+37,48148089705.50467
2030-02-18,3.8362677903046383e+37,3.8474687791275635e+37,3.820180001496336e+37,3.837447392720443e+37,53988926630.12298
2030-02-19,5.648728365629367e+37,5.688260782559718e+37,5.639957370734684e+37,5.657402488479265e+37,54110368369.73372
2030-02-20,8.434210353204476e+37,8.4578491847233e+37,8.431113817277086e+37,8.450008456415645e+37,55118615717.49005
2030-02-21,1.2328519084676346e+38,1.2429996852989927e+38,1.2284034810506099e+38,1.2310712478183121e+38,52948386766.17315
2030-02-22,1.4523513921211022e+38,1.4585726990388597e+38,1.4477064636501429e+38,1.4516365403682054e+38,54756265307.52975
2030-02-23,1.9738633622547813e+38,1.9880676037130565e+38,1.9701931516551977e+38,1.9795555211801828e+38,51954129709.865585
2030-02-24,2.6999055679945472e+38,2.7021033466470038e+38,2.6829572631976988e+38,2.69596026673189e+38,55759687137.60766
2030-02-25,3.786704748417744e+38,3.804920530913361e+38,3.755534081521794e+38,3.774336063842027e+38,54837657709.57257
2030-02-26,5.212346782037943e+38,5.2664557790994855e+38,5.211309458696299e+38,5.22883817873021e+38,48445546752.92873
2030-02-27,7.374877572190866e+38,7.428256585648554e+38,7.370387117064321e+38,7.396244759163358e+38,54048315138.109825
2030-02-28,8.286626224629717e+38,8.335023847300473e+38,8.259777948062601e+38,8.306718772589368e+38,46339360017.828865
2030-03-01,8.500837300513947e+38,8.595333356579328e+38,8.455955541867912e+38,8.507849760851876e+38,48009866888.59406
2030-03-02,5.275198216530743e+38,5.297440162964419e+38,5.263144191449034e+38,5.288660734047673e+38,44809454971.12097
2030-03-03,4.548775406119327e+38,4.561685639150896e+38,4.533731989528507e+38,4.553937647645195e+38,53068053526.46779
2030-03-04,5.003342078671004e+38,5.0047545249131226e+38,4.9770743580288585e+38,5.0042748504333175e+38,59636637026.00739
2030-03-05,6.6975627224185615e+38,6.715313678665651e+38,6.688647802592805e+38,6.71439212668954e+38,47372437523.76128
2030-03-06,1.0112764734873357e+39,1.0172862545785115e+39,1.0084487006822276e+39,1.0127031257498996e+39,48468265641.52683
2030-03-07,1.610406774366788e+39,1.626181458749207e+39,1.6021955258256567e+39,1.6115982364276933e+39,45616383017.99679
2030-03-08,1.2211065933610859e+39,1.2236748769068285e+39,1.2145132174463141e+39,1.2195605502444624e+39,52840565311.872086
2030-03-09,7.469253412612447e+38,7.48932999513666e+38,7.458129825839298e+38,7.467672601203296e+38,47658106966.80941
2030-03-10,4.569241584315121e+38,4.604069102823171e+38,4.547505853256326e+38,4.562525663959167e+38,53033931323.29154
2030-03-11,2.763330162523272e+38,2.7680195290291075e+38,2.739169826698466e+38,2.7677932579155707e+38,47097201136.19594
2030-03-12,1.6777478810339318e+38,1.6851642290241578e+38,1.6755235475874593e+38,1.6791068681610846e+38,50489895175.73993
2030-03-13,1.0166158233668672e+38,1.0236671839469307e+38,1.0145899681678803e+38,1.0186193142047516e+38,53092293126.2905
2030-03-14,6.188261088553061e+37,6.249610366785582e+37,6.174168515461209e+37,6.179053706500126e+37,51822901092.52271
2030-03-15,3.7753361184152063e+37,3.7830388844961044e+37,3.760407301331109e+37,3.7712413455255247e+37,51686846017.49113
2030-03-16,2.3362799786770708e+37,2.3604580576416047e+37,2.332940749544708e+37,2.3412907711597133e+37,45848455755.999
2030-03-17,1.5077142007972754e+37,1.5174083097982612e+37,1.5039163761618344e+37,1.5090954360021501e+37,53203038402.89252
2030-03-18,1.0213901446046291e+37,1.0227192539547447e+37,1.0190801444064739e+37,1.0215640136794039e+37,55083497917.310196
2030-03-19,7.783725196158513e+36,7.793571007849106e+36,7.765447838729915e+36,7.770597041901368e+36,49280723084.54529
2030-03-20,7.138955450636785e+36,7.189113217804644e+36,7.120286244261485e+36,7.148893642590247e+36,58129108348.458206
2030-03-21,8.210437697799729e+36,8.222643065715142e+36,8.187140997386456e+36,8.195406116530173e+36,53584395009.15543
2030-03-22,1.1008949485977717e+37,1.1042489108909197e+37,1.0973631809737323e+37,1.1041753413753562e+37,54734192530.610565
2030-03-23,1.6323817810969702e+37,1.6433405232826642e+37,1.629286644374708e+37,1.6336776629117335e+37,66928068057.12454
2030-03-24,1.0487116264929794e+37,1.0517756793310192e+37,1.0412133513174209e+37,1.049353298666992e+37,52551446972.98388
2030-03-25,6.45183004325271e+36,6.484398950533929e+36,6.432115723846964e+36,6.451170501697995e+36,53593351282.60899
2030-03-26,3.955996042325279e+36,3.9897206136049726e+36,3.9363479402092725e+36,3.9617371086399115e+36,42656537256.92083
2030-03-27,2.4545682148029305e+36,2.4830566873075267e+36,2.452112739156488e+36,2.4675895188124558e+36,56934749062.29602
2030-03-28,1.6559715480789033e+36,1.6562340792063749e+36,1.6468624347250008e+36,1.653331072960105e+36,46915511206.100624
2030-03-29,1.2396461790627894e+36,1.245405668470765e+36,1.2396331360009114e+36,1.2444792297866053e+36,54572873475.8725
2030-03-30,1.1461635627563679e+36,1.1538060273301425e+36,1.1414169191204025e+36,1.151807132581978e+36,44397229341.18827
2030-03-31,1.33245788971623e+36,1.3345189888688788e+36,1.32416491440329e+36,1.3318636072395595e+36,56408335768.09252
2030-04-01,1.8344844885868126e+36,1.8367595535110362e+36,1.825768847374253e+36,1.8345707380560623e+36,58051737125.08827
2030-04-02,2.73293085828463e+36,2.738003235275178e+36,2.724376828885818e+36,2.736955950197999e+36,50814192915.16324
2030-04-03,4.258350649095377e+36,4.286264944136036e+36,4.2522557155933445e+36,4.272330256457565e+36,49061742101.76075
2030-04-04,6.786473658913256e+36,6.834743341832371e+36,6.753768589648533e+36,6.807723597761429e+36,45757836478.3443
2030-04-05,1.1029531546924526e+37,1.1107883923488158e+37,1.091230457420236e+37,1.0950466075383066e+37,43796871877.30917
2030-04-06,1.7698404273091689e+37,1.7736368005480688e+37,1.7641296919140415e+37,1.768094238396006e+37,50965220171.869804
2030-04-07,1.9584251152720028e+37,1.9731719276752328e+37,1.9532933072063765e+37,1.9653759542904678e+37,54453594080.08303
2030-04-08,1.5026443908444294e+37,1.50365395154123e+37,1.5023671528749466e+37,1.5030673457040753e+37,52598752049.83935
2030-04-09,1.1439384326139678e+37,1.1444706575385242e+37,1.1412962606015834e+37,1.1424993847023226e+37,49854033312.5039
2030-04-10,8.751519135070977e+36,8.764871319841011e+36,8.691421312105642e+36,8.739931658532361e+36,52767188675.829575
2030-04-11,6.658833487669671e+36,6.671143066869619e+36,6.640005961999638e+36,6.660494384443236e+36,49700702175.214836
2030-04-12,5.078279098180051e+36,5.0898156110925484e+36,5.054426541251144e+36,5.076544636466219e+36,54405676591.84622
2030-04-13,3.4208200160189823e+36,3.436458377070781e+36,3.4139342936347786e+36,3.424234364932464e+36,65160587489.382996
2030-04-14,2.1628514697225206e+36,2.167346717786475e+36,2.1560451188713132e+36,2.1592965150753958e+36,51148911401.329315
2030-04-15,1.419137632271806e+36,1.42524218832885e+36,1.416723820237013e+36,1.4224110255406912e+36,43009982864.653244
2030-04-16,1.0340490217492605e+36,1.0409128972471929e+36,1.0281470392250837e+36,1.0301475779862489e+36,47036957682.649734
2030-04-17,8.903945770745956e+35,8.989944817258866e+35,8.880094906956168e+35,8.910268854929827e+35,49666313884.74107
2030-04-18,9.672318183392254e+35,9.678263463409053e+35,9.663004262095211e+35,9.677519000486239e+35,46355991356.334656
2030-04-19,1.0441858697741602e+36,1.0474464637499684e+36,1.0395366124123257e+36,1.0428617987807141e+36,49810848186.46925
2030-04-20,1.0912755404141876e+36,1.100109623516262e+36,1.088792888537486e+36,1.0926633346733722e+36,54919599955.998505
2030-04-21,1.3947687198003035e+36,1.4000329823863358e+36,1.3866150129692273e+36,1.394346859772195e+36,49329111227.05443
2030-04-22,2.1187205524856938e+36,2.120939524946666e+36,2.115325531570874e+36,2.11980977392418e+36,51880498563.46898
2030-04-23,3.278410860238493e+36,3.3000921372869e+36,3.254630177261363e+36,3.2760989063674544e+36,42065620975.237434
2030-04-24,5.128245825684021e+36,5.149992600431174e+36,5.087842753452202e+36,5.141754961331907e+36,44559175091.16514
2030-04-25,8.196574668366865e+36,8.197324026448649e+36,8.159233542047574e+36,8.166736863948687e+36,46275358500.70961
2030-04-26,1.304910526514143e+37,1.3089131496633112e+37,1.300976760379524e+37,1.3011188465399984e+37,46717342186.49916
2030-04-27,2.090487200443966e+37,2.092917582235931e+37,2.089898744735209e+37,2.0902621120873593e+37,47377229309.408516
2030-04-28,3.3770393295868475e+37,3.400103613126019e+37,3.3653059092409976e+37,3.3780781172969495e+37,49063203332.426674
2030-04-29,5.514261302095521e+37,5.517262965445183e+37,5.500068994830027e+37,5.510067181950986e+37,52970597739.96923
2030-04-30,9.049061059584145e+37,9.08676246627198e+37,9.008419868903734e+37,9.061650993599528e+37,51083664494.05838
2030-05-01,1.4952206116034016e+38,1.5057998397807887e+38,1.4917855472943613e+38,1.4940136740808493e+38,56007115896.66082
2030-05-02,2.46292603587953e+38,2.4689686872338995e+38,2.4550914850106988e+38,2.4630271932507328e+38,53777918882.005646
2030-05-03,4.042794497644485e+38,4.067598007402136e+38,4.019508037608525e+38,4.058742282911017e+38,50429230094.219055
2030-05-04,6.683135137529462e+38,6.6920207816155464e+38,6.643011375602907e+38,6.6917347341253915e+38,51785125230.604164
2030-05-05,1.1035124438881424e+39,1.1063761720341541e+39,1.0995062787094507e+39,1.1032805394035398e+39,55797812873.39862
2030-05-06,1.825578488968836e+39,1.8292517999849574e+39,1.8096460308885648e+39,1.819002092864127e+39,55767269277.74537
2030-05-07,3.0119165617610925e+39,3.017321155121677e+39,2.993276901434289e+39,2.998775725960551e+39,51552875110.56933
2030-05-08,4.93982485166026e+39,4.9488791181710415e+39,4.939290120556604e+39,4.943655556439186e+39,58439264600.288185
2030-05-09,8.151476158815373e+39,8.165605056839871e+39,8.09454595077009e+39,8.141291296482069e+39,47585742568.70031
2030-05-10,1.3425610014417313e+40,1.347996207331219e+40,1.3396768367921025e+40,1.3418613621888693e+40,54369689729.055725
2030-05-11,2.220413326254756e+40,2.22691059246192e+40,2.202740244892662e+40,2.212206064043016e+40,55429846614.747406
2030-05-12,3.6440811833249456e+40,3.644272958832332e+40,3.614305688906189e+40,3.642102528652883e+40,58414321177.97122
2030-05-13,5.990006740090406e+40,6.014197535048423e+40,5.975356706489508e+40,6.004811909060731e+40,51104795922.983345
2030-05-14,9.85863032049759e+40,9.889692338924963e+40,9.851130581049173e+40,9.884598044356981e+40,59299856139.0013
2030-05-15,1.6297901371037428e+41,1.631724385395686e+41,1.622955112991029e+41,1.6247927658795467e+41,57869885738.92257
2030-05-16,2.081649693105888e+41,2.0907652583202526e+41,2.079268707762434e+41,2.0826088728656144e+41,46889868862.13795
2030-05-17,1.9912312896965465e+41,2.0035669886420475e+41,1.989364472615437e+41,1.9931415851037224e+41,52009379364.55667
2030-05-18,2.004479107010037e+41,2.0192879516701022e+41,1.998318400435045e+41,2.0163561999404557e+41,49546668089.463326
2030-05-19,2.1764521553156385e+41,2.1802216776980922e+41,2.1708129974620707e+41,2.1801388801548442e+41,49732859771.88162
2030-05-20,2.5907814193652354e+41,2.5980376499699203e+41,2.5742642263427797e+41,2.5844723400910896e+41,46996697588.37784
2030-05-21,3.364093288251098e+41,3.3982801933012104e+41,3.3581512584973647e+41,3.3701330366600604e+41,58144266558.84623
2030-05-22,3.532101450044893e+41,3.54557856020932e+41,3.516792289713932e+41,3.53114647888223e+41,49686931800.00781
2030-05-23,3.0970106959037186e+41,3.1118488423790336e+41,3.0767864461481734e+41,3.092038703031629e+41,54769836766.64427
2030-05-24,2.680983267156544e+41,2.6839516022277327e+41,2.6777679313672833e+41,2.6826151337477724e+41,51583205388.86704
2030-05-25,2.3763259147595454e+41,2.3779210377235608e+41,2.3714875076732094e+41,2.3715708286182843e+41,44440683165.85078
2030-05-26,2.088584873247142e+41,2.1059644801826244e+41,2.083951976469449e+41,2.0943003046948475e+41,48889146946.80143
2030-05-27,1.848249844864432e+41,1.8494551783554855e+41,1.8464928196558904e+41,1.847876054062738e+41,51219584369.590126
2030-05-28,1.620120402473854e+41,1.6332416325251608e+41,1.608934954663738e+41,1.6179408706549419e+41,44997670457.57383
2030-05-29,1.4081173238145561e+41,1.4174080733368595e+41,1.4050112501342048e+41,1.4109118289905102e+41,47846296794.98764
2030-05-30,1.23842065239022e+41,1.2488655970698097e+41,1.2353612396582612e+41,1.240258896828542e+41,54298727095.177315
2030-05-31,1.0816618483529153e+41,1.0863870152625846e+41,1.0768830442101394e+41,1.081928239625413e+41,61473557827.29228
2030-06-01,9.430241541187455e+40,9.449667845359722e+40,9.391075745374746e+40,9.416393457626083e+40,48560046216.99525
2030-06-02,8.313906258643615e+40,8.3529551748265945e+40,8.256228848237294e+40,8.303227370576707e+40,52759480414.71176
2030-06-03,7.196043681867414e+40,7.239623940676239e+40,7.192989267051103e+40,7.209180835014219e+40,40582639377.71988
2030-06-04,9.431817807025717e+40,9.47681304046448e+40,9.373000436544072e+40,9.44150951766639e+40,49473893808.951805
2030-06-05,1.5404625972769158e+41,1.5485554178421953e+41,1.5275548837824235e+41,1.5454606199989342e+41,53236351749.43802
2030-06-06,2.248512863031889e+41,2.2516965577934017e+41,2.2196122515653262e+41,2.2462017458439585e+41,53997237105.21453
2030-06-07,2.9293869884639046e+41,2.9443021772867143e+41,2.9242207170881554e+41,2.9304856298686866e+41,59598354031.40532
2030-06-08,4.375937114828586e+41,4.427565237067629e+41,4.3642506160354735e+41,4.3812126426750414e+41,54194063205.14443
2030-06-09,5.894190074016784e+41,5.905093573476905e+41,5.838489841067016e+41,5.8903035756506845e+41,54547327383.82227
2030-06-10,6.115816134101004e+41,6.167911965008699e+41,6.091153915910988e+41,6.123969066079691e+41,53487920949.78548
2030-06-11,6.5412862137188084e+41,6.5640504028282445e+41,6.511102413582417e+41,6.538060943440495e+41,52866433118.25791
2030-06-12,7.272839724768083e+41,7.286252503465722e+41,7.229966195568172e+41,7.264514591788325e+41,47966243475.28808
2030-06-13,6.181084200786541e+41,6.1948729453336065e+41,6.170705740997568e+41,6.17283386386054e+41,58005950928.51223
2030-06-14,4.988348521929822e+41,5.018683132342092e+41,4.9873648606294894e+41,4.995237102012226e+41,56781789652.26154
2030-06-15,4.1610819435856895e+41,4.168091034271493e+41,4.132887220415231e+41,4.1608162849279414e+41,57918970278.87725
2030-06-16,3.931566792494923e+41,3.934532201165543e+41,3.91690642176981e+41,3.922239113944715e+41,49916902922.32825
2030-06-17,4.546837115819085e+41,4.579059183038029e+41,4.539411749687201e+41,4.559723019061269e+41,52588500064.32482
2030-06-18,5.740901599187813e+41,5.7410427331992556e+41,5.7155955860691865e+41,5.7233304529503616e+41,53911512669.07897
2030-06-19,7.727309984107867e+41,7.754060533796323e+41,7.684628415577429e+41,7.738747862495993e+41,45824476862.20625
2030-06-20,5.884178106063547e+41,5.9364057987084954e+41,5.856793881997192e+41,5.892020672121214e+41,44465102969.24395
2030-06-21,4.316657399725197e+41,4.33145377665199e+41,4.311022726511477e+41,4.324515750144199e+41,48023712948.06508
2030-06-22,3.3121557658359083e+41,3.323469492963591e+41,3.301526211873266e+41,3.31613578897462e+41,56738296199.03752
2030-06-23,2.641897789686338e+41,2.659726862130867e+41,2.6214933041264735e+41,2.651925437935112e+41,49267535709.65242
2030-06-24,2.1927836946318246e+41,2.2080622474926156e+41,2.192400153756566e+41,2.2012745861452917e+41,53325185770.20575
2030-06-25,1.8810224246650278e+41,1.8916078529567983e+41,1.879454875145167e+41,1.8838517714494036e+41,54626716114.79039
2030-06-26,1.6423835434726925e+41,1.6545949675826e+41,1.6398329793581645e+41,1.6489002888380381e+41,51593022697.13592
2030-06-27,1.6069035055221463e+41,1.6123991754525543e+41,1.6016031278218143e+41,1.602449740304418e+41,51393806523.161095
2030-06-28,1.6702882823132245e+41,1.6767163761440221e+41,1.6685960821313813e+41,1.6741467149458446e+41,57475403587.893234
2030-06-29,1.8525658054177517e+41,1.8689581294665343e+41,1.8428463644211393e+41,1.8562007666688716e+41,46283676282.52881
2030-06-30,2.227948711884148e+41,2.2292437336937217e+41,2.2104224745341634e+41,2.214586571342117e+41,58849054077.935005
2030-07-01,3.637350824004649e+41,3.650578716175734e+41,3.625704352572576e+41,3.644790587807431e+41,51567613409.80054
2030-07-02,6.006695785056832e+41,6.069028805597305e+41,6.003476992835156e+41,6.009243769365735e+41,50704652871.71079
2030-07-03,9.94373869688306e+41,1.004997162958546e+42,9.899103041772032e+41,9.906187982136803e+41,56550051697.04015
2030-07-04,1.6294038579835788e+42,1.638629050358537e+42,1.6255005809719316e+42,1.631690318419093e+42,59419412774.77236
2030-07-05,2.693421546807394e+42,2.6983686905955804e+42,2.6798093458077816e+42,2.684608969005867e+42,49566081055.338005
2030-07-06,4.407827956267168e+42,4.4175488014746134e+42,4.391969030238964e+42,4.407199164154644e+42,60318733153.25256
2030-07-07,7.247295601445691e+42,7.29195500289248e+42,7.243483065717673e+42,7.243719821493918e+42,55539949301.40973
2030-07-08,1.190895085991206e+43,1.1934220469301036e+43,1.1862944566247648e+43,1.192321738070316e+43,49391876486.216835
2030-07-09,1.961137588370708e+43,1.96891441025826e+43,1.9497931551553712e+43,1.9627139588686932e+43,50292923160.08594
2030-07-10,3.237017173784245e+43,3.2443028607196473e+43,3.2081347190650524e+43,3.2359682522868705e+43,47231451411.44042
2030-07-11,5.351177441369225e+43,5.366396141955383e+43,5.307442861708949e+43,5.330223116686177e+43,53021148810.04879
2030-07-12,8.786548489608397e+43,8.804243808577649e+43,8.778529497261735e+43,8.783636200177496e+43,50210237274.51045
2030-07-13,1.012468471830467e+44,1.0135483064206228e+44,1.0011903594240965e+44,1.0075277852560666e+44,52231050050.588165
2030-07-14,1.3631116791735612e+44,1.364085477292497e+44,1.360145550656035e+44,1.3612143101471014e+44,47225738436.27847
2030-07-15,2.153512656272938e+44,2.154181172656229e+44,2.1532003193221776e+44,2.1535498274304732e+44,53983271207.29686
2030-07-16,3.541168891689949e+44,3.5560263646709234e+44,3.5352647271176526e+44,3.5506034079972118e+44,54814470035.21379
2030-07-17,3.7689104626293054e+44,3.779297072915902e+44,3.764240605172163e+44,3.767098227312377e+44,53019535532.56329
2030-07-18,3.425122650740668e+44,3.4387371142856615e+44,3.4132225140713658e+44,3.4184965203009292e+44,59541051989.08772
2030-07-19,3.4616800569141995e+44,3.467718738872063e+44,3.448490656701352e+44,3.457933557597369e+44,56597048901.787186
2030-07-20,4.026897213315976e+44,4.037231345686069e+44,3.984135553005714e+44,4.0002829864510845e+44,54575403710.37634
2030-07-21,5.266921250159423e+44,5.278767981588285e+44,5.252409944593668e+44,5.268257065753204e+44,46144685951.82025
2030-07-22,7.644772675945866e+44,7.655092748557894e+44,7.631203476959636e+44,7.651922142721225e+44,46206232293.37981
2030-07-23,1.1791705369592642e+45,1.1798770647085856e+45,1.1777692500669162e+45,1.1798401452752422e+45,53133389795.16498
2030-07-24,1.897920367458876e+45,1.8982755113332577e+45,1.8912213830093237e+45,1.8956463777993593e+45,49696095802.39036
2030-07-25,3.127338580767383e+45,3.130104412566459e+45,3.106281526008123e+45,3.124911611281874e+45,50793865097.76309
2030-07-26,5.138773479374752e+45,5.152961381478369e+45,5.1379092161482155e+45,5.151494666684128e+45,58677628611.878716
2030-07-27,8.520534592631509e+45,8.607801518196266e+45,8.445333354419959e+45,8.492202460082601e+45,45661819318.22225
2030-07-28,1.392842196858609e+46,1.4162817552461006e+46,1.3911080804809328e+46,1.4001274831030143e+46,42750841544.015396
2030-07-29,2.304312321010462e+46,2.310646804399217e+46,2.292269107312301e+46,2.308419963083773e+46,48553402110.936104
2030-07-30,3.8096989532573715e+46,3.822917927440616e+46,3.793955175259519e+46,3.7958672910443675e+46,50820062592.4635
2030-07-31,6.242599128782222e+46,6.259131279808695e+46,6.238285963063855e+46,6.257384638046576e+46,44612738033.52713
2030-08-01,1.029710816646999e+47,1.0363172518026308e+47,1.0219573746813296e+47,1.031491251037151e+47,48013467766.9625
2030-08-02,1.697671598307631e+47,1.7011263873694382e+47,1.6912071856843606e+47,1.700563581842355e+47,56621553626.29531
2030-08-03,2.800869206342149e+47,2.8096685176603206e+47,2.797819281760308e+47,2.8035420333559968e+47,54910523852.805824
2030-08-04,4.6323566163063695e+47,4.649996284771558e+47,4.585338446536105e+47,4.621802689459802e+47,61205692069.549
2030-08-05,7.60531349034971e+47,7.628911680044156e+47,7.586211710510505e+47,7.620064403091432e+47,50330561031.47107
2030-08-06,1.2569645861888964e+48,1.2575158450424382e+48,1.2540510455454479e+48,1.2545048216384867e+48,44960410877.04592
2030-08-07,1.1641752745433115e+48,1.169209481611951e+48,1.1537809081032259e+48,1.1586407845776608e+48,49127801975.508644
2030-08-08,1.0100319720034958e+48,1.0120303738463615e+48,1.0030241816963816e+48,1.0071078676360024e+48,49016719658.31412
2030-08-09,8.478239167364129e+47,8.480929143524813e+47,8.477503846583519e+47,8.480212065430295e+47,46349676265.62106
2030-08-10,7.412364045748213e+47,7.424171549051853e+47,7.327384432299825e+47,7.37706075557426e+47,51835539493.022285
2030-08-11,7.910633253154046e+47,7.932670940084642e+47,7.865729113090433e+47,7.916756696568868e+47,63350755204.574776
2030-08-12,1.2598396679956357e+48,1.2634228332795189e+48,1.2529502972775859e+48,1.2572934884947077e+48,52085231097.66626
2030-08-13,2.078926937004948e+48,2.08182312840167e+48,2.0548363618995125e+48,2.0729265179939918e+48,53560441007.022644
2030-08-14,3.4165299476662056e+48,3.422975772437005e+48,3.400959920622948e+48,3.408391035851498e+48,54312353855.06055
2030-08-15,5.6241849556699226e+48,5.625061589459946e+48,5.5762739010324695e+48,5.619486799672007e+48,51228277247.79919
2030-08-16,5.982221123279776e+48,6.011267024530232e+48,5.949822221894559e+48,5.996260296559401e+48,57005831222.87452
2030-08-17,6.547351948433859e+48,6.581997457790997e+48,6.53284160292085e+48,6.55379274990217e+48,51064089253.71646
2030-08-18,8.730886706068531e+48,8.734894997958149e+48,8.695176148748109e+48,8.727253974358602e+48,57686089896.18213
2030-08-19,1.3101134939395356e+49,1.3123743450402413e+49,1.302393423704753e+49,1.3070436491333084e+49,51948453542.766205
2030-08-20,2.0687862328186873e+49,2.0826755603300012e+49,2.059298198379939e+49,2.0695917686536468e+49,51384205473.65217
2030-08-21,3.356335284247144e+49,3.371461980357105e+49,3.336672774679229e+49,3.353805323341545e+49,47598342779.023254
2030-08-22,5.493008276718411e+49,5.516543961500021e+49,5.462702120509848e+49,5.486418336289059e+49,45374390293.335815
2030-08-23,9.019264855571158e+49,9.059956493529602e+49,9.006665713522267e+49,9.024595924179448e+49,51661095356.40656
2030-08-24,1.487278233619958e+50,1.49284552056991e+50,1.485182756521962e+50,1.48696875582621e+50,55367031037.83855
2030-08-25,1.945852593704761e+50,1.9540091534947865e+50,1.945820693428447e+50,1.9503799021873148e+50,59404785667.655754
2030-08-26,1.7583875429639292e+50,1.7758060533170055e+50,1.7532414237121037e+50,1.7609273538331439e+50,57273959360.03769
2030-08-27,1.5980258860947816e+50,1.6010554659337019e+50,1.5894695195176273e+50,1.5948596866281834e+50,59249585969.41856
2030-08-28,1.4529410173518673e+50,1.4584197031594366e+50,1.437834249948451e+50,1.4453454410564357e+50,47727154997.70564
2030-08-29,1.3082210663781861e+50,1.314088074950516e+50,1.3079195756941356e+50,1.3123337151720153e+50,51552777457.83574
2030-08-30,9.465502680160845e+49,9.471248798143487e+49,9.42933761976781e+49,9.451209796367125e+49,56003016988.30902
2030-08-31,5.883233530438504e+49,5.91598951060962e+49,5.867564428768924e+49,5.889378965840962e+49,56488568801.742455
2030-09-01,3.7910919551596376e+49,3.8080404766982096e+49,3.7873376327735263e+49,3.80366217643101e+49,54382251633.71895
2030-09-02,2.6892882865178704e+49,2.701608939765447e+49,2.673496910553579e+49,2.692494940128246e+49,47619830632.60344
2030-09-03,2.2753875243947974e+49,2.291082277585642e+49,2.2584497359166966e+49,2.2679087754641845e+49,54955672308.34108
2030-09-04,1.9639443373163478e+49,1.973611825853584e+49,1.953624213883293e+49,1.9653814108799286e+49,57592657604.76001
2030-09-05,1.2492235972598993e+49,1.2537379338900407e+49,1.237081246876482e+49,1.2449191179536573e+49,53895115775.341446
2030-09-06,1.211695510982929e+49,1.2147729778919933e+49,1.2064579490464141e+49,1.209462439854851e+49,51423520411.90525
2030-09-07,1.6207760455643058e+49,1.6333898212355796e+49,1.618794734937678e+49,1.6260051425261315e+49,56699694312.55489
2030-09-08,2.3918242362895947e+49,2.407504476453272e+49,2.3796733202671484e+49,2.3819020009571927e+49,54129618423.02607
2030-09-09,3.489377917508817e+49,3.5074418853967103e+49,3.4839690145694647e+49,3.505583613042382e+49,60411712850.48488
2030-09-10,5.382823612157643e+49,5.384961281240754e+49,5.33699621572389e+49,5.364881134288642e+49,54164548278.32496
2030-09-11,6.113779073050559e+49,6.164383505056081e+49,6.069615412449426e+49,6.11534372948698e+49,51053501184.44264
2030-09-12,7.557143108513955e+49,7.576077128883301e+49,7.526150445029014e+49,7.554996823233698e+49,49815114182.64642
2030-09-13,1.1635262201134829e+50,1.1726117062559864e+50,1.1591219666473979e+50,1.1687689421318394e+50,61250220874.42778
2030-09-14,1.8394240029458413e+50,1.844000674391848e+50,1.8200377591387728e+50,1.827264755494184e+50,39836681387.89884
2030-09-15,2.860156892660726e+50,2.865114488648199e+50,2.8589734641505385e+50,2.8642871278442633e+50,60557338247.40344
2030-09-16,2.552503415900556e+50,2.5659699953294897e+50,2.5419008583928987e+50,2.561409004709462e+50,53907645506.87692
2030-09-17,2.459306310018756e+50,2.4609646705854343e+50,2.4528638324720276e+50,2.4572122552772477e+50,56033298221.764854
2030-09-18,2.7036472034365157e+50,2.7051691544590882e+50,2.7031246722649345e+50,2.7034142110833503e+50,48275013155.19354
2030-09-19,3.5375066309296236e+50,3.5435943264957337e+50,3.513793535120867e+50,3.532759276209958e+50,62348956030.51884
2030-09-20,5.065293466981e+50,5.095495885289182e+50,5.061044771882644e+50,5.066931098339296e+50,53003877721.49588
2030-09-21,7.308904445884319e+50,7.33180314013197e+50,7.262420299328152e+50,7.2705152955084995e+50,57587475284.98887
2030-09-22,1.0382895840472727e+51,1.0509685793548271e+51,1.0335115546141146e+51,1.042880502936468e+51,47682055233.36896
2030-09-23,1.5138205190453944e+51,1.5260265916249298e+51,1.5091995358268468e+51,1.510440967563966e+51,49745521019.65051
2030-09-24,2.2131567094285578e+51,2.2158568049193278e+51,2.1976009505489677e+51,2.214124753824937e+51,59041168426.06171
2030-09-25,3.3020169186110924e+51,3.3056131742078766e+51,3.294550357389516e+51,3.302417488223103e+51,44954058090.689606
2030-09-26,4.939764658094436e+51,4.9642133813875934e+51,4.933797434471174e+51,4.938691071487579e+51,54788927617.41527
2030-09-27,7.401788201200359e+51,7.409789085194595e+51,7.368022508992674e+51,7.384660433090832e+51,53596978527.337585
2030-09-28,1.1087703066555206e+52,1.1159612762743477e+52,1.10371315632821e+52,1.1116356957897351e+52,51078607479.8616
2030-09-29,1.6819284779621758e+52,1.6870642416240187e+52,1.6788598752542594e+52,1.6860260722965384e+52,53323020609.231995
2030-09-30,2.5813924983855585e+52,2.585080389043869e+52,2.5811880499869407e+52,2.5838140413664925e+52,50309859917.44611
2030-10-01,3.9782657286845386e+52,3.981871922226052e+52,3.974867345161417e+52,3.9763808751573395e+52,56116867253.418686
2030-10-02,3.6748255184051273e+52,3.680617355167128e+52,3.646082640588505e+52,3.6692048186182275e+52,50281650303.785034
2030-10-03,4.0096870463088775e+52,4.049248656873373e+52,3.9792996989830627e+52,4.025756247082644e+52,49055309353.2784
2030-10-04,4.967432890761698e+52,4.98500027098788e+52,4.957064322382927e+52,4.967264353754435e+52,53697025206.50486
2030-10-05,6.584281039265307e+52,6.615548041667863e+52,6.533499059804603e+52,6.58259059916004e+52,52009936238.4068
2030-10-06,9.019661725804113e+52,9.10644991646889e+52,8.943904491801309e+52,9.010316116345835e+52,53564972124.832695
2030-10-07,1.0847364306078052e+53,1.0908924611416286e+53,1.0768088695305158e+53,1.082516518595915e+53,49537402886.37857
2030-10-08,8.721057883110549e+52,8.752200199269144e+52,8.680567282335512e+52,8.705034904320389e+52,57485277918.62873
2030-10-09,7.002358032254332e+52,7.061660871131809e+52,6.982108862189267e+52,7.040573326913109e+52,55927901971.848816
2030-10-10,5.673000062637907e+52,5.686836884759457e+52,5.66595876524254e+52,5.683791841948807e+52,52688611815.462296
2030-10-11,4.554285426135192e+52,4.57518985347936e+52,4.5405596259466295e+52,4.560550061760784e+52,56496279197.86906
2030-10-12,3.663103531627992e+52,3.663187088998546e+52,3.6520218450379413e+52,3.65750514687624e+52,47073350193.856544
2030-10-13,2.949104340426414e+52,2.949238639287133e+52,2.925574143440809e+52,2.9411825902942354e+52,54002739719.217125
2030-10-14,2.3796851968427187e+52,2.3897667314770816e+52,2.368513267311598e+52,2.3843686497938096e+52,47709474909.11307
2030-10-15,1.9517853434579253e+52,1.9606880925727966e+52,1.9352063360051852e+52,1.9559782647634217e+52,47679841298.554596
2030-10-16,1.6419209944383807e+52,1.650742274593451e+52,1.6336079374871186e+52,1.637175059122629e+52,49593914454.69604
2030-10-17,1.4359267920893902e+52,1.4376184543885017e+52,1.4243709605077015e+52,1.429102472427827e+52,40473613928.098404
2030-10-18,1.3280225866914592e+52,1.3400656335839732e+52,1.3243753393949487e+52,1.3378191304893442e+52,55610819711.87517
2030-10-19,1.397698397442108e+52,1.402890917149959e+52,1.395423535702022e+52,1.3990378945924888e+52,54802231653.194046
2030-10-20,1.6723884410715832e+52,1.6755702340452754e+52,1.663313116925279e+52,1.669569015551952e+52,44296192814.275154
2030-10-21,2.2462966754001432e+52,2.2671583446068554e+52,2.246183202377187e+52,2.2466001528467225e+52,49008628595.5385
2030-10-22,3.2948674977900035e+52,3.313709295066239e+52,3.282379974754067e+52,3.3030308671948617e+52,48018961444.36051
2030-10-23,5.115926812507625e+52,5.138876560152264e+52,5.09063383645003e+52,5.129582507785729e+52,47292252249.93646
2030-10-24,8.224700544082344e+52,8.259424640885397e+52,8.206035369607837e+52,8.210633652166931e+52,42732185743.85403
2030-10-25,1.335902414235487e+53,1.3396660318372252e+53,1.3337748018590941e+53,1.3343196902921665e+53,47090621926.03897
2030-10-26,2.1839895996834678e+53,2.1847541150685518e+53,2.173264750221761e+53,2.179802975846084e+53,59675465976.03339
2030-10-27,3.5405367793265258e+53,3.574663127262435e+53,3.538488677775092e+53,3.5673626846842077e+53,48437206463.862976
2030-10-28,5.831143673361195e+53,5.887692049178499e+53,5.81525003961021e+53,5.850819752978778e+53,59843382058.85073
2030-10-29,9.520739251011224e+53,9.539449449717566e+53,9.504002192840876e+53,9.516427399263672e+53,51378475009.34388
2030-10-30,1.5577990354384962e+54,1.5581909530466227e+54,1.5403776926184248e+54,1.551416570308282e+54,50500355955.62126
2030-10-31,2.5079239968011962e+54,2.5273374548259765e+54,2.4963979656504118e+54,2.5219533013911314e+54,50242099327.01454
2030-11-01,4.111899059249107e+54,4.1250845172498486e+54,4.078916497111024e+54,4.098842231534944e+54,54633014649.82552
2030-11-02,6.667142418963266e+54,6.675304559356227e+54,6.631616412516348e+54,6.652082917917114e+54,45987017009.96901
2030-11-03,1.0871992920487397e+55,1.0881443157881476e+55,1.0805667851577611e+55,1.0869934238744e+55,48272385863.02737
2030-11-04,1.7899560237061008e+55,1.7983277529381689e+55,1.773285407539237e+55,1.7838343344014745e+55,56136527186.257126
2030-11-05,2.9259944571044277e+55,2.943842383918617e+55,2.917923898040332e+55,2.92393553914364e+55,52060327140.39527
2030-11-06,4.8000010791111545e+55,4.8244540939756127e+55,4.7745283933903773e+55,4.8089752746750915e+55,42251568271.429665
2030-11-07,7.921751295730661e+55,7.956208730776583e+55,7.908032134031815e+55,7.928653544981682e+55,49398838370.577385
2030-11-08,1.305944108183608e+56,1.3139153359815454e+56,1.3014086330258922e+56,1.3072134965239114e+56,52229859208.20865
2030-11-09,2.1521120668114887e+56,2.172905759263646e+56,2.132939354433014e+56,2.1552306244175806e+56,47188372649.41904
2030-11-10,3.5506498134462097e+56,3.554214422891503e+56,3.5229963171786554e+56,3.5533745737415843e+56,58827526687.90635
2030-11-11,5.85383381517574e+56,5.864309494022018e+56,5.8290728267315605e+56,5.858524242492751e+56,45822989942.68432
2030-11-12,9.68554552749111e+56,9.697217988276855e+56,9.617155965493912e+56,9.659073533510155e+56,52169319015.16825
2030-11-13,1.5979236548791167e+57,1.6022006080879947e+57,1.5862683638348674e+57,1.5925119989954836e+57,50787464266.51298
2030-11-14,2.6393702192227502e+57,2.650400359434024e+57,2.6229502922191966e+57,2.6256084064831572e+57,55062316168.516884
2030-11-15,4.350683183704063e+57,4.360133130221695e+57,4.2998539680772944e+57,4.32889642829785e+57,47668835336.31585
2030-11-16,7.169961671851992e+57,7.202107850142214e+57,7.102936744679383e+57,7.137143619992476e+57,49306088519.04106
2030-11-17,1.1738271070782755e+58,1.1818325304242236e+58,1.1715702039454983e+58,1.1767160485848268e+58,50441166884.281876
2030-11-18,1.9397453950424326e+58,1.9425304747994887e+58,1.9264030820269253e+58,1.9400767788760098e+58,52554984681.20002
2030-11-19,3.2120361687008646e+58,3.220841764206809e+58,3.188270580386928e+58,3.1986458497839554e+58,50519740780.26316
2030-11-20,5.266034564356239e+58,5.309406753308275e+58,5.251734781218662e+58,5.265866346585818e+58,52997102493.801346
2030-11-21,8.634837421490156e+58,8.677487682886087e+58,8.612001039065652e+58,8.654811720034155e+58,58011909796.44392
2030-11-22,1.419454337979902e+59,1.4280393562020415e+59,1.402050075943641e+59,1.4238532458528186e+59,54180148596.450226
2030-11-23,2.3406371075236157e+59,2.355637074595275e+59,2.338560334874358e+59,2.3433380720895637e+59,56890399546.202034
2030-11-24,3.865832516863025e+59,3.8675304503647385e+59,3.8562414190418025e+59,3.8635113238954937e+59,52297638134.125946
2030-11-25,6.359105618403246e+59,6.427286463758523e+59,6.333067242535076e+59,6.369853299297314e+59,58871822418.999855
2030-11-26,1.0435326651990562e+60,1.0503320996982715e+60,1.0404655296808786e+60,1.0472357732940512e+60,49181108529.973076
2030-11-27,1.721634925716887e+60,1.7297323197754047e+60,1.711501966987348e+60,1.7157993264666767e+60,43656182936.96254
2030-11-28,2.8281230888280656e+60,2.8458745138711533e+60,2.8179918878953404e+60,2.8258749774022942e+60,58978696325.62222
2030-11-29,4.6717921158610456e+60,4.722570960581697e+60,4.638105804446333e+60,4.659080180901923e+60,55297336873.36064
2030-11-30,7.692141712918674e+60,7.696705581514806e+60,7.640255775355886e+60,7.681524596150403e+60,59030282179.680466
2030-12-01,1.2656044696148565e+61,1.268471355308303e+61,1.2608242017366784e+61,1.2661458747264043e+61,49243312352.19932
2030-12-02,1.8313141281975126e+61,1.8315011855101986e+61,1.8247690904471165e+61,1.8314193784711964e+61,50737150331.47311
2030-12-03,2.6020081495873314e+61,2.6112253908348015e+61,2.590562471442104e+61,2.5990419569058895e+61,53334086938.21665
2030-12-04,3.693100317120788e+61,3.704680008468308e+61,3.691351613072063e+61,3.701785965456926e+61,50280376844.0746
2030-12-05,5.291629343136061e+61,5.321853687123799e+61,5.285361122554765e+61,5.307777875990556e+61,59120579770.760086
2030-12-06,7.648441039593592e+61,7.6577580878312e+61,7.593712351834026e+61,7.636908211206425e+61,51411153478.28797
2030-12-07,1.1019566344481324e+62,1.1047609319218894e+62,1.096459054691558e+62,1.099989694987891e+62,53113873385.73761
2030-12-08,1.5785834363207033e+62,1.5905646448478295e+62,1.5585700637176585e+62,1.577808102030798e+62,51998562863.25272
2030-12-09,2.2685273905097368e+62,2.2800910778663967e+62,2.2659056366762783e+62,2.2694716354890873e+62,43735767406.522194
2030-12-10,3.255895975049206e+62,3.270048321840903e+62,3.2517527216246193e+62,3.2597781540677624e+62,59326404333.05353
2030-12-11,4.688267974949054e+62,4.708570740238474e+62,4.671597423018379e+62,4.68753636602996e+62,57850975098.73469
2030-12-12,6.749898225363262e+62,6.764069013757556e+62,6.721286205509985e+62,6.741642300186826e+62,49592084206.60642
2030-12-13,9.779532925998107e+62,9.77961096151938e+62,9.707542418134533e+62,9.743564542362248e+62,55518629371.00332
2030-12-14,1.4123353166033369e+63,1.4176223920693452e+63,1.409592218516317e+63,1.410728087037053e+63,51991177430.491905
2030-12-15,2.050736952727562e+63,2.0538657926741854e+63,2.0459582556258033e+63,2.0501755389259813e+63,50443967612.796616
2030-12-16,3.1056265127588243e+63,3.109894085913431e+63,3.094741101804588e+63,3.1002466607929e+63,51471790735.08707
2030-12-17,4.7517878801075956e+63,4.7561927738157745e+63,4.744652928726723e+63,4.745470495892998e+63,48776342434.39327
2030-12-18,7.256384266966679e+63,7.296910530965942e+63,7.221703654631836e+63,7.250509008991184e+63,50651791361.1492
2030-12-19,1.1077336938236955e+64,1.1170368496039583e+64,1.1043817650953008e+64,1.1107323151391932e+64,52009411607.17585
2030-12-20,1.7097903329681536e+64,1.7128246198857824e+64,1.7000239813704664e+64,1.7055305470185866e+64,62334068325.882706
2030-12-21,2.6379282422135505e+64,2.6471503813130504e+64,2.6185689749795846e+64,2.6323481326147224e+64,53331030757.4482
2030-12-22,4.038503475869088e+64,4.074373501020028e+64,4.02285550453558e+64,4.059744949410417e+64,36380236028.06878
2030-12-23,6.151695522535009e+64,6.193596140380838e+64,6.146238552905069e+64,6.174456108536719e+64,51435524432.58063
2030-12-24,9.473385210626063e+64,9.510448954395273e+64,9.431486400645443e+64,9.457220215764955e+64,42524217865.40515
2030-12-25,1.458488103026534e+65,1.467879879557965e+65,1.4506159185841784e+65,1.4534615360751626e+65,64601083422.92239
2030-12-26,2.236163463440664e+65,2.2450918335888257e+65,2.2184712981328107e+65,2.2330790815026456e+65,53844235825.211586
2030-12-27,3.447366054471307e+65,3.475983213521667e+65,3.4362793332708063e+65,3.4570205521309006e+65,55684702537.862305
2030-12-28,5.3156521698821e+65,5.3740330345649365e+65,5.288716965175454e+65,5.317294712918855e+65,41927385072.54832
2030-12-29,8.249239611757017e+65,8.259383179653464e+65,8.174892317194173e+65,8.243200479415209e+65,58993144257.707855
2030-12-30,1.2843943829632126e+66,1.2883091335012177e+66,1.2810671859516974e+66,1.2871923488676057e+66,56422015527.16114
2030-12-31,2.0196046751908585e+66,2.021957088290224e+66,2.003715396047631e+66,2.0107097484198115e+66,56313746656.86098
2031-01-01,3.149412619951703e+66,3.156845539041586e+66,3.119758823776275e+66,3.1451024378549795e+66,49566281379.57724
2031-01-02,4.917264508625418e+66,4.94233932949742e+66,4.892274632286557e+66,4.9134349494075304e+66,50821660297.36686
2031-01-03,7.715127968958234e+66,7.726506408662987e+66,7.660754708944941e+66,7.700941133011445e+66,50186706758.37845
2031-01-04,1.210704473615478e+67,1.2149530565765516e+67,1.2036040720280587e+67,1.2085399980149902e+67,58251549879.00201
2031-01-05,1.910651440250002e+67,1.912915028472041e+67,1.8888339506675423e+67,1.901785970583965e+67,63714076989.008965
2031-01-06,2.9908871262664047e+67,3.0082829481308217e+67,2.988301051879791e+67,3.000930043332391e+67,58727382904.89003
2031-01-07,4.7764563249177397e+67,4.788786940216662e+67,4.728291775127831e+67,4.753287033568432e+67,50399962732.18408
2031-01-08,7.531809594627978e+67,7.54929659305217e+67,7.496820474324246e+67,7.530963671381808e+67,55364400052.382286
2031-01-09,1.1910987263108937e+68,1.1963162663631195e+68,1.1831408535450968e+68,1.1951311620643424e+68,48850641376.51363
2031-01-10,1.891333381248209e+68,1.9056177676701262e+68,1.889215055106133e+68,1.8943229880020658e+68,53630841796.61289
2031-01-11,3.0086662114681543e+68,3.029547955754196e+68,2.988139188331847e+68,3.0099447794578455e+68,58831140473.25269
2031-01-12,4.777040361430938e+68,4.800160365866285e+68,4.768237244517472e+68,4.779731183251392e+68,50837589893.34826
2031-01-13,7.654099628708779e+68,7.678695897223817e+68,7.600831768810733e+68,7.613593174858695e+68,50686578866.735954
2031-01-14,1.2192546544355532e+69,1.2258587116164374e+69,1.2128770069509327e+69,1.221880749908017e+69,53154633877.42205
2031-01-15,1.9665019538935572e+69,1.9716868689678227e+69,1.9582961134475476e+69,1.9625998840890945e+69,46022528829.31766
2031-01-16,1.8955505592787807e+69,1.908239165345685e+69,1.885610231651238e+69,1.8996175032553692e+69,43849816734.01823
2031-01-17,1.1605125503205598e+69,1.1662923700907336e+69,1.15185824799902e+69,1.160376542050555e+69,52366776047.693
2031-01-18,7.079802637079328e+68,7.109453463227206e+68,7.070124732826514e+68,7.075535651643657e+68,52183304961.16064
2031-01-19,4.3074060839763785e+68,4.315921021828183e+68,4.281564327207653e+68,4.314808882045707e+68,45944849857.427025
2031-01-20,2.635127791304427e+68,2.6481189442360445e+68,2.6223715506924757e+68,2.634904755154433e+68,52148905547.986534
2031-01-21,1.6045488415349335e+68,1.615064254027974e+68,1.5959567192890665e+68,1.6083448888721798e+68,51493507674.57043
2031-01-22,9.83807043550865e+67,9.87412339008108e+67,9.822676643252543e+67,9.834434125252355e+67,53103530897.87443
2031-01-23,6.126764364327386e+67,6.136609278761344e+67,6.069262738227184e+67,6.10209917960213e+67,46961132126.54636
2031-01-24,3.847306805710613e+67,3.876986498862074e+67,3.8339990756409305e+67,3.8416828733179366e+67,51230156180.63192
2031-01-25,2.5032221306392993e+67,2.5203718306386432e+67,2.502777851335179e+67,2.513486566432152e+67,54619276646.470764
2031-01-26,1.8043582212026212e+67,1.8150317237718867e+67,1.8028143498915828e+67,1.8037857547981227e+67,52360367905.37807
2031-01-27,1.5633598341848964e+67,1.566519229269016e+67,1.5590229461503143e+67,1.559093924354181e+67,51628298084.961845
2031-01-28,1.6913923198606705e+67,1.704793605950814e+67,1.6888277255621244e+67,1.6917769527619463e+67,55316100855.383766
2031-01-29,2.2433865566187614e+67,2.2515771327921432e+67,2.2335740235235793e+67,2.2412977882059392e+67,56363632204.03833
2031-01-30,3.507745959417433e+67,3.514689171715096e+67,3.488806110867876e+67,3.512367751142367e+67,46113225632.29935
2031-01-31,5.701829662253924e+67,5.755749030450161e+67,5.694210746092827e+67,5.710005865324985e+67,51551811758.389275
2031-02-01,9.317306038300051e+67,9.335518936718246e+67,9.25852655303641e+67,9.306843655136196e+67,53522510192.588326
2031-02-02,1.5187091178636429e+68,1.5301650096988774e+68,1.5078671559971663e+68,1.517757171262813e+68,69603267724.58804
2031-02-03,2.4776085402977996e+68,2.4794175963972097e+68,2.4690761789294947e+68,2.4766751320659474e+68,49812884500.21351
2031-02-04,4.0385005985906543e+68,4.0501682394812227e+68,4.0299542127204126e+68,4.045817505041513e+68,49140242601.71785
2031-02-05,6.580968086530822e+68,6.633020694842563e+68,6.570561285970562e+68,6.612558247228725e+68,58408812781.65362
2031-02-06,1.0861383590785055e+69,1.0924478347488056e+69,1.0797211863729353e+69,1.0902265435949557e+69,51693155993.201126
2031-02-07,1.7943607768147563e+69,1.809013113816887e+69,1.784438385613385e+69,1.7974796923068835e+69,45046790044.29312
2031-02-08,2.9412323953801258e+69,2.9644883505704877e+69,2.9273264051747392e+69,2.9536346909802038e+69,51876608092.8784
2031-02-09,4.872001525636883e+69,4.8863058121320385e+69,4.838571586961504e+69,4.869720340896862e+69,51858310322.72809
2031-02-10,8.031941918205114e+69,8.035831648248311e+69,7.962871422962008e+69,8.014427464648653e+69,54489895915.04826
2031-02-11,1.2602097011928298e+70,1.2645881416872171e+70,1.2601840465950709e+70,1.2610206557667012e+70,54263532286.96367
2031-02-12,1.253889335665289e+70,1.2632194982246877e+70,1.251377593773021e+70,1.2536615240256335e+70,44405941579.29177
2031-02-13,1.3219459585297224e+70,1.3277835037358947e+70,1.3198753757341509e+70,1.322946562407149e+70,59720751219.6927
2031-02-14,1.4930750268578225e+70,1.4955430857050455e+70,1.4910405089800974e+70,1.4927231907471822e+70,53110359645.28194
2031-02-15,1.82299623056911e+70,1.8288509100275228e+70,1.8118132975628896e+70,1.8203014736548697e+70,46911700170.360405
2031-02-16,2.4418297761191742e+70,2.4441842618725674e+70,2.41575965507991e+70,2.4316667068409535e+70,52822342132.314964
2031-02-17,3.479900365883527e+70,3.50765249203033e+70,3.4526248934053825e+70,3.475942482764281e+70,51404938412.52495
2031-02-18,5.188667389838572e+70,5.223373515464291e+70,5.1659707159221816e+70,5.2011337248765824e+70,52727041773.225105
2031-02-19,8.138941758168164e+70,8.145682370645506e+70,8.109277931536076e+70,8.128687556201103e+70,54886549344.912415
2031-02-20,1.1408122719275486e+71,1.1533467136331752e+71,1.1390463540860612e+71,1.1420027211895592e+71,48178883643.02313
2031-02-21,7.725631319256864e+70,7.74230511783346e+70,7.672222662828738e+70,7.73624347726809e+70,60548204996.1254
2031-02-22,5.560130982364763e+70,5.586133359832668e+70,5.539346547269941e+70,5.566553635576106e+70,48401324687.46435
2031-02-23,4.538877080976243e+70,4.572842571906094e+70,4.512038921630571e+70,4.5247614489208224e+70,48800990718.70387
2031-02-24,4.477436941204765e+70,4.485698761664256e+70,4.463575743612159e+70,4.4773331970801406e+70,55293303454.31099
2031-02-25,5.4550905928194866e+70,5.4592260796514605e+70,5.44296273856265e+70,5.455108589089958e+70,55203791763.93422
2031-02-26,7.7644967637483e+70,7.771238938358841e+70,7.744721213193541e+70,7.763922176211608e+70,58633511024.16764
2031-02-27,1.0658776824859889e+71,1.0751141737228662e+71,1.061377560165961e+71,1.064947975458111e+71,55439943971.219475
2031-02-28,6.436261865962083e+70,6.4778761388365e+70,6.4045371238263e+70,6.469730438392962e+70,50328532240.258896
2031-03-01,3.939811763254382e+70,3.963137315664789e+70,3.932323279814477e+70,3.933019944738629e+70,40946248940.1048
2031-03-02,2.4320703823755846e+70,2.4365938467304768e+70,2.425380766021056e+70,2.43531005426892e+70,47800757092.501854
2031-03-03,1.5303896109761326e+70,1.5345053734362793e+70,1.525176026029774e+70,1.5318100585044278e+70,46442004206.26199
2031-03-04,9.768255981548518e+69,9.872963683659384e+69,9.759019138692464e+69,9.815724292999712e+69,41137919795.76809
2031-03-05,6.425411345053855e+69,6.435967422450208e+69,6.413942366005722e+69,6.431011390559264e+69,47629995830.270515
2031-03-06,4.380158555810758e+69,4.396996396307094e+69,4.34742560302107e+69,4.361698302634453e+69,56249598087.624596
2031-03-07,3.097024956542602e+69,3.1027490847634e+69,3.0700083787300896e+69,3.0924477167841692e+69,44921679429.60508
2031-03-08,2.2669114381565612e+69,2.2764301891200682e+69,2.2608732638400243e+69,2.269537177515247e+69,46662606879.603226
2031-03-09,1.7500244268723032e+69,1.7562150028234064e+69,1.7422838739526366e+69,1.7520775280632545e+69,55194954813.926605
2031-03-10,1.4170733050277537e+69,1.4191038920853862e+69,1.414864766869371e+69,1.417014177942784e+69,57750363626.4785
2031-03-11,1.1977532923533423e+69,1.2045643419500737e+69,1.1944697583672671e+69,1.2001529815744192e+69,47642146523.4147
2031-03-12,1.0460157677922295e+69,1.0497478534199694e+69,1.042614650771541e+69,1.049460809689727e+69,58357893439.911736
2031-03-13,1.0589008976137757e+69,1.069433127357423e+69,1.0537871466024964e+69,1.0620612145307389e+69,55213859704.72765
2031-03-14,1.1544419994156031e+69,1.1579760220465668e+69,1.152120874925046e+69,1.1554060487558955e+69,48219311256.94191
2031-03-15,1.3504643939919067e+69,1.3565204770116026e+69,1.345250358322017e+69,1.348248824835526e+69,58679887378.40639
2031-03-16,1.6686973800500528e+69,1.67784368990528e+69,1.6617580340420654e+69,1.672129003423133e+69,59141889907.20683
2031-03-17,2.2606026352063865e+69,2.2807901397147343e+69,2.246933030846604e+69,2.2691130537443173e+69,51048899068.65569
2031-03-18,3.2532313912027174e+69,3.2746577025579206e+69,3.2218070066490028e+69,3.2520878691282507e+69,49571195670.424126
2031-03-19,4.902210609004364e+69,4.922059370840969e+69,4.849500678023049e+69,4.8691304884214476e+69,38636737833.14108
2031-03-20,7.52774970043592e+69,7.536717108201415e+69,7.511807672578555e+69,7.515699336173292e+69,63885117051.42833
2031-03-21,1.1882261279731259e+70,1.197083916301239e+70,1.1877842069067894e+70,1.188957301940546e+70,53934284555.33619
2031-03-22,1.9109237952040103e+70,1.9140358826442797e+70,1.9108586155030385e+70,1.9111414109874442e+70,48325293824.989586
2031-03-23,3.097250739657649e+70,3.113078442145553e+70,3.0959645004664074e+70,3.102788983005842e+70,51878729066.57817
2031-03-24,5.0507493271764165e+70,5.07152571551539e+70,5.019327718973638e+70,5.0691218053781486e+70,47223902656.08261
2031-03-25,8.284965468039673e+70,8.378864406357959e+70,8.278368808433485e+70,8.31281067365673e+70,56792999806.822945
2031-03-26,1.3647063691755665e+71,1.3674141785566784e+71,1.3641666003815023e+71,1.3663517513412764e+71,50917472741.0208
2031-03-27,2.239213523824604e+71,2.245645980199104e+71,2.237272741178428e+71,2.244974291783198e+71,48037138979.611565
2031-03-28,3.7034769245458443e+71,3.723599543524925e+71,3.655704923542649e+71,3.6826471646155715e+71,54316149344.26123
2031-03-29,6.031974581965896e+71,6.076682149910736e+71,6.022682826917981e+71,6.045160743477484e+71,48869450133.03992
2031-03-30,9.881702436011246e+71,9.930188592156051e+71,9.88094309533246e+71,9.895712713310107e+71,50010362334.75435
2031-03-31,1.6175766844499298e+72,1.6238570954310127e+72,1.6126637730659612e+72,1.61503462132587e+72,46077433293.132126
2031-04-01,2.635468702484316e+72,2.6577442710002327e+72,2.632856491569381e+72,2.643413350862209e+72,48699866368.37108
2031-04-02,4.3240539845781804e+72,4.3784515853255314e+72,4.322979564203867e+72,4.3468948557161975e+72,51264327028.686844
2031-04-03,7.152456966945006e+72,7.160160294594475e+72,7.100525659560859e+72,7.159401508069087e+72,53077964160.34061
2031-04-04,9.441362361439777e+72,9.473439657167126e+72,9.427179068882923e+72,9.428780620347257e+72,49474581085.80751
2031-04-05,6.403334347239946e+72,6.4199666628806435e+72,6.398622051278257e+72,6.41277545750419e+72,54880589825.79999
2031-04-06,4.378848353121436e+72,4.413557046865275e+72,4.321991691632539e+72,4.356163377467008e+72,51334067205.70619
2031-04-07,2.9681428732736808e+72,2.9832367020760783e+72,2.95214217522716e+72,2.959781586483341e+72,49521066498.757484
2031-04-08,2.0116898909756157e+72,2.0286224349165964e+72,2.0037261350733745e+72,2.0130613144684193e+72,51170850607.62026
2031-04-09,1.3715705734657403e+72,1.3788157533740527e+72,1.3655056393754536e+72,1.3690594366945895e+72,60434462626.8317
2031-04-10,9.2873625770798e+71,9.327257033461225e+71,9.270662920396563e+71,9.316168200502992e+71,52866087158.62472
2031-04-11,6.4241606464804075e+71,6.429936853257826e+71,6.399306914360202e+71,6.425720920058744e+71,57001374632.913895
2031-04-12,4.599670572967062e+71,4.60339757654919e+71,4.582871336006691e+71,4.596092557659917e+71,54078538320.4897
2031-04-13,3.524188826756801e+71,3.5432576015200383e+71,3.5142661624850474e+71,3.5365115919739227e+71,45214680519.37916
2031-04-14,3.090625106337191e+71,3.1065643826966644e+71,3.081279291836281e+71,3.099399121588128e+71,51318852021.73976
2031-04-15,3.244414192256358e+71,3.279790095714489e+71,3.2252982111498733e+71,3.241694268409715e+71,60453381346.85857
2031-04-16,4.1227825839371765e+71,4.1320506235170984e+71,4.1095395003073014e+71,4.121068843878535e+71,44694779341.94734
2031-04-17,5.962468785954266e+71,5.993790365125225e+71,5.890793319589106e+71,5.98729662347205e+71,55312563770.621056
2031-04-18,9.348514121410335e+71,9.367014371709953e+71,9.323883683915834e+71,9.34454669597852e+71,52641957129.570435
2031-04-19,1.4995637720987103e+72,1.5082877865839502e+72,1.4945517496859805e+72,1.5059455422527056e+72,45484498194.16395
2031-04-20,2.453836192690995e+72,2.4589252244142403e+72,2.4533959117088727e+72,2.4582233660339334e+72,56211901875.07141
2031-04-21,4.034940081270673e+72,4.0438410903574126e+72,4.022457442994544e+72,4.0379776462542025e+72,56207199598.526054
2031-04-22,6.651443470195489e+72,6.714294221458491e+72,6.6180023164388555e+72,6.642118570002842e+72,54395329734.79927
2031-04-23,1.095482666438517e+73,1.0998722443708254e+73,1.093415713116093e+73,1.0944575763521764e+73,47067860015.819984
2031-04-24,1.8074611798296063e+73,1.8097024443145815e+73,1.799857083952736e+73,1.8040358315163084e+73,48794579780.357254
2031-04-25,2.97683618083486e+73,2.985461291336869e+73,2.967326829073597e+73,2.974201280936668e+73,54518937102.44575
2031-04-26,4.919334870209323e+73,4.925730492625205e+73,4.897034278840828e+73,4.9002446669714403e+73,53693340186.60753
2031-04-27,8.056761380977959e+73,8.120925229395209e+73,8.044556851107839e+73,8.079134440771278e+73,52425808871.556114
2031-04-28,1.3283809790731145e+74,1.3360379880941905e+74,1.3194387987404966e+74,1.3320240801345587e+74,58596304848.09485
2031-04-29,9.540745005331225e+73,9.625400620235372e+73,9.514977276613324e+73,9.573903786590611e+73,57282511928.650276
2031-04-30,5.799135994360241e+73,5.843509840506401e+73,5.780641760130708e+73,5.809159768702982e+73,50993653395.84607
2031-05-01,3.517967214292913e+73,3.529132798843406e+73,3.515396077599267e+73,3.5272289910995565e+73,50095526987.743774
2031-05-02,2.1475768430350263e+73,2.1545226180309688e+73,2.144502897971777e+73,2.1456302224821515e+73,50675153882.680695
2031-05-03,1.3125954472580501e+73,1.3173938334392777e+73,1.3048231415493685e+73,1.311660825002257e+73,57842353222.169846
2031-05-04,8.160695794919092e+72,8.213382023580362e+72,8.084768200704332e+72,8.125238224034505e+72,45174401790.42472
2031-05-05,5.225688264812461e+72,5.2356363209636955e+72,5.204274512697701e+72,5.214070131595535e+72,58428851964.60706
2031-05-06,3.62956361317814e+72,3.631811095968988e+72,3.622316130215745e+72,3.62354979174542e+72,53680212071.54399
2031-05-07,2.9576631390647638e+72,2.9605303279016985e+72,2.951953784272471e+72,2.9579475311850836e+72,43519842679.8523
2031-05-08,3.0563842824643966e+72,3.0722722118288256e+72,3.027577671921559e+72,3.046809011522664e+72,52677747988.98872
2031-05-09,3.887707115977094e+72,3.918035202393869e+72,3.884786393402103e+72,3.9027749217818504e+72,55806635952.03916
2031-05-10,5.744786394624491e+72,5.784704920781549e+72,5.7340540872594695e+72,5.74873027020485e+72,56958194312.25615
2031-05-11,9.002951531484203e+72,9.060223359756188e+72,8.990159821131232e+72,9.027576443197294e+72,53446243442.54562
2031-05-12,1.45193068559377e+73,1.4550923232964138e+73,1.4508473630561068e+73,1.4528669330523717e+73,56309933164.637985
2031-05-13,2.3639717018222397e+73,2.3816309423814974e+73,2.362293657299009e+73,2.3652611775896954e+73,51943075933.62901
2031-05-14,3.8832312020440214e+73,3.896949855390277e+73,3.8546837926409384e+73,3.8904914852085484e+73,48501807373.511795
2031-05-15,6.31728201373168e+73,6.369072862102163e+73,6.292815516861352e+73,6.327937233666225e+73,50161220819.35355
2031-05-16,1.0330235397201552e+74,1.0376593841197561e+74,1.0302605754685364e+74,1.0303434449345768e+74,54820358651.61204
2031-05-17,1.6254473893071191e+74,1.6349202428672094e+74,1.624509331387625e+74,1.6348515860668916e+74,56219926606.145
2031-05-18,2.594633906787322e+74,2.6103980419795877e+74,2.586203368029975e+74,2.593211908364094e+74,53139515853.60537
2031-05-19,4.0983759058158135e+74,4.117794851635149e+74,4.071334600257783e+74,4.079883110023405e+74,46215441182.6069
2031-05-20,6.453501810097508e+74,6.460731981598524e+74,6.43935721664766e+74,6.460018146476633e+74,56480466415.13984
2031-05-21,1.0275808441359618e+75,1.0289773941214347e+75,1.0235170871465146e+75,1.0240515377959507e+75,55904391495.84529
2031-05-22,1.6399960552310638e+75,1.6530923742636685e+75,1.631665536035541e+75,1.6339552768890538e+75,53959401192.147095
2031-05-23,2.6136037665012066e+75,2.628849376710168e+75,2.6021314936739277e+75,2.6193034110888607e+75,48950753890.47466
2031-05-24,4.191511740274321e+75,4.22619722596636e+75,4.171100973877196e+75,4.205109976878527e+75,50655994886.805954
2031-05-25,6.760029208346861e+75,6.79518652842315e+75,6.7398441446192595e+75,6.746978834862294e+75,46817668073.79808
2031-05-26,1.093766739857506e+76,1.0978606614384759e+76,1.0870053952040814e+76,1.0909170389268932e+76,51923421689.20947
2031-05-27,1.7808398596345025e+76,1.7897155159649892e+76,1.7807767131236723e+76,1.7824425955180393e+76,47139683049.30695
2031-05-28,2.9295267528593615e+76,2.932539036688899e+76,2.9107812155928675e+76,2.931752416513941e+76,48627476320.64437
2031-05-29,4.7961579541651426e+76,4.839125875821054e+76,4.7622421981092094e+76,4.8046793989778955e+76,52712020645.242485
2031-05-30,7.848037118823052e+76,7.883519245092412e+76,7.81437648914496e+76,7.847058454486375e+76,44287782604.78542
2031-05-31,1.2849900901400522e+77,1.2874260354799254e+77,1.2791731982037622e+77,1.285766754432037e+77,49623980163.71355
2031-06-01,2.1163833657455344e+77,2.1201473034988135e+77,2.1158292165191544e+77,2.1165285489477696e+77,54733495064.12993
2031-06-02,3.4812816424080103e+77,3.4851753610328876e+77,3.455796288206353e+77,3.4686313794692596e+77,49490351214.0256
2031-06-03,5.70525366635088e+77,5.745023858594803e+77,5.689234499920911e+77,5.718806335548897e+77,63469918287.27881
2031-06-04,9.432640187580514e+77,9.435781150450994e+77,9.410553740733255e+77,9.428716259199805e+77,52998927830.54998
2031-06-05,1.559197463671685e+78,1.5605961254464971e+78,1.5540090194185456e+78,1.5545325051938857e+78,51881709925.26782
2031-06-06,2.572339239610721e+78,2.5851547792174105e+78,2.555673788436742e+78,2.561510777127872e+78,62881398318.27487
2031-06-07,4.217051485075515e+78,4.226870302544804e+78,4.193806654229928e+78,4.2128736684614015e+78,45199811202.09708
2031-06-08,6.960353971784333e+78,6.9688167208153565e+78,6.896439538796e+78,6.94581204928566e+78,53708860460.39193
2031-06-09,1.1466262509157066e+79,1.1514145091632203e+79,1.1428526490947779e+79,1.1441407534478811e+79,51789039342.10228
2031-06-10,1.8822217448057578e+79,1.8880267012129637e+79,1.8790728195467426e+79,1.8863615710272063e+79,56468660590.1799
2031-06-11,3.108820143535413e+79,3.127010977093318e+79,3.1031332411005154e+79,3.110066795765004e+79,49750777312.13562
2031-06-12,5.146424688810168e+79,5.1584409825801954e+79,5.09713610080368e+79,5.1276200514125864e+79,51281127136.476326
2031-06-13,8.441666782475397e+79,8.50701952028367e+79,8.418266276338738e+79,8.430807736835537e+79,50733113121.53277
2031-06-14,1.3768888328104363e+80,1.3867083551591747e+80,1.3760838576147637e+80,1.3816946007140809e+80,51145752211.290825
2031-06-15,2.281765427820785e+80,2.285453825886168e+80,2.2660000755902227e+80,2.2752792976366379e+80,51483142025.665596
2031-06-16,3.740171242305664e+80,3.758312905728101e+80,3.7204714269102385e+80,3.7447969362343613e+80,48236391589.960846
2031-06-17,6.137729683425279e+80,6.219749537270131e+80,6.101509987211689e+80,6.148400034472342e+80,48550305230.66427
2031-06-18,5.363639650193182e+80,5.369050037418736e+80,5.340789004166993e+80,5.357955981081035e+80,46914607456.05198
2031-06-19,3.2610996363675657e+80,3.302442962036128e+80,3.2470915172881e+80,3.257080117396894e+80,52524999593.79285
2031-06-20,1.9933783126086008e+80,2.000863047782414e+80,1.9786265050341465e+80,1.9875527392515067e+80,55326295792.32054
2031-06-21,1.2274365327189533e+80,1.2300110407578833e+80,1.218910489554182e+80,1.225195292356278e+80,49438041006.04959
2031-06-22,7.731707917115733e+79,7.773590961480397e+79,7.703864278059122e+79,7.758122773361939e+79,57301329485.745125
2031-06-23,5.230308842223083e+79,5.251965353389632e+79,5.2290779255531935e+79,5.243818203627255e+79,51078604630.63019
2031-06-24,4.028827181089194e+79,4.035607877223949e+79,4.021400085130276e+79,4.0354185899039686e+79,50387621313.16202
2031-06-25,3.836575966032374e+79,3.8712620772678705e+79,3.827924357539896e+79,3.831294859155211e+79,44648687800.169075
2031-06-26,4.600478721995558e+79,4.626906749329963e+79,4.591506837615289e+79,4.6250236714678356e+79,50385148720.91363
2031-06-27,6.572105475954973e+79,6.623228028280845e+79,6.565595781948942e+79,6.6046934384243e+79,52990247444.48979
2031-06-28,1.0729488496119041e+80,1.0794653602376666e+80,1.0720863081314766e+80,1.0721012159863108e+80,42573535700.26298
2031-06-29,1.764386808358304e+80,1.7734043814640164e+80,1.7599346754557717e+80,1.7675960791401028e+80,45723883095.72801
2031-06-30,1.3907451307123633e+80,1.3948895689217045e+80,1.3853859464061578e+80,1.3911234479415518e+80,50852814754.40858
2031-07-01,1.0958368312964204e+80,1.0959578965220918e+80,1.091335112379335e+80,1.0921752661605831e+80,50814420357.53743
2031-07-02,1.0740045273139902e+80,1.083413237032599e+80,1.0697459337804728e+80,1.0730029703341787e+80,57934122320.10767
2031-07-03,1.3267959874779088e+80,1.3294215290238393e+80,1.315058169718374e+80,1.3266860348206447e+80,49720086787.385956
2031-07-04,1.9191615841975706e+80,1.9247064359913248e+80,1.9173614886981756e+80,1.919091931303626e+80,48100410911.76182
2031-07-05,2.995470120390638e+80,3.0033144570385834e+80,2.978451441845066e+80,3.0012118149517434e+80,47779452663.56625
2031-07-06,4.836849260641004e+80,4.849880051677196e+80,4.814103286522331e+80,4.849426644247529e+80,54178609427.51621
2031-07-07,7.931938776809631e+80,7.961900707729114e+80,7.928597631507209e+80,7.936177785755843e+80,48395359233.279495
2031-07-08,1.3040374169835784e+81,1.3071026470875514e+81,1.300202660413593e+81,1.304770741446535e+81,59182598031.65606
2031-07-09,2.1343676184035345e+81,2.13786143711884e+81,2.1265342852876875e+81,2.135187760941552e+81,55393408707.206955
2031-07-10,3.5184268326287424e+81,3.535091859104507e+81,3.5107300584337144e+81,3.513837338480281e+81,51847195723.54536
2031-07-11,5.805327172203023e+81,5.823006112413913e+81,5.764773371106145e+81,5.7933383617327645e+81,59084753012.83973
2031-07-12,9.531819098814587e+81,9.55676408145295e+81,9.517025190069936e+81,9.54605061085968e+81,47817362980.08703
2031-07-13,1.5772718794950908e+82,1.584341178646694e+82,1.5700424085604818e+82,1.5721525616538194e+82,53724091734.79965
2031-07-14,2.5867022424149486e+82,2.5933514250710165e+82,2.5796735250178666e+82,2.591912230302649e+82,59699120578.60031
2031-07-15,4.278138568919337e+82,4.2985977541803e+82,4.263797307465403e+82,4.2733408258877864e+82,56604724531.800545
2031-07-16,7.006726716987513e+82,7.06445591623247e+82,6.941686799577675e+82,7.04554245940398e+82,54531376720.23889
2031-07-17,1.1577105883719298e+83,1.1629363100445423e+83,1.1564815241557645e+83,1.1599301736394711e+83,51922331875.310814
2031-07-18,1.9054711876823434e+83,1.9227401918886806e+83,1.8991725785305174e+83,1.9007448560955913e+83,38730144825.05414
2031-07-19,3.111371123328486e+83,3.1312601507262256e+83,3.090465250490211e+83,3.1088686905975903e+83,54345324589.569405
2031-07-20,5.068434971994305e+83,5.104587909443292e+83,5.059170770900863e+83,5.065006132147685e+83,51970428402.95573
2031-07-21,8.257278917546783e+83,8.318192413413211e+83,8.218228796383134e+83,8.255855043248598e+83,47137914323.46641
2031-07-22,1.3448945095172672e+84,1.3474605539757655e+84,1.3420586059714012e+84,1.3450720462953622e+84,50963609648.84393
2031-07-23,2.2056633225756684e+84,2.2238944366439085e+84,2.196851470486014e+84,2.2036420968725702e+84,38554399600.070595
2031-07-24,3.6024413700793343e+84,3.6321790619180387e+84,3.583020158342921e+84,3.593437864555121e+84,50509718243.212776
2031-07-25,5.847567533824757e+84,5.909883364613607e+84,5.824727212257907e+84,5.852152669044138e+84,50392855634.80222
2031-07-26,9.509937865169151e+84,9.52457180561778e+84,9.498254340412705e+84,9.51703288362059e+84,51349463696.70738
2031-07-27,1.546383159147357e+85,1.5550378919567427e+85,1.542331518594898e+85,1.5500643068221543e+85,52065994455.46417
2031-07-28,2.5156105772260028e+85,2.517023688742911e+85,2.5094421984711393e+85,2.5144980777101797e+85,48095110739.82147
2031-07-29,3.518424896781768e+85,3.5221857915372454e+85,3.51271477200487e+85,3.51859255537342e+85,57464034838.297676
2031-07-30,4.183762155955625e+85,4.2061692036584975e+85,4.169748443729335e+85,4.185621333285959e+85,55192077217.219025
2031-07-31,5.0563886923693695e+85,5.0638298840695926e+85,5.049707582175323e+85,5.05599683090154e+85,48695605659.87349
2031-08-01,6.153565182517481e+85,6.1620626877157425e+85,6.123875142974908e+85,6.141500711147534e+85,57840812288.703285
2031-08-02,7.448697553447225e+85,7.46524852936376e+85,7.422621926195624e+85,7.446251737251844e+85,47914397696.642715
2031-08-03,8.973630352792438e+85,9.06806196573162e+85,8.911080703920132e+85,8.98718525353415e+85,51797205210.70663
2031-08-04,1.0951785596799236e+86,1.0991404194668719e+86,1.0941692570986655e+86,1.0955340105346611e+86,54777692299.43603
2031-08-05,1.3522418035366533e+86,1.354326054762618e+86,1.3492912558150177e+86,1.350108057365795e+86,51438780451.26034
2031-08-06,1.6803061993596418e+86,1.6916966071822704e+86,1.6800925687365538e+86,1.6840391619071904e+86,46624396414.16191
2031-08-07,2.110463882138063e+86,2.1192550522839487e+86,2.106937618952357e+86,2.1119079583061597e+86,57699577589.61404
2031-08-08,2.6275162363879797e+86,2.635951123411376e+86,2.622493791024012e+86,2.627927529510755e+86,53146347200.31312
2031-08-09,3.2652773356719024e+86,3.285256336568402e+86,3.2495009588583156e+86,3.260838379301139e+86,48229420148.58124
2031-08-10,4.074791848555495e+86,4.080639197052115e+86,4.025611516411731e+86,4.068058553830356e+86,49494633111.14496
2031-08-11,3.869034374213051e+86,3.877947338767037e+86,3.8429642607440454e+86,3.8675994416557716e+86,46307178417.01833
2031-08-12,3.1622821205497094e+86,3.1776386918909525e+86,3.1414038896969083e+86,3.1766777727048275e+86,50939713316.31074
2031-08-13,2.796814098211036e+86,2.8129314761116306e+86,2.77972579105109e+86,2.79635700608415e+86,46216593518.05397
2031-08-14,2.71007739746492e+86,2.720120679540503e+86,2.696822977593636e+86,2.7095307273918147e+86,41045868247.07544
2031-08-15,3.042653895360882e+86,3.062939584277307e+86,3.0308680652122237e+86,3.042000316881961e+86,51787579145.919975
2031-08-16,3.9492079788754773e+86,3.9624602737892546e+86,3.938856624015183e+86,3.960810578287144e+86,47898789534.15962
2031-08-17,4.0759195088947113e+86,4.0899963059983904e+86,4.072747664171353e+86,4.0771253133733937e+86,50009997257.708115
2031-08-18,2.564469517878641e+86,2.569456643192071e+86,2.561263208804412e+86,2.5618044567947425e+86,52363770330.55123
2031-08-19,1.611564080187186e+86,1.622128068613536e+86,1.6006523690100512e+86,1.6125641607387744e+86,53344536294.49979
2031-08-20,1.022923182323089e+86,1.0242539030652385e+86,1.020650848244416e+86,1.0223253350801897e+86,61615039201.743484
2031-08-21,6.471737937029041e+85,6.503747978322249e+85,6.463528593643725e+85,6.473038992639256e+85,48787912548.964066
2031-08-22,4.172502501450374e+85,4.1735316953616764e+85,4.165593414011725e+85,4.1696241942971444e+85,51623222065.624344
2031-08-23,2.732647004322014e+85,2.760786723265966e+85,2.7250460352885295e+85,2.7389533334535238e+85,54850402569.24074
2031-08-24,1.856141466242774e+85,1.8637496998570046e+85,1.832918519100877e+85,1.8425505915429558e+85,53791863217.42718
2031-08-25,1.2865338610983783e+85,1.28929849391189e+85,1.274875034311897e+85,1.2819869112142308e+85,55478064179.48956
2031-08-26,8.918711033747539e+84,8.980421957894299e+84,8.905385697581714e+84,8.939229918542553e+84,55136674543.35443
2031-08-27,6.271415913900939e+84,6.282390277088254e+84,6.2707641764005436e+84,6.280602689986339e+84,51735768570.141624
2031-08-28,4.317977849042819e+84,4.3541911749703395e+84,4.299603688909685e+84,4.314257530055127e+84,57004180386.12747
2031-08-29,3.717344100522472e+84,3.727549340095495e+84,3.7070600711876218e+84,3.7151143168570564e+84,51829189645.72936
2031-08-30,4.246637189602645e+84,4.25141087751641e+84,4.202038988622694e+84,4.240134307321693e+84,58218744935.29898
2031-08-31,5.671251507974913e+84,5.680136393153703e+84,5.617198235470539e+84,5.642456277471386e+84,55380043271.155716
2031-09-01,8.256997263095894e+84,8.284432849212206e+84,8.22752611613882e+84,8.277635003161586e+84,48548606790.46918
2031-09-02,1.2887199941587852e+85,1.2929095250196983e+85,1.2813295505987725e+85,1.2890934763793614e+85,57718137132.59106
2031-09-03,2.056129555468014e+85,2.067473039189298e+85,2.0514643930470164e+85,2.061780324591967e+85,53293520466.14769
2031-09-04,3.365556564963805e+85,3.3718177994780734e+85,3.352057102808541e+85,3.3595841094462455e+85,50858094118.19926
2031-09-05,5.522316619803158e+85,5.5372832184178734e+85,5.48236353981515e+85,5.515097495266621e+85,55086433809.52728
2031-09-06,9.071325575838582e+85,9.148979031716651e+85,9.043100562679298e+85,9.077825167184656e+85,57474916430.49292
2031-09-07,1.4942818572837135e+86,1.495780242986946e+86,1.4923731620724288e+86,1.4957593531359267e+86,50218773288.64546
2031-09-08,2.458487044910629e+86,2.4688346465833154e+86,2.4487525350703714e+86,2.4654974014619962e+86,52779558281.46468
2031-09-09,3.7339120276585903e+86,3.7400069240372174e+86,3.724351142374771e+86,3.7287852396784276e+86,49177051042.201195
2031-09-10,2.2598324753223373e+86,2.2638186630025846e+86,2.2482832772718852e+86,2.2617170486506325e+86,46174670483.27755
2031-09-11,1.3743596826491136e+86,1.3775323349010574e+86,1.3682124678179838e+86,1.3720390889008306e+86,51372805764.334946
2031-09-12,8.367041842198117e+85,8.367533046407259e+85,8.363490881129823e+85,8.367136111206943e+85,48946685847.29987
2031-09-13,5.0878327050548984e+85,5.1434699995437526e+85,5.061758511112575e+85,5.099533734978683e+85,53964450464.35886
2031-09-14,3.107769042674528e+85,3.1224984177617496e+85,3.1019270413302193e+85,3.1110083977039544e+85,49501137025.83672
2031-09-15,1.9037174981952143e+85,1.9099765398587537e+85,1.903679027286486e+85,1.9096087164875687e+85,50248801358.07853
2031-09-16,1.186045663393944e+85,1.1906138277564752e+85,1.1859471978343992e+85,1.1873337277501584e+85,50133858947.49202
2031-09-17,7.687088098148125e+84,7.712998382704528e+84,7.642374222299582e+84,7.680237975881601e+84,51850429055.157524
2031-09-18,5.444412383402656e+84,5.47263756812569e+84,5.42643306155896e+84,5.448166051320228e+84,56697590768.07715
2031-09-19,4.643466419776873e+84,4.6508987910046775e+84,4.604077411482155e+84,4.627073486776486e+84,47575424134.31037
2031-09-20,4.952914634079072e+84,4.982424929931247e+84,4.946277325359128e+84,4.962305801844973e+84,48366713186.63767
2031-09-21,6.557931360663047e+84,6.6061034969260115e+84,6.550667677437622e+84,6.5540392827489e+84,54704599910.11524
2031-09-22,9.789934174849258e+84,9.847573156870242e+84,9.783632043841451e+84,9.811078544785448e+84,50873081725.9913
2031-09-23,1.5549924661275928e+85,1.559488892915376e+85,1.5487703980573181e+85,1.5547608771449674e+85,52955420133.94583
2031-09-24,2.520544469964297e+85,2.52414434509263e+85,2.5108462346349542e+85,2.5229818774087404e+85,44838889154.5826
2031-09-25,4.137815487728366e+85,4.147362238366299e+85,4.133063640285543e+85,4.1340371779970154e+85,56106437823.42366
2031-09-26,6.816856859859945e+85,6.82387140427963e+85,6.776747237519128e+85,6.80149955172112e+85,59404811618.48325
2031-09-27,1.1217442960763206e+86,1.1275946572745894e+86,1.120331323328059e+86,1.1205483159400284e+86,46301390249.09931
2031-09-28,1.8490832149867215e+86,1.8520494088506024e+86,1.8412754211052625e+86,1.846981788600761e+86,45428728130.15695
2031-09-29,3.047315206766828e+86,3.0636931330398336e+86,3.035945890214202e+86,3.0451566045919164e+86,56191585999.32096
2031-09-30,5.013136670122083e+86,5.031442990382854e+86,5.006198572067576e+86,5.020614466603672e+86,53545612452.68772
2031-10-01,8.280556940304381e+86,8.296657610790804e+86,8.197383210075159e+86,8.277593863074253e+86,48531265629.4833
2031-10-02,1.3639992825639306e+87,1.3749774970863946e+87,1.3636225226883148e+87,1.364744499716682e+87,45322620611.88023
2031-10-03,2.2532589391863287e+87,2.2575747679968395e+87,2.24759574470105e+87,2.250083285753899e+87,50202120548.82293
2031-10-04,3.707392332921985e+87,3.7235278950653482e+87,3.7072006544319475e+87,3.7097601740692878e+87,47570331718.52266
2031-10-05,4.095670146267929e+87,4.111762998945143e+87,4.0799538737428075e+87,4.106137641457766e+87,53323894914.80193
2031-10-06,2.4837341487230197e+87,2.5062245290820967e+87,2.4739814167345594e+87,2.4915503088856944e+87,43328486716.68677
2031-10-07,1.5098658951103218e+87,1.5212351666445897e+87,1.5073734228434958e+87,1.512936002377208e+87,50810741332.04938
2031-10-08,9.204666329139288e+86,9.220509118899957e+86,9.191036429340938e+86,9.204972478698558e+86,55590070636.52812
2031-10-09,5.654319840786944e+86,5.659932904131431e+86,5.610272797277109e+86,5.650460133769124e+86,53013534242.35457
2031-10-10,3.5315421229671016e+86,3.538900676288186e+86,3.5186419042039113e+86,3.5298746986637603e+86,54517764453.7699
2031-10-11,2.2885786912729253e+86,2.2938448884909007e+86,2.2774058089689834e+86,2.2852186672749642e+86,48978511300.20289
2031-10-12,1.6047150521455866e+86,1.6163598722324552e+86,1.6025444934860524e+86,1.6027284029921576e+86,45904643522.33618
2031-10-13,1.3184303242343727e+86,1.3260119400013917e+86,1.3154867405723284e+86,1.3234565749774944e+86,51364640569.562225
2031-10-14,1.3688564543063412e+86,1.3799010340770361e+86,1.3620757304058026e+86,1.37543280615645e+86,52399029240.86887
2031-10-15,1.7747201004770942e+86,1.7822130101499697e+86,1.767031476999315e+86,1.7784459771632603e+86,54753343535.510086
2031-10-16,2.9338697291447996e+86,2.936958624210239e+86,2.931006882166321e+86,2.9321617113401416e+86,56518889158.39708
2031-10-17,4.822639402518402e+86,4.84404006186192e+86,4.797622484445273e+86,4.834317382618981e+86,49601892064.28518
2031-10-18,7.945778950408146e+86,7.963980738596909e+86,7.931242892820551e+86,7.959035158961498e+86,53812761052.16147
2031-10-19,1.3179651182314529e+87,1.323067609767925e+87,1.3039696502763805e+87,1.3121088018891903e+87,48101304334.8338
2031-10-20,2.1718633770249535e+87,2.178061215707719e+87,2.1628265868147957e+87,2.1632694773546354e+87,53782144393.026695
2031-10-21,3.564655872193534e+87,3.5778220858717717e+87,3.5517956681254387e+87,3.566209829508439e+87,56562826705.57004
2031-10-22,5.880862694379791e+87,5.914771098863926e+87,5.868970178611682e+87,5.879686001690441e+87,48217275489.78064
2031-10-23,9.677310938819808e+87,9.693866854336233e+87,9.642409601615556e+87,9.693113156828704e+87,52610533271.089226
2031-10-24,1.5931697477194137e+88,1.6004472831456312e+88,1.5838763919789372e+88,1.598124184096675e+88,52968412033.001526
2031-10-25,2.637301093421467e+88,2.645936852601558e+88,2.625640112769417e+88,2.6348613355404764e+88,55913729199.41103
2031-10-26,4.327227099018781e+88,4.381016356242766e+88,4.324965051604175e+88,4.3362341317123995e+88,51306970986.32897
2031-10-27,7.118954344268513e+88,7.154903418080364e+88,7.112390951707361e+88,7.113247305405674e+88,49804656920.01044
2031-10-28,1.1693193557678149e+89,1.1733198921894632e+89,1.164106650713915e+89,1.1671695887049047e+89,56902295138.97533
2031-10-29,1.920909288617905e+89,1.9251627750857255e+89,1.9104399683042603e+89,1.919860573262362e+89,55445348580.76836
2031-10-30,3.1619256587764846e+89,3.16444728030939e+89,3.150621999573438e+89,3.155975672743458e+89,52883423583.067245
2031-10-31,5.196039901686873e+89,5.210540802520513e+89,5.161590564744782e+89,5.189448867697534e+89,53939833969.60456
2031-11-01,8.548049035293092e+89,8.600229310164157e+89,8.497543626934035e+89,8.55595473138362e+89,50151296618.941086
2031-11-02,1.4086236255052122e+90,1.41208926179774e+90,1.4083006981854773e+90,1.4106384556779575e+90,55474073259.80416
2031-11-03,2.3297593691822963e+90,2.337269751501554e+90,2.313423398197795e+90,2.325749627143829e+90,58401672919.954285
2031-11-04,3.8245174818081908e+90,3.8435630767854393e+90,3.8241255173090542e+90,3.834124538798108e+90,50054497268.0773
2031-11-05,6.312873220192027e+90,6.348806687204906e+90,6.281457708116755e+90,6.301756072948762e+90,52794546905.84651
2031-11-06,1.0373660128781126e+91,1.040415375837123e+91,1.0346268792544848e+91,1.0362627794684134e+91,53258700138.85588
2031-11-07,1.707836259766985e+91,1.7183596437716906e+91,1.7049439103817914e+91,1.7067721287741733e+91,58154972392.72247
2031-11-08,2.8092034684115156e+91,2.817002190959746e+91,2.7970209244599614e+91,2.8095982694335164e+91,50448836292.555855
2031-11-09,4.621548416143619e+91,4.6284425053569466e+91,4.6117121299148995e+91,4.6277028298232365e+91,46071178402.552124
2031-11-10,7.640070882942494e+91,7.646109553414333e+91,7.615587453336423e+91,7.629792090008745e+91,50047302532.095695
2031-11-11,1.2554270095773584e+92,1.2642266357091952e+92,1.2478388241132744e+92,1.2579400509817004e+92,43715569497.5716
2031-11-12,2.074156604864137e+92,2.0794913000704522e+92,2.0685419321002394e+92,2.073992519319133e+92,48262810764.705284
2031-11-13,2.7801100150889816e+92,2.79271532423289e+92,2.7722286689812555e+92,2.784748162237563e+92,57199200558.240295
2031-11-14,3.640169567041763e+92,3.6547642087351973e+92,3.62608801131253e+92,3.6473262707684044e+92,55752977392.93617
2031-11-15,4.857680738321351e+92,4.8703110540881326e+92,4.827269538392149e+92,4.8418111212351236e+92,41486809177.00629
2031-11-16,6.512588846727948e+92,6.553434763814859e+92,6.484088630281873e+92,6.533414200944575e+92,60154502338.99495
2031-11-17,8.962627052804587e+92,9.014068879810329e+92,8.956904376362064e+92,8.971322621233095e+92,47623959602.67604
